TITLE,DESCRIPTION,PRICE,CURRENCY_CODE,QUANTITY,TAGS,MATERIALS,IMAGE1,IMAGE2,IMAGE3,IMAGE4,IMAGE5,IMAGE6,IMAGE7,IMAGE8,IMAGE9,IMAGE10,"VARIATION 1 TYPE","VARIATION 1 NAME","VARIATION 1 VALUES","VARIATION 2 TYPE","VARIATION 2 NAME","VARIATION 2 VALUES",SKU
"Sardine Lemon Embroidered Tank Top, Coastal Fish Cami, Mediterranean Summer Shirt","Bring Mediterranean coastal charm to your wardrobe with this sardine and lemon embroidered tank top. Featuring a playful stack of blue fish with a bright citrus accent, this white ribbed cami is perfect for seaside vacations, seafood dinners, and sunny summer outfits. 🐟🍋
About Our  Tank top
Each Tank top is made to order and personalized with care. Please check the sizing chart and color options before placing your order.
Product Details
- Premium soft micro rib fabric
- Personalized embroidery or print option
- Not Vinyl
- Flattering fitted crop style
- Soft cotton/ Polyester Blend
- Pre- Shrunk Fabric
- Tear- away label
- Lightweight semi-sheer feel
- Perfect for layering or bridal Styling
 How to personalize
Please enter the following information in the personalization box
1. Font Selection number
2. Exact words to be embroidered
3. Thread color
4. Optional symbol request, if applicable
Please double- check all spelling, punctuation, names, and dates before submitting your order. We will embroider the text exactly as provided

Perfect gift for 
- Bride- to- be
- Future Mrs
- Bridal shower Gifts
- Engagement Gifts
- Bachelorette Party outfit
- Honeymoon Outfit
- Wedding morning outfit
- Bridal Getting- ready Photos
 
Processing time
 Our standard processing time is 3-5 days
Processing time begins after we receive all personalization details. Orders with missing information may be delayed until the required details are provided
During busy wedding season or holidays, processing times may vary slightly, but we always do our best to complete and ship orders as quickly as possible

Shipping times
Standard shipping usually takes approximately 5-9 business days after the order has been processed and shipped.
Please note that shipping times are estimated  and may vary depending on the carrier, destination, weather, holidays, or other delays outside of our control
Once your order has been shipped , tracking information will be provided when available

Rush Shipping Option
Need your order sooner? 
We offer a Rush shipping option, which usually arrives in approximately 3-5 business days after processing.
Please select the rush option shipping  at checkout or message us before ordering if you have a specific deadline
Rush Shipping Speeds up the delivery method, but please remember that each handkerchief is still custom embroidered and requires production time

Important Notes
- Colors may appear slightly different depending on your screen or monitor settings
- Placement and sizing of embroidery may vary slightly depending on the wording and font selected
- Personalized item are handmade, so slight variations may occur.

Return & Exchange Policy
Because this is personalized custom item, we do not accept  returns, exchanges or cancellation once production has started 
However customer satisfaction is very important to us. If there is an issue with your order, please contact us as soon as possible so we can help
We are not responsible for errors submitted in the personalization box, including spelling mistakes, incorrect dates, missing words, or wrong names. 
Please review your personalization carefully before placing order 
If we make an error on your order, please message us with photos of the item and packaging, and we will be happy to assist.

Lost, Delayed Or Return Packages
Once an order has been shipped, delivery is handled by the shipping carrier
We are not responsible for carrier delays, lost packages, incorrect address, or packages marked as delivered by the carrier
Please make sure your shipping address is correct before placing your order
If a package is returned to us due to an incorrect or incomplete address, the buyer is  responsible for any addition shipping cost to resend the item

Care Instructions
Machine Wash gently with cold water
Lay flat or tumbler dry low
Iron if needed
Do not bleach

Thank you so much for supporting our handmade shop. We are honored to create a meaningful keepsake for your special day.",26.64,USD,98,"sardine_tank_top,lemon_fish_shirt,embroidered_cami,coastal_summer_top,mediterranean_top,seafood_lover_gift,beach_vacation_top,fish_lover_clothing,nautical_tank_top,cute_sardine_shirt,ocean_inspired_top,summer_ribbed_cami,coastal_foodie_gift","Cotton,Polyester",https://i.etsystatic.com/66439541/r/il/511e7f/8203255298/il_fullxfull.8203255298_859f.jpg,https://i.etsystatic.com/66439541/r/il/4ae3c4/8203255518/il_fullxfull.8203255518_c8sq.jpg,https://i.etsystatic.com/66439541/r/il/3a667f/8203255546/il_fullxfull.8203255546_8in6.jpg,https://i.etsystatic.com/66439541/r/il/3c17e6/8198189973/il_fullxfull.8198189973_5fup.jpg,https://i.etsystatic.com/66439541/r/il/3fbefa/8130478566/il_fullxfull.8130478566_amwj.jpg,https://i.etsystatic.com/66439541/r/il/28abb2/8198189967/il_fullxfull.8198189967_rn9e.jpg,https://i.etsystatic.com/66439541/r/il/2aa2a3/8150339970/il_fullxfull.8150339970_7bcg.jpg,https://i.etsystatic.com/66439541/r/il/398d71/8150339866/il_fullxfull.8150339866_fj16.jpg,https://i.etsystatic.com/66439541/r/il/45b881/8198254531/il_fullxfull.8198254531_1qw9.jpg,https://i.etsystatic.com/66439541/r/il/acd6fe/8150274582/il_fullxfull.8150274582_ld3y.jpg,"Custom Property",Size,"XS,S,M,L,XL","Custom Property","YOUR CHOICE","SPAGHETTI STRAP TANK,RIB- RACER TANK,CROPTOP",TUL-010
"Embroidered Tomato Spaghetti Strap Tank Top, Summer Farmers Market Cami","Welcome to my little shop
About Our  Tank top
Each Tank top is made to order and personalized with care. Please check the sizing chart and color options before placing your order.
Product Details
- Premium soft micro rib fabric
- Personalized embroidery or print option
- Not Vinyl
- Flattering fitted crop style
- Soft cotton/ Polyester Blend
- Pre- Shrunk Fabric
- Tear- away label
- Lightweight semi-sheer feel
- Perfect for layering or bridal Styling
 How to personalize
Please enter the following information in the personalization box
1. Font Selection number
2. Exact words to be embroidered
3. Thread color
4. Optional symbol request, if applicable
Please double- check all spelling, punctuation, names, and dates before submitting your order. We will embroider the text exactly as provided

Perfect gift for 
- Bride- to- be
- Future Mrs
- Bridal shower Gifts
- Engagement Gifts
- Bachelorette Party outfit
- Honeymoon Outfit
- Wedding morning outfit
- Bridal Getting- ready Photos
 
Processing time
 Our standard processing time is 3-5 days
Processing time begins after we receive all personalization details. Orders with missing information may be delayed until the required details are provided
During busy wedding season or holidays, processing times may vary slightly, but we always do our best to complete and ship orders as quickly as possible

Shipping times
Standard shipping usually takes approximately 5-9 business days after the order has been processed and shipped.
Please note that shipping times are estimated  and may vary depending on the carrier, destination, weather, holidays, or other delays outside of our control
Once your order has been shipped , tracking information will be provided when available

Rush Shipping Option
Need your order sooner? 
We offer a Rush shipping option, which usually arrives in approximately 3-5 business days after processing.
Please select the rush option shipping  at checkout or message us before ordering if you have a specific deadline
Rush Shipping Speeds up the delivery method, but please remember that each handkerchief is still custom embroidered and requires production time

Important Notes
- Colors may appear slightly different depending on your screen or monitor settings
- Placement and sizing of embroidery may vary slightly depending on the wording and font selected
- Personalized item are handmade, so slight variations may occur.

Return & Exchange Policy
Because this is personalized custom item, we do not accept  returns, exchanges or cancellation once production has started 
However customer satisfaction is very important to us. If there is an issue with your order, please contact us as soon as possible so we can help
We are not responsible for errors submitted in the personalization box, including spelling mistakes, incorrect dates, missing words, or wrong names. 
Please review your personalization carefully before placing order 
If we make an error on your order, please message us with photos of the item and packaging, and we will be happy to assist.

Lost, Delayed Or Return Packages
Once an order has been shipped, delivery is handled by the shipping carrier
We are not responsible for carrier delays, lost packages, incorrect address, or packages marked as delivered by the carrier
Please make sure your shipping address is correct before placing your order
If a package is returned to us due to an incorrect or incomplete address, the buyer is  responsible for any addition shipping cost to resend the item

Care Instructions
Machine Wash gently with cold water
Lay flat or tumbler dry low
Iron if needed
Do not bleach

Thank you so much for supporting our handmade shop. We are honored to create a meaningful keepsake for your special day.",26.64,USD,97,"tomato_tank_top,embroidered_cami,tomato_embroidery,trendy_summer_top,garden_lover_gift,summer_cami,cottage_core_girl,bug_summer,nature_lover,plan_lady_top,gift_for_mom,gift_for_her,gift_for_teacher","Cotton,Polyester",https://i.etsystatic.com/66439541/r/il/2114a8/8239233185/il_fullxfull.8239233185_sy3y.jpg,https://i.etsystatic.com/66439541/r/il/d70351/8191307546/il_fullxfull.8191307546_ajer.jpg,https://i.etsystatic.com/66439541/r/il/3fbefa/8130478566/il_fullxfull.8130478566_amwj.jpg,https://i.etsystatic.com/66439541/r/il/2aa2a3/8150339970/il_fullxfull.8150339970_7bcg.jpg,https://i.etsystatic.com/66439541/r/il/398d71/8150339866/il_fullxfull.8150339866_fj16.jpg,https://i.etsystatic.com/66439541/r/il/45b881/8198254531/il_fullxfull.8198254531_1qw9.jpg,https://i.etsystatic.com/66439541/r/il/28abb2/8198189967/il_fullxfull.8198189967_rn9e.jpg,https://i.etsystatic.com/66439541/r/il/3c17e6/8198189973/il_fullxfull.8198189973_5fup.jpg,https://i.etsystatic.com/66439541/r/il/acd6fe/8150274582/il_fullxfull.8150274582_ld3y.jpg,https://i.etsystatic.com/66439541/r/il/03134d/8130478676/il_fullxfull.8130478676_lee2.jpg,"Custom Property",Size,"XS,S,M,L,XL","Custom Property","YOUR CHOICE","SPAGHETTI STRAP TANK,RIB- RACER TANK,CROPTOP",TUL-005
"Embroidered Insect Tank Top, Cottagecore Bug Cami, Nature Inspired Women's Shirt","Bring playful garden charm to your warm-weather wardrobe with this ladybug and beetle embroidered tank top. Featuring a colorful row of insects with tiny flowers and botanical accents, this white ribbed summer cami is perfect for cottagecore outfits, nature lovers, and outdoor adventures. 🐞🌿
About Our  Tank top
Each Tank top is made to order and personalized with care. Please check the sizing chart and color options before placing your order.
Product Details
- Premium soft micro rib fabric
- Personalized embroidery or print option
- Not Vinyl
- Flattering fitted crop style
- Soft cotton/ Polyester Blend
- Pre- Shrunk Fabric
- Tear- away label
- Lightweight semi-sheer feel
- Perfect for layering or bridal Styling
 How to personalize
Please enter the following information in the personalization box
1. Font Selection number
2. Exact words to be embroidered
3. Thread color
4. Optional symbol request, if applicable
Please double- check all spelling, punctuation, names, and dates before submitting your order. We will embroider the text exactly as provided

Perfect gift for 
- Bride- to- be
- Future Mrs
- Bridal shower Gifts
- Engagement Gifts
- Bachelorette Party outfit
- Honeymoon Outfit
- Wedding morning outfit
- Bridal Getting- ready Photos
 
Processing time
 Our standard processing time is 3-5 days
Processing time begins after we receive all personalization details. Orders with missing information may be delayed until the required details are provided
During busy wedding season or holidays, processing times may vary slightly, but we always do our best to complete and ship orders as quickly as possible

Shipping times
Standard shipping usually takes approximately 5-9 business days after the order has been processed and shipped.
Please note that shipping times are estimated  and may vary depending on the carrier, destination, weather, holidays, or other delays outside of our control
Once your order has been shipped , tracking information will be provided when available

Rush Shipping Option
Need your order sooner? 
We offer a Rush shipping option, which usually arrives in approximately 3-5 business days after processing.
Please select the rush option shipping  at checkout or message us before ordering if you have a specific deadline
Rush Shipping Speeds up the delivery method, but please remember that each handkerchief is still custom embroidered and requires production time

Important Notes
- Colors may appear slightly different depending on your screen or monitor settings
- Placement and sizing of embroidery may vary slightly depending on the wording and font selected
- Personalized item are handmade, so slight variations may occur.

Return & Exchange Policy
Because this is personalized custom item, we do not accept  returns, exchanges or cancellation once production has started 
However customer satisfaction is very important to us. If there is an issue with your order, please contact us as soon as possible so we can help
We are not responsible for errors submitted in the personalization box, including spelling mistakes, incorrect dates, missing words, or wrong names. 
Please review your personalization carefully before placing order 
If we make an error on your order, please message us with photos of the item and packaging, and we will be happy to assist.

Lost, Delayed Or Return Packages
Once an order has been shipped, delivery is handled by the shipping carrier
We are not responsible for carrier delays, lost packages, incorrect address, or packages marked as delivered by the carrier
Please make sure your shipping address is correct before placing your order
If a package is returned to us due to an incorrect or incomplete address, the buyer is  responsible for any addition shipping cost to resend the item

Care Instructions
Machine Wash gently with cold water
Lay flat or tumbler dry low
Iron if needed
Do not bleach

Thank you so much for supporting our handmade shop. We are honored to create a meaningful keepsake for your special day.",26.64,USD,78,"ladybug_tank_top,beetle_insect_cami,embroidered_bug_top,cottagecore_tank,garden_lover_gift,nature_inspired_top,summer_insect_shirt,cute_beetle_shirt,bug_lover_clothing,botanical_tank_top,preppy_summer_cami,insect_lover_gift,colorful_bug_cami","Cotton,Polyester",https://i.etsystatic.com/66439541/r/il/540df4/8251222407/il_fullxfull.8251222407_idzq.jpg,https://i.etsystatic.com/66439541/r/il/c38a82/8251222387/il_fullxfull.8251222387_hc5q.jpg,https://i.etsystatic.com/66439541/r/il/fff57d/8251222371/il_fullxfull.8251222371_pxmo.jpg,https://i.etsystatic.com/66439541/r/il/615b3b/8203301490/il_fullxfull.8203301490_eqe4.jpg,https://i.etsystatic.com/66439541/r/il/a11d6e/8251222321/il_fullxfull.8251222321_lh36.jpg,https://i.etsystatic.com/66439541/r/il/10bb83/8251222431/il_fullxfull.8251222431_gelj.jpg,https://i.etsystatic.com/66439541/r/il/3c17e6/8198189973/il_fullxfull.8198189973_5fup.jpg,https://i.etsystatic.com/66439541/r/il/3fbefa/8130478566/il_fullxfull.8130478566_amwj.jpg,https://i.etsystatic.com/66439541/r/il/28abb2/8198189967/il_fullxfull.8198189967_rn9e.jpg,https://i.etsystatic.com/66439541/r/il/2aa2a3/8150339970/il_fullxfull.8150339970_7bcg.jpg,"Custom Property",Size,"XS,S,M,L,XL","Custom Property","YOUR CHOICE","SPAGHETTI STRAP TANK,RIB- RACER TANK,CROPTOP",TUL-010
"extra money","extra money",0.2,USD,1,,,https://i.etsystatic.com/66439541/r/il/a35589/8246541838/il_fullxfull.8246541838_1b79.jpg,,,,,,,,,,,,,,,,
"Custom Embroidered School Nurse Quarter Zip, Comfort Colors Apple Design","Celebrate the caring school nurse with this cute Comfort Colors school nurse shirt featuring a sweet apple and bandage-inspired design. Perfect for back to school, nurse appreciation, clinic staff gifts, teacher nurse outfits, and everyday school healthcare style. 🍎🩺

• Perfect school nurse gift: A thoughtful choice for school nurses, clinic nurses, nurse teachers, registered nurses, healthcare staff, and medical professionals who support students every day.

• Cute back-to-school design: The apple and bandage theme creates a playful classroom-meets-healthcare look that is perfect for the first day of school, nurse office days, and staff events.

• Great for appreciation gifts: Ideal for Nurse Appreciation Week, Teacher Appreciation, back-to-school surprises, birthdays, Christmas, graduation, or a thank-you gift from students and staff. 🎁

• Easy everyday styling: Pair this nurse tee with jeans, leggings, cardigans, sneakers, or casual school outfits for a comfortable look during busy workdays.

• Meaningful healthcare shirt: A fun way to celebrate school nurses, hospital workers, PICU nurses, new RNs, clinic staff, and anyone proud to care for others.

• Comfort Colors style: Designed for relaxed everyday wear with a casual, vintage-inspired look that works beautifully for school, clinic, errands, and weekend outfits.

• Care instructions: Turn the shirt inside out before washing, use cold water on a gentle cycle, avoid harsh bleach, and air dry or tumble dry on low to help protect the design
 
Processing time
 Our standard processing time is 3-5 days
Processing time begins after we receive all personalization details. Orders with missing information may be delayed until the required details are provided
During busy wedding season or holidays, processing times may vary slightly, but we always do our best to complete and ship orders as quickly as possible

Shipping times
Standard shipping usually takes approximately 5-9 business days after the order has been processed and shipped.
Please note that shipping times are estimated  and may vary depending on the carrier, destination, weather, holidays, or other delays outside of our control
Once your order has been shipped , tracking information will be provided when available

Rush Shipping Option
Need your order sooner? 
We offer a Rush shipping option, which usually arrives in approximately 3-5 business days after processing.
Please select the rush option shipping  at checkout or message us before ordering if you have a specific deadline
Rush Shipping Speeds up the delivery method, but please remember that each handkerchief is still custom embroidered and requires production time

Important Notes
- Colors may appear slightly different depending on your screen or monitor settings
- Placement and sizing of embroidery may vary slightly depending on the wording and font selected
- Personalized item are handmade, so slight variations may occur.

Return & Exchange Policy
Because this is personalized custom item, we do not accept  returns, exchanges or cancellation once production has started 
However customer satisfaction is very important to us. If there is an issue with your order, please contact us as soon as possible so we can help
We are not responsible for errors submitted in the personalization box, including spelling mistakes, incorrect dates, missing words, or wrong names. 
Please review your personalization carefully before placing order 
If we make an error on your order, please message us with photos of the item and packaging, and we will be happy to assist.

Lost, Delayed Or Return Packages
Once an order has been shipped, delivery is handled by the shipping carrier
We are not responsible for carrier delays, lost packages, incorrect address, or packages marked as delivered by the carrier
Please make sure your shipping address is correct before placing your order
If a package is returned to us due to an incorrect or incomplete address, the buyer is  responsible for any addition shipping cost to resend the item

Care Instructions
Machine Wash gently with cold water
Lay flat or tumbler dry low
Iron if needed
Do not bleach

Thank you so much for supporting our handmade shop. We are honored to create a meaningful keepsake for your special day.",35.32,USD,997,"school_nurse_shirt,school_nurse_gift,comfort_colors_tee,back_to_school_tee,apple_bandage_top,nurse_teacher_gift,clinic_nurse_shirt,school_staff_gift,cute_nurse_shirt,nurse_appreciation,healthcare_shirt,registered_nurse,medical_staff_tee",Cotton,https://i.etsystatic.com/66439541/r/il/3c9b10/8217661804/il_fullxfull.8217661804_rj6e.jpg,https://i.etsystatic.com/66439541/r/il/ad03ad/8217661786/il_fullxfull.8217661786_k3zm.jpg,https://i.etsystatic.com/66439541/r/il/77489c/8217661794/il_fullxfull.8217661794_j8ic.jpg,https://i.etsystatic.com/66439541/r/il/3fbefa/8130478566/il_fullxfull.8130478566_amwj.jpg,https://i.etsystatic.com/66439541/r/il/28abb2/8198189967/il_fullxfull.8198189967_rn9e.jpg,https://i.etsystatic.com/66439541/r/il/7fabf3/8217449210/il_fullxfull.8217449210_8hx0.jpg,https://i.etsystatic.com/66439541/r/il/1d6569/8207360470/il_fullxfull.8207360470_3l6p.jpg,https://i.etsystatic.com/66439541/r/il/3d65ee/8207360468/il_fullxfull.8207360468_17ug.jpg,https://i.etsystatic.com/66439541/r/il/2aa2a3/8150339970/il_fullxfull.8150339970_7bcg.jpg,https://i.etsystatic.com/66439541/r/il/398d71/8150339866/il_fullxfull.8150339866_fj16.jpg,"Custom Property","Your choice","Gildan Sweatshirt,Tshirt Comfort Color,Gildan Hoodie,Quarter Zip,Croptop,Spaghetti Stap Tank,Rib-Racer Tank","Women's clothing size",Size,"XS,S,M,L,XL,2X,3X",TUL-010
"Custom Photo Birthday Napkins, Personalized Party Decor, Milestone Celebration Favors","Make their milestone celebration unforgettable with custom photo birthday napkins featuring their face, chosen age, and personalized wording. These funny cocktail napkins add a playful, memorable touch to birthday bars, dessert tables, dinner settings, and party photos. Perfect for 21st, 30th, 40th, 50th, 60th, and other milestone birthdays. 🎉🥂

• Created from your photo: Send us one clear, high-quality photo, and we will carefully remove the background and incorporate the face into your custom birthday design.

• Personalized milestone age: Customize the napkins for any age, including 21, 30, 40, 50, 60, or another birthday milestone.

• Custom wording available: Add a phrase such as “Look Who’s 30,” “Cheers to 40 Years,” or “Happy 50th Birthday,” along with a name, date, or personal message.

• Premium coined-edge napkins: Each paper cocktail napkin measures approximately 4.75"" x 4.75"" and features an elegant coined-edge border for a polished party presentation.

• Professional full-color printing: Your photo and personalized design are printed with crisp details and vibrant colors, making the napkins ideal for cocktails, appetizers, cake, and desserts.

• Available quantities: Choose from packs of 50 or 100 napkins for intimate dinners, surprise parties, cocktail celebrations, or larger birthday events.

• Digital proof included: After receiving your photo and personalization details through Etsy Messages, we will prepare a digital proof for your review, typically within 24 hours.

• Fun birthday party detail: These personalized photo napkins make entertaining table decor, memorable party favors, and a great conversation starter for guests. 📸

How to Order
Select your preferred napkin quantity, color, and layout.
Enter your personalization details, including names, date, wording, ink color, and any special instructions.
Send clear pet photos and design inspiration through Etsy Messages.
Review and approve your digital proof before production begins.
Processing Time

Our standard processing time is approximately 1–3 business days after your digital proof has been approved.

Processing begins only after we receive all required personalization details and clear pet photos. Orders with missing information or delayed proof approval may require additional time.

During busy wedding seasons and holidays, processing times may vary slightly, but we always do our best to complete and ship orders as quickly as possible.

We recommend placing your order 2–3 weeks before your event to allow enough time for customization, proof approval, production, shipping, and possible carrier delays.

Shipping Time

Standard shipping usually takes approximately 5–7 business days after the order has been processed and shipped.

Delivery times are estimates and may vary because of the shipping carrier, destination, severe weather, holidays, high shipping volume, or other circumstances outside our control.

Tracking information will be provided once available.

Rush Shipping

Need your order sooner? A rush shipping option may be available and usually arrives within approximately 3–5 business days after processing.

Please select the available expedited shipping option at checkout or message us before ordering when you have a specific event date.

Rush shipping shortens the delivery time only. It does not remove the time required to create your portrait, prepare the proof, receive approval, and print your napkins.

Important Notes

• Printed colors may appear slightly different from the colors shown on your screen because of monitor settings, screen brightness, lighting, napkin color, and printing variations.

• Portrait placement and sizing may vary slightly depending on the number of pets, wording, layout, and design selected.

• Small variations may occur in custom printed products and are not considered defects.

• Please review all names, dates, wording, and spelling carefully before submitting your order and approving the digital proof.

Returns, Exchanges, and Cancellations

Because each item is custom-made and personalized, we do not accept returns or exchanges unless the item arrives damaged, defective, or contains an error made by us.

Cancellations or changes may be requested before production begins. Once the digital proof has been approved and production has started, the order cannot be canceled or modified.

We are not responsible for errors submitted by the customer, including misspelled names, incorrect dates, missing words, or inaccurate personalization details.

If we make an error or your order arrives damaged, please contact us within 1–2 days of delivery and provide clear photos of the item, packaging, and shipping label so we can assist you.

Lost, Delayed, or Returned Packages

Once an order has been shipped, delivery is managed by the shipping carrier. We are not responsible for carrier delays, incorrect addresses, packages marked as delivered, or delivery problems outside our control.

Please verify that your shipping address is complete and correct before placing your order.

If a package is returned because of an incorrect or incomplete address, the buyer is responsible for any additional shipping cost required to resend it.

Care and Use

These are disposable paper beverage napkins intended for serving drinks, appetizers, and desserts. Keep them in a cool, dry place before your event and avoid exposure to moisture or direct sunlight.

Thank you for supporting our shop. We are honored to create a meaningful and memorable detail for your special celebration. 🥂",39.99,USD,999,"custom_photo_napkin,birthday_napkins,cocktail_napkins,30th_birthday_decor,milestone_party,personalized_napkin,funny_face_napkin,photo_party_decor,birthday_tableware,custom_face_napkin,adult_birthday_gift,party_favor_napkin,birthday_napkin",Paper,https://i.etsystatic.com/66439541/r/il/bf8273/8293882479/il_fullxfull.8293882479_e835.jpg,https://i.etsystatic.com/66439541/r/il/0949a8/8245963052/il_fullxfull.8245963052_tw95.jpg,https://i.etsystatic.com/66439541/r/il/af3666/8245963062/il_fullxfull.8245963062_j1o0.jpg,https://i.etsystatic.com/66439541/r/il/418999/8293880303/il_fullxfull.8293880303_mvet.jpg,https://i.etsystatic.com/66439541/r/il/70725a/8293880437/il_fullxfull.8293880437_ash5.jpg,https://i.etsystatic.com/66439541/r/il/0fd9b7/8245957888/il_fullxfull.8245957888_13pc.jpg,https://i.etsystatic.com/66439541/r/il/a80632/8293752271/il_fullxfull.8293752271_g5sk.jpg,https://i.etsystatic.com/66439541/r/il/3fbefa/8130478566/il_fullxfull.8130478566_amwj.jpg,https://i.etsystatic.com/66439541/r/il/219338/8245818240/il_fullxfull.8245818240_ru1v.jpg,,"Custom Property",Quantity,"50,100,150,200,250,500",,,,NAP-002
"Custom Cat Portrait Cocktail Napkins, Personalized Wedding Beverage Napkins, Drinks on Us Decor","Celebrate your special day with custom cat portrait cocktail napkins featuring charming hand-drawn illustrations created from your favorite pet photos. Personalized with your cats, names, wedding date, or a fun phrase such as “Drinks on Us,” these elegant beverage napkins add a memorable touch to your cocktail hour, reception bar, bridal shower, or engagement party. 🐱🥂

• Custom pet portrait from your photo: Send us a clear photo of your dog or cat, and we will create a charming custom illustration designed especially for your event.

• Designed for 1–3 pets: Personalize your napkins with one, two, or three dogs or cats. Pet couples and mixed dog-and-cat portraits are welcome.

• Premium coined-edge napkins: Each beverage napkin measures approximately 4.75"" x 4.75"" and features a distinctive coined-edge design for a refined, polished presentation.

• Personalized event details: Add names, a wedding date, monogram, special phrase, logo, ink color, or other custom wording to coordinate with your celebration.

• Professional full-color printing: Crisp details and vibrant colors help your custom pet artwork stand out beautifully while serving cocktails, beverages, appetizers, or desserts.

• Available quantities: Choose from packs of 50 or 100 napkins for intimate gatherings, wedding receptions, corporate events, or larger celebrations.

• Multiple napkin colors: Select your preferred napkin color from the dropdown menu to complement your wedding palette, party theme, or brand colors. 🌈

• Digital proof included: Once we receive your personalization details and pet photos through Etsy Messages, we will prepare a digital proof for your review, typically within 24 hours.

• Printed in the USA: Your custom napkins are professionally printed in the United States for a clean, polished, event-ready finish.

How to Order
Select your preferred napkin quantity, color, and layout.
Enter your personalization details, including names, date, wording, ink color, and any special instructions.
Send clear pet photos and design inspiration through Etsy Messages.
Review and approve your digital proof before production begins.
Processing Time

Our standard processing time is approximately 1–3 business days after your digital proof has been approved.

Processing begins only after we receive all required personalization details and clear pet photos. Orders with missing information or delayed proof approval may require additional time.

During busy wedding seasons and holidays, processing times may vary slightly, but we always do our best to complete and ship orders as quickly as possible.

We recommend placing your order 2–3 weeks before your event to allow enough time for customization, proof approval, production, shipping, and possible carrier delays.

Shipping Time

Standard shipping usually takes approximately 5–7 business days after the order has been processed and shipped.

Delivery times are estimates and may vary because of the shipping carrier, destination, severe weather, holidays, high shipping volume, or other circumstances outside our control.

Tracking information will be provided once available.

Rush Shipping

Need your order sooner? A rush shipping option may be available and usually arrives within approximately 3–5 business days after processing.

Please select the available expedited shipping option at checkout or message us before ordering when you have a specific event date.

Rush shipping shortens the delivery time only. It does not remove the time required to create your portrait, prepare the proof, receive approval, and print your napkins.

Important Notes

• Printed colors may appear slightly different from the colors shown on your screen because of monitor settings, screen brightness, lighting, napkin color, and printing variations.

• Portrait placement and sizing may vary slightly depending on the number of pets, wording, layout, and design selected.

• Small variations may occur in custom printed products and are not considered defects.

• Please review all names, dates, wording, and spelling carefully before submitting your order and approving the digital proof.

Returns, Exchanges, and Cancellations

Because each item is custom-made and personalized, we do not accept returns or exchanges unless the item arrives damaged, defective, or contains an error made by us.

Cancellations or changes may be requested before production begins. Once the digital proof has been approved and production has started, the order cannot be canceled or modified.

We are not responsible for errors submitted by the customer, including misspelled names, incorrect dates, missing words, or inaccurate personalization details.

If we make an error or your order arrives damaged, please contact us within 1–2 days of delivery and provide clear photos of the item, packaging, and shipping label so we can assist you.

Lost, Delayed, or Returned Packages

Once an order has been shipped, delivery is managed by the shipping carrier. We are not responsible for carrier delays, incorrect addresses, packages marked as delivered, or delivery problems outside our control.

Please verify that your shipping address is complete and correct before placing your order.

If a package is returned because of an incorrect or incomplete address, the buyer is responsible for any additional shipping cost required to resend it.

Care and Use

These are disposable paper beverage napkins intended for serving drinks, appetizers, and desserts. Keep them in a cool, dry place before your event and avoid exposure to moisture or direct sunlight.

Thank you for supporting our shop. We are honored to create a meaningful and memorable detail for your special celebration. 🥂",38.32,USD,999,"custom_cat_napkin,cat_portrait_napkin,wedding_cat_decor,drinks_on_us_napkin,personalized_napkin,cocktail_cat_napkin,cat_wedding_favor,custom_pet_portrait,reception_bar_decor,two_cat_wedding,beverage_napkins,pet_lover_wedding,custom_party_decor",Paper,https://i.etsystatic.com/66439541/r/il/198772/8245932334/il_fullxfull.8245932334_krcm.jpg,https://i.etsystatic.com/66439541/r/il/851c8d/8293846015/il_fullxfull.8293846015_k151.jpg,https://i.etsystatic.com/66439541/r/il/df536e/8245929024/il_fullxfull.8245929024_a9pv.jpg,https://i.etsystatic.com/66439541/r/il/f0fa28/8293846715/il_fullxfull.8293846715_2vam.jpg,https://i.etsystatic.com/66439541/r/il/267cf0/8245929056/il_fullxfull.8245929056_r6k3.jpg,https://i.etsystatic.com/66439541/r/il/a80632/8293752271/il_fullxfull.8293752271_g5sk.jpg,https://i.etsystatic.com/66439541/r/il/3fbefa/8130478566/il_fullxfull.8130478566_amwj.jpg,https://i.etsystatic.com/66439541/r/il/8643a6/8245818312/il_fullxfull.8245818312_jrh3.jpg,https://i.etsystatic.com/66439541/r/il/219338/8245818240/il_fullxfull.8245818240_ru1v.jpg,,"Custom Property",Quantity,"50,100,150,200,250,500","Custom Property","Pet Quantity","1 Head Only,1 Pet Full Body,2 Pets Head,2 Pets Full Body,3 Pets Head,3 Pets Full Body",NAP-001
"Custom Pet Portrait Cocktail Napkins, Personalized Dog Cat Outline Reception Decor (1-3 Pets)","Add a meaningful, personalized touch to your celebration with custom pet portrait cocktail napkins featuring a hand-drawn illustration created from your dog or cat’s photo. Each design is carefully crafted to capture your pet’s unique personality, then professionally printed on premium coined-edge beverage napkins for an elegant and memorable finish. Perfect for weddings, bridal showers, engagement parties, birthdays, cocktail hours, and pet-themed celebrations. 🐾💍

• Custom pet portrait from your photo: Send us a clear photo of your dog or cat, and we will create a charming custom illustration designed especially for your event.

• Designed for 1–3 pets: Personalize your napkins with one, two, or three dogs or cats. Pet couples and mixed dog-and-cat portraits are welcome.

• Premium coined-edge napkins: Each beverage napkin measures approximately 4.75"" x 4.75"" and features a distinctive coined-edge design for a refined, polished presentation.

• Personalized event details: Add names, a wedding date, monogram, special phrase, logo, ink color, or other custom wording to coordinate with your celebration.

• Professional full-color printing: Crisp details and vibrant colors help your custom pet artwork stand out beautifully while serving cocktails, beverages, appetizers, or desserts.

• Available quantities: Choose from packs of 50 or 100 napkins for intimate gatherings, wedding receptions, corporate events, or larger celebrations.

• Multiple napkin colors: Select your preferred napkin color from the dropdown menu to complement your wedding palette, party theme, or brand colors. 🌈

• Digital proof included: Once we receive your personalization details and pet photos through Etsy Messages, we will prepare a digital proof for your review, typically within 24 hours.

• Printed in the USA: Your custom napkins are professionally printed in the United States for a clean, polished, event-ready finish.

How to Order
Select your preferred napkin quantity, color, and layout.
Enter your personalization details, including names, date, wording, ink color, and any special instructions.
Send clear pet photos and design inspiration through Etsy Messages.
Review and approve your digital proof before production begins.
Processing Time

Our standard processing time is approximately 1–3 business days after your digital proof has been approved.

Processing begins only after we receive all required personalization details and clear pet photos. Orders with missing information or delayed proof approval may require additional time.

During busy wedding seasons and holidays, processing times may vary slightly, but we always do our best to complete and ship orders as quickly as possible.

We recommend placing your order 2–3 weeks before your event to allow enough time for customization, proof approval, production, shipping, and possible carrier delays.

Shipping Time

Standard shipping usually takes approximately 5–7 business days after the order has been processed and shipped.

Delivery times are estimates and may vary because of the shipping carrier, destination, severe weather, holidays, high shipping volume, or other circumstances outside our control.

Tracking information will be provided once available.

Rush Shipping

Need your order sooner? A rush shipping option may be available and usually arrives within approximately 3–5 business days after processing.

Please select the available expedited shipping option at checkout or message us before ordering when you have a specific event date.

Rush shipping shortens the delivery time only. It does not remove the time required to create your portrait, prepare the proof, receive approval, and print your napkins.

Important Notes

• Printed colors may appear slightly different from the colors shown on your screen because of monitor settings, screen brightness, lighting, napkin color, and printing variations.

• Portrait placement and sizing may vary slightly depending on the number of pets, wording, layout, and design selected.

• Small variations may occur in custom printed products and are not considered defects.

• Please review all names, dates, wording, and spelling carefully before submitting your order and approving the digital proof.

Returns, Exchanges, and Cancellations

Because each item is custom-made and personalized, we do not accept returns or exchanges unless the item arrives damaged, defective, or contains an error made by us.

Cancellations or changes may be requested before production begins. Once the digital proof has been approved and production has started, the order cannot be canceled or modified.

We are not responsible for errors submitted by the customer, including misspelled names, incorrect dates, missing words, or inaccurate personalization details.

If we make an error or your order arrives damaged, please contact us within 1–2 days of delivery and provide clear photos of the item, packaging, and shipping label so we can assist you.

Lost, Delayed, or Returned Packages

Once an order has been shipped, delivery is managed by the shipping carrier. We are not responsible for carrier delays, incorrect addresses, packages marked as delivered, or delivery problems outside our control.

Please verify that your shipping address is complete and correct before placing your order.

If a package is returned because of an incorrect or incomplete address, the buyer is responsible for any additional shipping cost required to resend it.

Care and Use

These are disposable paper beverage napkins intended for serving drinks, appetizers, and desserts. Keep them in a cool, dry place before your event and avoid exposure to moisture or direct sunlight.

Thank you for supporting our shop. We are honored to create a meaningful and memorable detail for your special celebration. 🥂",38.32,USD,999,"custom_pet_napkin,pet_portrait_bar,wedding_dog_napkin,cat_portrait_favor,custom_cocktail,pet_wedding_decor,outline_pet_art,dog_cat_napkins,reception_napkin,personalized_bar,wedding_pet_favor,custom_party_napkin,pet_lover_wedding",Paper,https://i.etsystatic.com/66439541/r/il/878998/8245820360/il_fullxfull.8245820360_ja97.jpg,https://i.etsystatic.com/66439541/r/il/b021c7/8293735919/il_fullxfull.8293735919_jqk1.jpg,https://i.etsystatic.com/66439541/r/il/cf703b/8245818462/il_fullxfull.8245818462_r1ey.jpg,https://i.etsystatic.com/66439541/r/il/dab3f9/8293736089/il_fullxfull.8293736089_nrmz.jpg,https://i.etsystatic.com/66439541/r/il/8311d9/8245818430/il_fullxfull.8245818430_h4q5.jpg,https://i.etsystatic.com/66439541/r/il/a80632/8293752271/il_fullxfull.8293752271_g5sk.jpg,https://i.etsystatic.com/66439541/r/il/3fbefa/8130478566/il_fullxfull.8130478566_amwj.jpg,https://i.etsystatic.com/66439541/r/il/8643a6/8245818312/il_fullxfull.8245818312_jrh3.jpg,https://i.etsystatic.com/66439541/r/il/219338/8245818240/il_fullxfull.8245818240_ru1v.jpg,,"Custom Property",Quantity,"50,100,150,200,250,500","Custom Property","Pet Quantity","1 Head Only,1 Pet Full Body,2 Pets Head,2 Pets Full Body,3 Pets Head,3 Pets Full Body",NAP-001
"Black Cat Ladybug Embroidered Tank Top, Kitten Spaghetti Strap Camisole, Cottagecore Summer Shirt","Add a playful touch to your wardrobe with this black cat and ladybug embroidered tank top. Featuring a curious kitten meeting a bright red ladybug, this white ribbed spaghetti strap camisole is perfect for cat lovers, cottagecore outfits, and charming summer style. 🐈‍⬛🐞
About Our  Tank top
Each Tank top is made to order and personalized with care. Please check the sizing chart and color options before placing your order.
Product Details
- Premium soft micro rib fabric
- Personalized embroidery or print option
- Not Vinyl
- Flattering fitted crop style
- Soft cotton/ Polyester Blend
- Pre- Shrunk Fabric
- Tear- away label
- Lightweight semi-sheer feel
- Perfect for layering or bridal Styling
 How to personalize
Please enter the following information in the personalization box
1. Font Selection number
2. Exact words to be embroidered
3. Thread color
4. Optional symbol request, if applicable
Please double- check all spelling, punctuation, names, and dates before submitting your order. We will embroider the text exactly as provided

Perfect gift for 
- Bride- to- be
- Future Mrs
- Bridal shower Gifts
- Engagement Gifts
- Bachelorette Party outfit
- Honeymoon Outfit
- Wedding morning outfit
- Bridal Getting- ready Photos
 
Processing time
 Our standard processing time is 3-5 days
Processing time begins after we receive all personalization details. Orders with missing information may be delayed until the required details are provided
During busy wedding season or holidays, processing times may vary slightly, but we always do our best to complete and ship orders as quickly as possible

Shipping times
Standard shipping usually takes approximately 5-9 business days after the order has been processed and shipped.
Please note that shipping times are estimated  and may vary depending on the carrier, destination, weather, holidays, or other delays outside of our control
Once your order has been shipped , tracking information will be provided when available

Rush Shipping Option
Need your order sooner? 
We offer a Rush shipping option, which usually arrives in approximately 3-5 business days after processing.
Please select the rush option shipping  at checkout or message us before ordering if you have a specific deadline
Rush Shipping Speeds up the delivery method, but please remember that each handkerchief is still custom embroidered and requires production time

Important Notes
- Colors may appear slightly different depending on your screen or monitor settings
- Placement and sizing of embroidery may vary slightly depending on the wording and font selected
- Personalized item are handmade, so slight variations may occur.

Return & Exchange Policy
Because this is personalized custom item, we do not accept  returns, exchanges or cancellation once production has started 
However customer satisfaction is very important to us. If there is an issue with your order, please contact us as soon as possible so we can help
We are not responsible for errors submitted in the personalization box, including spelling mistakes, incorrect dates, missing words, or wrong names. 
Please review your personalization carefully before placing order 
If we make an error on your order, please message us with photos of the item and packaging, and we will be happy to assist.

Lost, Delayed Or Return Packages
Once an order has been shipped, delivery is handled by the shipping carrier
We are not responsible for carrier delays, lost packages, incorrect address, or packages marked as delivered by the carrier
Please make sure your shipping address is correct before placing your order
If a package is returned to us due to an incorrect or incomplete address, the buyer is  responsible for any addition shipping cost to resend the item

Care Instructions
Machine Wash gently with cold water
Lay flat or tumbler dry low
Iron if needed
Do not bleach

Thank you so much for supporting our handmade shop. We are honored to create a meaningful keepsake for your special day.",26.64,USD,98,"black_cat_tank_top,ladybug_camisole,embroidered_kitten,spaghetti_strap_top,cute_cat_clothing,cottagecore_tank,cat_lover_gift,summer_tank_women,white_ribbed_cami,animal_embroidery,kitten_ladybug_top,whimsical_cat_top,minimalist_cat_tank","Cotton,Polyester",https://i.etsystatic.com/66439541/r/il/74a2e4/8292969663/il_fullxfull.8292969663_9pnq.jpg,https://i.etsystatic.com/66439541/r/il/ece8c5/8292969127/il_fullxfull.8292969127_4lbg.jpg,https://i.etsystatic.com/66439541/r/il/0df204/8245053838/il_fullxfull.8245053838_datn.jpg,https://i.etsystatic.com/66439541/r/il/3c17e6/8198189973/il_fullxfull.8198189973_5fup.jpg,https://i.etsystatic.com/66439541/r/il/3fbefa/8130478566/il_fullxfull.8130478566_amwj.jpg,https://i.etsystatic.com/66439541/r/il/28abb2/8198189967/il_fullxfull.8198189967_rn9e.jpg,https://i.etsystatic.com/66439541/r/il/2aa2a3/8150339970/il_fullxfull.8150339970_7bcg.jpg,https://i.etsystatic.com/66439541/r/il/398d71/8150339866/il_fullxfull.8150339866_fj16.jpg,https://i.etsystatic.com/66439541/r/il/45b881/8198254531/il_fullxfull.8198254531_1qw9.jpg,https://i.etsystatic.com/66439541/r/il/acd6fe/8150274582/il_fullxfull.8150274582_ld3y.jpg,"Custom Property",Size,"XS,S,M,L,XL","Custom Property","YOUR CHOICE","SPAGHETTI STRAP TANK,RIB- RACER TANK,CROPTOP",TUL-010
"Embroidered Bee Butterfly Ladybug Floral Tank Top, Cottagecore Summer Shirt","Celebrate the beauty of a blooming garden with this embroidered bee, butterfly, dragonfly, ladybug, and floral tank top. This white ribbed spaghetti strap camisole brings colorful cottagecore charm to summer outfits and makes a delightful gift for nature and insect lovers. 🐝🦋🐞🌸
About Our  Tank top
Each Tank top is made to order and personalized with care. Please check the sizing chart and color options before placing your order.
Product Details
- Premium soft micro rib fabric
- Personalized embroidery or print option
- Not Vinyl
- Flattering fitted crop style
- Soft cotton/ Polyester Blend
- Pre- Shrunk Fabric
- Tear- away label
- Lightweight semi-sheer feel
- Perfect for layering or bridal Styling
 How to personalize
Please enter the following information in the personalization box
1. Font Selection number
2. Exact words to be embroidered
3. Thread color
4. Optional symbol request, if applicable
Please double- check all spelling, punctuation, names, and dates before submitting your order. We will embroider the text exactly as provided

Perfect gift for 
- Bride- to- be
- Future Mrs
- Bridal shower Gifts
- Engagement Gifts
- Bachelorette Party outfit
- Honeymoon Outfit
- Wedding morning outfit
- Bridal Getting- ready Photos
 
Processing time
 Our standard processing time is 3-5 days
Processing time begins after we receive all personalization details. Orders with missing information may be delayed until the required details are provided
During busy wedding season or holidays, processing times may vary slightly, but we always do our best to complete and ship orders as quickly as possible

Shipping times
Standard shipping usually takes approximately 5-9 business days after the order has been processed and shipped.
Please note that shipping times are estimated  and may vary depending on the carrier, destination, weather, holidays, or other delays outside of our control
Once your order has been shipped , tracking information will be provided when available

Rush Shipping Option
Need your order sooner? 
We offer a Rush shipping option, which usually arrives in approximately 3-5 business days after processing.
Please select the rush option shipping  at checkout or message us before ordering if you have a specific deadline
Rush Shipping Speeds up the delivery method, but please remember that each handkerchief is still custom embroidered and requires production time

Important Notes
- Colors may appear slightly different depending on your screen or monitor settings
- Placement and sizing of embroidery may vary slightly depending on the wording and font selected
- Personalized item are handmade, so slight variations may occur.

Return & Exchange Policy
Because this is personalized custom item, we do not accept  returns, exchanges or cancellation once production has started 
However customer satisfaction is very important to us. If there is an issue with your order, please contact us as soon as possible so we can help
We are not responsible for errors submitted in the personalization box, including spelling mistakes, incorrect dates, missing words, or wrong names. 
Please review your personalization carefully before placing order 
If we make an error on your order, please message us with photos of the item and packaging, and we will be happy to assist.

Lost, Delayed Or Return Packages
Once an order has been shipped, delivery is handled by the shipping carrier
We are not responsible for carrier delays, lost packages, incorrect address, or packages marked as delivered by the carrier
Please make sure your shipping address is correct before placing your order
If a package is returned to us due to an incorrect or incomplete address, the buyer is  responsible for any addition shipping cost to resend the item

Care Instructions
Machine Wash gently with cold water
Lay flat or tumbler dry low
Iron if needed
Do not bleach

Thank you so much for supporting our handmade shop. We are honored to create a meaningful keepsake for your special day.",26.64,USD,98,"embroidered_tank_top,cottagecore_camisole,bee_butterfly_top,ladybug_flower_top,floral_summer_tank,nature_lover_gift,spaghetti_strap_top,botanical_camisole,insect_embroidery,whimsical_tank_top,white_ribbed_tank,garden_lover_shirt,cute_summer_clothing","Cotton,Polyester",https://i.etsystatic.com/66439541/r/il/ff379a/8292954109/il_fullxfull.8292954109_4cjz.jpg,https://i.etsystatic.com/66439541/r/il/57f5c1/8245038708/il_fullxfull.8245038708_1qbj.jpg,https://i.etsystatic.com/66439541/r/il/4eba43/8292954143/il_fullxfull.8292954143_7krv.jpg,https://i.etsystatic.com/66439541/r/il/3c17e6/8198189973/il_fullxfull.8198189973_5fup.jpg,https://i.etsystatic.com/66439541/r/il/3fbefa/8130478566/il_fullxfull.8130478566_amwj.jpg,https://i.etsystatic.com/66439541/r/il/28abb2/8198189967/il_fullxfull.8198189967_rn9e.jpg,https://i.etsystatic.com/66439541/r/il/2aa2a3/8150339970/il_fullxfull.8150339970_7bcg.jpg,https://i.etsystatic.com/66439541/r/il/398d71/8150339866/il_fullxfull.8150339866_fj16.jpg,https://i.etsystatic.com/66439541/r/il/45b881/8198254531/il_fullxfull.8198254531_1qw9.jpg,https://i.etsystatic.com/66439541/r/il/acd6fe/8150274582/il_fullxfull.8150274582_ld3y.jpg,"Custom Property",Size,"XS,S,M,L,XL","Custom Property","YOUR CHOICE","SPAGHETTI STRAP TANK,RIB- RACER TANK,CROPTOP",TUL-010
"Embroidered Flower Mushroom Ladybug Tank Top, Cottagecore Spaghetti Strap Camisole, Nature Summer Shirt","Bring a touch of woodland charm to your wardrobe with this embroidered flower, mushroom, ladybug, and leaf tank top. The colorful nature-inspired design makes this white ribbed spaghetti strap camisole perfect for cottagecore outfits, summer styling, garden lovers, and whimsical everyday fashion. 🌼🍄🐞
About Our  Tank top
Each Tank top is made to order and personalized with care. Please check the sizing chart and color options before placing your order.
Product Details
- Premium soft micro rib fabric
- Personalized embroidery or print option
- Not Vinyl
- Flattering fitted crop style
- Soft cotton/ Polyester Blend
- Pre- Shrunk Fabric
- Tear- away label
- Lightweight semi-sheer feel
- Perfect for layering or bridal Styling
 How to personalize
Please enter the following information in the personalization box
1. Font Selection number
2. Exact words to be embroidered
3. Thread color
4. Optional symbol request, if applicable
Please double- check all spelling, punctuation, names, and dates before submitting your order. We will embroider the text exactly as provided

Perfect gift for 
- Bride- to- be
- Future Mrs
- Bridal shower Gifts
- Engagement Gifts
- Bachelorette Party outfit
- Honeymoon Outfit
- Wedding morning outfit
- Bridal Getting- ready Photos
 
Processing time
 Our standard processing time is 3-5 days
Processing time begins after we receive all personalization details. Orders with missing information may be delayed until the required details are provided
During busy wedding season or holidays, processing times may vary slightly, but we always do our best to complete and ship orders as quickly as possible

Shipping times
Standard shipping usually takes approximately 5-9 business days after the order has been processed and shipped.
Please note that shipping times are estimated  and may vary depending on the carrier, destination, weather, holidays, or other delays outside of our control
Once your order has been shipped , tracking information will be provided when available

Rush Shipping Option
Need your order sooner? 
We offer a Rush shipping option, which usually arrives in approximately 3-5 business days after processing.
Please select the rush option shipping  at checkout or message us before ordering if you have a specific deadline
Rush Shipping Speeds up the delivery method, but please remember that each handkerchief is still custom embroidered and requires production time

Important Notes
- Colors may appear slightly different depending on your screen or monitor settings
- Placement and sizing of embroidery may vary slightly depending on the wording and font selected
- Personalized item are handmade, so slight variations may occur.

Return & Exchange Policy
Because this is personalized custom item, we do not accept  returns, exchanges or cancellation once production has started 
However customer satisfaction is very important to us. If there is an issue with your order, please contact us as soon as possible so we can help
We are not responsible for errors submitted in the personalization box, including spelling mistakes, incorrect dates, missing words, or wrong names. 
Please review your personalization carefully before placing order 
If we make an error on your order, please message us with photos of the item and packaging, and we will be happy to assist.

Lost, Delayed Or Return Packages
Once an order has been shipped, delivery is handled by the shipping carrier
We are not responsible for carrier delays, lost packages, incorrect address, or packages marked as delivered by the carrier
Please make sure your shipping address is correct before placing your order
If a package is returned to us due to an incorrect or incomplete address, the buyer is  responsible for any addition shipping cost to resend the item

Care Instructions
Machine Wash gently with cold water
Lay flat or tumbler dry low
Iron if needed
Do not bleach

Thank you so much for supporting our handmade shop. We are honored to create a meaningful keepsake for your special day.",26.64,USD,98,"embroidered_tank_top,cottagecore_top,mushroom_camisole,ladybug_tank_top,floral_summer_top,nature_lover_gift,spaghetti_strap_top,cute_garden_shirt,botanical_tank_top,whimsical_clothing,white_ribbed_tank,flower_mushroom_top,summer_outfit_women","Cotton,Polyester",https://i.etsystatic.com/66439541/r/il/fe60a1/8245036548/il_fullxfull.8245036548_hlj1.jpg,https://i.etsystatic.com/66439541/r/il/a6ae85/8292950009/il_fullxfull.8292950009_6u42.jpg,https://i.etsystatic.com/66439541/r/il/2ef6eb/8245034428/il_fullxfull.8245034428_sc1y.jpg,https://i.etsystatic.com/66439541/r/il/3c17e6/8198189973/il_fullxfull.8198189973_5fup.jpg,https://i.etsystatic.com/66439541/r/il/3fbefa/8130478566/il_fullxfull.8130478566_amwj.jpg,https://i.etsystatic.com/66439541/r/il/28abb2/8198189967/il_fullxfull.8198189967_rn9e.jpg,https://i.etsystatic.com/66439541/r/il/2aa2a3/8150339970/il_fullxfull.8150339970_7bcg.jpg,https://i.etsystatic.com/66439541/r/il/398d71/8150339866/il_fullxfull.8150339866_fj16.jpg,https://i.etsystatic.com/66439541/r/il/45b881/8198254531/il_fullxfull.8198254531_1qw9.jpg,https://i.etsystatic.com/66439541/r/il/acd6fe/8150274582/il_fullxfull.8150274582_ld3y.jpg,"Custom Property",Size,"XS,S,M,L,XL","Custom Property","YOUR CHOICE","SPAGHETTI STRAP TANK,RIB- RACER TANK,CROPTOP",TUL-010
"Embroidered Black Cat Ladybug Tank Top, Cottagecore Spaghetti Strap Camisole","Add playful charm to your warm-weather wardrobe with this embroidered black cat and ladybug spaghetti strap tank top. Featuring an adorable miniature cat design on a classic ribbed camisole, this cute cottagecore top is perfect for cat lovers, relaxed summer outfits, and thoughtful gifts. 🐈‍⬛🐞
About Our  Tank top
Each Tank top is made to order and personalized with care. Please check the sizing chart and color options before placing your order.
Product Details
- Premium soft micro rib fabric
- Personalized embroidery or print option
- Not Vinyl
- Flattering fitted crop style
- Soft cotton/ Polyester Blend
- Pre- Shrunk Fabric
- Tear- away label
- Lightweight semi-sheer feel
- Perfect for layering or bridal Styling
 How to personalize
Please enter the following information in the personalization box
1. Font Selection number
2. Exact words to be embroidered
3. Thread color
4. Optional symbol request, if applicable
Please double- check all spelling, punctuation, names, and dates before submitting your order. We will embroider the text exactly as provided

Perfect gift for 
- Bride- to- be
- Future Mrs
- Bridal shower Gifts
- Engagement Gifts
- Bachelorette Party outfit
- Honeymoon Outfit
- Wedding morning outfit
- Bridal Getting- ready Photos
 
Processing time
 Our standard processing time is 3-5 days
Processing time begins after we receive all personalization details. Orders with missing information may be delayed until the required details are provided
During busy wedding season or holidays, processing times may vary slightly, but we always do our best to complete and ship orders as quickly as possible

Shipping times
Standard shipping usually takes approximately 5-9 business days after the order has been processed and shipped.
Please note that shipping times are estimated  and may vary depending on the carrier, destination, weather, holidays, or other delays outside of our control
Once your order has been shipped , tracking information will be provided when available

Rush Shipping Option
Need your order sooner? 
We offer a Rush shipping option, which usually arrives in approximately 3-5 business days after processing.
Please select the rush option shipping  at checkout or message us before ordering if you have a specific deadline
Rush Shipping Speeds up the delivery method, but please remember that each handkerchief is still custom embroidered and requires production time

Important Notes
- Colors may appear slightly different depending on your screen or monitor settings
- Placement and sizing of embroidery may vary slightly depending on the wording and font selected
- Personalized item are handmade, so slight variations may occur.

Return & Exchange Policy
Because this is personalized custom item, we do not accept  returns, exchanges or cancellation once production has started 
However customer satisfaction is very important to us. If there is an issue with your order, please contact us as soon as possible so we can help
We are not responsible for errors submitted in the personalization box, including spelling mistakes, incorrect dates, missing words, or wrong names. 
Please review your personalization carefully before placing order 
If we make an error on your order, please message us with photos of the item and packaging, and we will be happy to assist.

Lost, Delayed Or Return Packages
Once an order has been shipped, delivery is handled by the shipping carrier
We are not responsible for carrier delays, lost packages, incorrect address, or packages marked as delivered by the carrier
Please make sure your shipping address is correct before placing your order
If a package is returned to us due to an incorrect or incomplete address, the buyer is  responsible for any addition shipping cost to resend the item

Care Instructions
Machine Wash gently with cold water
Lay flat or tumbler dry low
Iron if needed
Do not bleach

Thank you so much for supporting our handmade shop. We are honored to create a meaningful keepsake for your special day.",26.64,USD,98,"black_cat_tank_top,ladybug_cat_shirt,embroidered_cat_top,spaghetti_strap_top,cute_cat_camisole,cottagecore_tank,cat_lover_clothing,minimalist_cat_top,summer_tank_women,animal_embroidery,white_ribbed_tank,cat_lady_gift_idea,whimsical_cat_top","Cotton,Polyester",https://i.etsystatic.com/66439541/r/il/3d5058/8292948219/il_fullxfull.8292948219_husx.jpg,https://i.etsystatic.com/66439541/r/il/7fe7b6/8245032574/il_fullxfull.8245032574_pw1n.jpg,https://i.etsystatic.com/66439541/r/il/e71d68/8245032564/il_fullxfull.8245032564_b7pv.jpg,https://i.etsystatic.com/66439541/r/il/3c17e6/8198189973/il_fullxfull.8198189973_5fup.jpg,https://i.etsystatic.com/66439541/r/il/3fbefa/8130478566/il_fullxfull.8130478566_amwj.jpg,https://i.etsystatic.com/66439541/r/il/28abb2/8198189967/il_fullxfull.8198189967_rn9e.jpg,https://i.etsystatic.com/66439541/r/il/2aa2a3/8150339970/il_fullxfull.8150339970_7bcg.jpg,https://i.etsystatic.com/66439541/r/il/398d71/8150339866/il_fullxfull.8150339866_fj16.jpg,https://i.etsystatic.com/66439541/r/il/45b881/8198254531/il_fullxfull.8198254531_1qw9.jpg,https://i.etsystatic.com/66439541/r/il/acd6fe/8150274582/il_fullxfull.8150274582_ld3y.jpg,"Custom Property",Size,"XS,S,M,L,XL","Custom Property","YOUR CHOICE","SPAGHETTI STRAP TANK,RIB- RACER TANK,CROPTOP",TUL-010
"Embroidered Black Cat Ladybug Spaghetti Strap Tank Top, Cottagecore Summer Cami","Add playful charm to your warm-weather wardrobe with this embroidered black cat and ladybug spaghetti strap tank top. Featuring an adorable miniature cat design on a classic ribbed camisole, this cute cottagecore top is perfect for cat lovers, relaxed summer outfits, and thoughtful gifts. 🐈‍⬛🐞
About Our  Tank top
Each Tank top is made to order and personalized with care. Please check the sizing chart and color options before placing your order.
Product Details
- Premium soft micro rib fabric
- Personalized embroidery or print option
- Not Vinyl
- Flattering fitted crop style
- Soft cotton/ Polyester Blend
- Pre- Shrunk Fabric
- Tear- away label
- Lightweight semi-sheer feel
- Perfect for layering or bridal Styling
 How to personalize
Please enter the following information in the personalization box
1. Font Selection number
2. Exact words to be embroidered
3. Thread color
4. Optional symbol request, if applicable
Please double- check all spelling, punctuation, names, and dates before submitting your order. We will embroider the text exactly as provided

Perfect gift for 
- Bride- to- be
- Future Mrs
- Bridal shower Gifts
- Engagement Gifts
- Bachelorette Party outfit
- Honeymoon Outfit
- Wedding morning outfit
- Bridal Getting- ready Photos
 
Processing time
 Our standard processing time is 3-5 days
Processing time begins after we receive all personalization details. Orders with missing information may be delayed until the required details are provided
During busy wedding season or holidays, processing times may vary slightly, but we always do our best to complete and ship orders as quickly as possible

Shipping times
Standard shipping usually takes approximately 5-9 business days after the order has been processed and shipped.
Please note that shipping times are estimated  and may vary depending on the carrier, destination, weather, holidays, or other delays outside of our control
Once your order has been shipped , tracking information will be provided when available

Rush Shipping Option
Need your order sooner? 
We offer a Rush shipping option, which usually arrives in approximately 3-5 business days after processing.
Please select the rush option shipping  at checkout or message us before ordering if you have a specific deadline
Rush Shipping Speeds up the delivery method, but please remember that each handkerchief is still custom embroidered and requires production time

Important Notes
- Colors may appear slightly different depending on your screen or monitor settings
- Placement and sizing of embroidery may vary slightly depending on the wording and font selected
- Personalized item are handmade, so slight variations may occur.

Return & Exchange Policy
Because this is personalized custom item, we do not accept  returns, exchanges or cancellation once production has started 
However customer satisfaction is very important to us. If there is an issue with your order, please contact us as soon as possible so we can help
We are not responsible for errors submitted in the personalization box, including spelling mistakes, incorrect dates, missing words, or wrong names. 
Please review your personalization carefully before placing order 
If we make an error on your order, please message us with photos of the item and packaging, and we will be happy to assist.

Lost, Delayed Or Return Packages
Once an order has been shipped, delivery is handled by the shipping carrier
We are not responsible for carrier delays, lost packages, incorrect address, or packages marked as delivered by the carrier
Please make sure your shipping address is correct before placing your order
If a package is returned to us due to an incorrect or incomplete address, the buyer is  responsible for any addition shipping cost to resend the item

Care Instructions
Machine Wash gently with cold water
Lay flat or tumbler dry low
Iron if needed
Do not bleach

Thank you so much for supporting our handmade shop. We are honored to create a meaningful keepsake for your special day.",26.64,USD,98,"black_cat_tank_top,ladybug_camisole,embroidered_cat_top,spaghetti_strap_top,cute_summer_tank,cottagecore_shirt,cat_lover_gift,womens_casual_top,minimalist_cat_top,animal_embroidery,white_ribbed_tank,summer_outfit_women,gift_for_her","Cotton,Polyester",https://i.etsystatic.com/66439541/r/il/a5b21a/8292941635/il_fullxfull.8292941635_qh0d.jpg,https://i.etsystatic.com/66439541/r/il/0e787b/8245025574/il_fullxfull.8245025574_osct.jpg,https://i.etsystatic.com/66439541/r/il/01b0d2/8292941253/il_fullxfull.8292941253_ih44.jpg,https://i.etsystatic.com/66439541/r/il/3c17e6/8198189973/il_fullxfull.8198189973_5fup.jpg,https://i.etsystatic.com/66439541/r/il/3fbefa/8130478566/il_fullxfull.8130478566_amwj.jpg,https://i.etsystatic.com/66439541/r/il/28abb2/8198189967/il_fullxfull.8198189967_rn9e.jpg,https://i.etsystatic.com/66439541/r/il/2aa2a3/8150339970/il_fullxfull.8150339970_7bcg.jpg,https://i.etsystatic.com/66439541/r/il/398d71/8150339866/il_fullxfull.8150339866_fj16.jpg,https://i.etsystatic.com/66439541/r/il/45b881/8198254531/il_fullxfull.8198254531_1qw9.jpg,https://i.etsystatic.com/66439541/r/il/acd6fe/8150274582/il_fullxfull.8150274582_ld3y.jpg,"Custom Property",Size,"XS,S,M,L,XL","Custom Property","YOUR CHOICE","SPAGHETTI STRAP TANK,RIB- RACER TANK,CROPTOP",TUL-010
"Embroidered Insect Jar Tank Top, Ladybug Bee Butterfly Cami, Cottagecore Nature Shirt","Bring whimsical garden style to your wardrobe with this insect jar embroidered tank top. Featuring a charming specimen jar filled with a ladybug, bee, butterfly, leafy details, and other tiny creatures, this spaghetti strap cami is perfect for cottagecore outfits, nature lovers, and sunny summer adventures. 🐞🌿
About Our  Tank top
Each Tank top is made to order and personalized with care. Please check the sizing chart and color options before placing your order.
Product Details
- Premium soft micro rib fabric
- Personalized embroidery or print option
- Not Vinyl
- Flattering fitted crop style
- Soft cotton/ Polyester Blend
- Pre- Shrunk Fabric
- Tear- away label
- Lightweight semi-sheer feel
- Perfect for layering or bridal Styling
 How to personalize
Please enter the following information in the personalization box
1. Font Selection number
2. Exact words to be embroidered
3. Thread color
4. Optional symbol request, if applicable
Please double- check all spelling, punctuation, names, and dates before submitting your order. We will embroider the text exactly as provided

Perfect gift for 
- Bride- to- be
- Future Mrs
- Bridal shower Gifts
- Engagement Gifts
- Bachelorette Party outfit
- Honeymoon Outfit
- Wedding morning outfit
- Bridal Getting- ready Photos
 
Processing time
 Our standard processing time is 3-5 days
Processing time begins after we receive all personalization details. Orders with missing information may be delayed until the required details are provided
During busy wedding season or holidays, processing times may vary slightly, but we always do our best to complete and ship orders as quickly as possible

Shipping times
Standard shipping usually takes approximately 5-9 business days after the order has been processed and shipped.
Please note that shipping times are estimated  and may vary depending on the carrier, destination, weather, holidays, or other delays outside of our control
Once your order has been shipped , tracking information will be provided when available

Rush Shipping Option
Need your order sooner? 
We offer a Rush shipping option, which usually arrives in approximately 3-5 business days after processing.
Please select the rush option shipping  at checkout or message us before ordering if you have a specific deadline
Rush Shipping Speeds up the delivery method, but please remember that each handkerchief is still custom embroidered and requires production time

Important Notes
- Colors may appear slightly different depending on your screen or monitor settings
- Placement and sizing of embroidery may vary slightly depending on the wording and font selected
- Personalized item are handmade, so slight variations may occur.

Return & Exchange Policy
Because this is personalized custom item, we do not accept  returns, exchanges or cancellation once production has started 
However customer satisfaction is very important to us. If there is an issue with your order, please contact us as soon as possible so we can help
We are not responsible for errors submitted in the personalization box, including spelling mistakes, incorrect dates, missing words, or wrong names. 
Please review your personalization carefully before placing order 
If we make an error on your order, please message us with photos of the item and packaging, and we will be happy to assist.

Lost, Delayed Or Return Packages
Once an order has been shipped, delivery is handled by the shipping carrier
We are not responsible for carrier delays, lost packages, incorrect address, or packages marked as delivered by the carrier
Please make sure your shipping address is correct before placing your order
If a package is returned to us due to an incorrect or incomplete address, the buyer is  responsible for any addition shipping cost to resend the item

Care Instructions
Machine Wash gently with cold water
Lay flat or tumbler dry low
Iron if needed
Do not bleach

Thank you so much for supporting our handmade shop. We are honored to create a meaningful keepsake for your special day.",26.64,USD,98,"insect_jar_top,ladybug_tank_top,embroidered_cami,cottagecore_shirt,nature_lover_gift,bug_lover_clothing,spaghetti_strap_top,garden_insect_top,cute_summer_cami,whimsical_bug_top,entomology_gift,floral_insect_shirt,jar_embroidery_top","Cotton,Polyester",https://i.etsystatic.com/66439541/r/il/f6276b/8203240924/il_fullxfull.8203240924_4eyg.jpg,https://i.etsystatic.com/66439541/r/il/a9877c/8203239244/il_fullxfull.8203239244_ts1i.jpg,https://i.etsystatic.com/66439541/r/il/5cf75d/8251160447/il_fullxfull.8251160447_3p2c.jpg,https://i.etsystatic.com/66439541/r/il/3c17e6/8198189973/il_fullxfull.8198189973_5fup.jpg,https://i.etsystatic.com/66439541/r/il/3fbefa/8130478566/il_fullxfull.8130478566_amwj.jpg,https://i.etsystatic.com/66439541/r/il/28abb2/8198189967/il_fullxfull.8198189967_rn9e.jpg,https://i.etsystatic.com/66439541/r/il/2aa2a3/8150339970/il_fullxfull.8150339970_7bcg.jpg,https://i.etsystatic.com/66439541/r/il/398d71/8150339866/il_fullxfull.8150339866_fj16.jpg,https://i.etsystatic.com/66439541/r/il/45b881/8198254531/il_fullxfull.8198254531_1qw9.jpg,https://i.etsystatic.com/66439541/r/il/acd6fe/8150274582/il_fullxfull.8150274582_ld3y.jpg,"Custom Property",Size,"XS,S,M,L,XL","Custom Property","YOUR CHOICE","SPAGHETTI STRAP TANK,RIB- RACER TANK,CROPTOP",TUL-010
"Embroidered Ladybug Spaghetti Strap Tank Top, Cottagecore Garden Cami, Summer Crop Shirt","Add a cheerful garden-inspired accent to your wardrobe with this ladybug spaghetti strap tank top. Featuring two tiny embroidered ladybugs on a clean white cami, this cute summer top is perfect for cottagecore styling, sunny outings, and thoughtful gifts for nature lovers. 🐞🌿
About Our  Tank top
Each Tank top is made to order and personalized with care. Please check the sizing chart and color options before placing your order.
Product Details
- Premium soft micro rib fabric
- Personalized embroidery or print option
- Not Vinyl
- Flattering fitted crop style
- Soft cotton/ Polyester Blend
- Pre- Shrunk Fabric
- Tear- away label
- Lightweight semi-sheer feel
- Perfect for layering or bridal Styling
 How to personalize
Please enter the following information in the personalization box
1. Font Selection number
2. Exact words to be embroidered
3. Thread color
4. Optional symbol request, if applicable
Please double- check all spelling, punctuation, names, and dates before submitting your order. We will embroider the text exactly as provided

Perfect gift for 
- Bride- to- be
- Future Mrs
- Bridal shower Gifts
- Engagement Gifts
- Bachelorette Party outfit
- Honeymoon Outfit
- Wedding morning outfit
- Bridal Getting- ready Photos
 
Processing time
 Our standard processing time is 3-5 days
Processing time begins after we receive all personalization details. Orders with missing information may be delayed until the required details are provided
During busy wedding season or holidays, processing times may vary slightly, but we always do our best to complete and ship orders as quickly as possible

Shipping times
Standard shipping usually takes approximately 5-9 business days after the order has been processed and shipped.
Please note that shipping times are estimated  and may vary depending on the carrier, destination, weather, holidays, or other delays outside of our control
Once your order has been shipped , tracking information will be provided when available

Rush Shipping Option
Need your order sooner? 
We offer a Rush shipping option, which usually arrives in approximately 3-5 business days after processing.
Please select the rush option shipping  at checkout or message us before ordering if you have a specific deadline
Rush Shipping Speeds up the delivery method, but please remember that each handkerchief is still custom embroidered and requires production time

Important Notes
- Colors may appear slightly different depending on your screen or monitor settings
- Placement and sizing of embroidery may vary slightly depending on the wording and font selected
- Personalized item are handmade, so slight variations may occur.

Return & Exchange Policy
Because this is personalized custom item, we do not accept  returns, exchanges or cancellation once production has started 
However customer satisfaction is very important to us. If there is an issue with your order, please contact us as soon as possible so we can help
We are not responsible for errors submitted in the personalization box, including spelling mistakes, incorrect dates, missing words, or wrong names. 
Please review your personalization carefully before placing order 
If we make an error on your order, please message us with photos of the item and packaging, and we will be happy to assist.

Lost, Delayed Or Return Packages
Once an order has been shipped, delivery is handled by the shipping carrier
We are not responsible for carrier delays, lost packages, incorrect address, or packages marked as delivered by the carrier
Please make sure your shipping address is correct before placing your order
If a package is returned to us due to an incorrect or incomplete address, the buyer is  responsible for any addition shipping cost to resend the item

Care Instructions
Machine Wash gently with cold water
Lay flat or tumbler dry low
Iron if needed
Do not bleach

Thank you so much for supporting our handmade shop. We are honored to create a meaningful keepsake for your special day.",26.64,USD,96,"ladybug_tank_top,spaghetti_strap_top,embroidered_ladybug,cute_summer_cami,cottagecore_tank,garden_lover_gift,preppy_y2k_top,bug_lover_shirt,nature_lover_cami,white_ribbed_tank,ladybug_gift_her,summer_crop_top,insect_embroidery","Cotton,Polyester",https://i.etsystatic.com/66439541/r/il/66ffe0/8203295758/il_fullxfull.8203295758_oi07.jpg,https://i.etsystatic.com/66439541/r/il/317ba6/8203294484/il_fullxfull.8203294484_etqc.jpg,https://i.etsystatic.com/66439541/r/il/c73130/8203294966/il_fullxfull.8203294966_tioq.jpg,https://i.etsystatic.com/66439541/r/il/c1f5ac/8203294946/il_fullxfull.8203294946_5pkz.jpg,https://i.etsystatic.com/66439541/r/il/3c17e6/8198189973/il_fullxfull.8198189973_5fup.jpg,https://i.etsystatic.com/66439541/r/il/3fbefa/8130478566/il_fullxfull.8130478566_amwj.jpg,https://i.etsystatic.com/66439541/r/il/28abb2/8198189967/il_fullxfull.8198189967_rn9e.jpg,https://i.etsystatic.com/66439541/r/il/2aa2a3/8150339970/il_fullxfull.8150339970_7bcg.jpg,https://i.etsystatic.com/66439541/r/il/398d71/8150339866/il_fullxfull.8150339866_fj16.jpg,https://i.etsystatic.com/66439541/r/il/45b881/8198254531/il_fullxfull.8198254531_1qw9.jpg,"Custom Property",Size,"XS,S,M,L,XL","Custom Property","YOUR CHOICE","SPAGHETTI STRAP TANK,RIB- RACER TANK,CROPTOP",TUL-010
"Embroidered Ladybug Daisy Tank Top, Cottagecore Garden Cami, Summer Floral Shirt","Welcome to my little shop
Bring cheerful garden style to your wardrobe with this embroidered lady bug and daisy spaghetti strap tank top. Featuring a charming ladybug surrounded by delicate flowers and greenery, this floral cami is perfect for cottagecore outfits, summer adventures and nature- loving fashion
About Our  Tank top
Each Tank top is made to order and personalized with care. Please check the sizing chart and color options before placing your order.
Product Details
- Premium soft micro rib fabric
- Personalized embroidery or print option
- Not Vinyl
- Flattering fitted crop style
- Soft cotton/ Polyester Blend
- Pre- Shrunk Fabric
- Tear- away label
- Lightweight semi-sheer feel
- Perfect for layering or bridal Styling
 How to personalize
Please enter the following information in the personalization box
1. Font Selection number
2. Exact words to be embroidered
3. Thread color
4. Optional symbol request, if applicable
Please double- check all spelling, punctuation, names, and dates before submitting your order. We will embroider the text exactly as provided

Perfect gift for 
- Bride- to- be
- Future Mrs
- Bridal shower Gifts
- Engagement Gifts
- Bachelorette Party outfit
- Honeymoon Outfit
- Wedding morning outfit
- Bridal Getting- ready Photos
 
Processing time
 Our standard processing time is 3-5 days
Processing time begins after we receive all personalization details. Orders with missing information may be delayed until the required details are provided
During busy wedding season or holidays, processing times may vary slightly, but we always do our best to complete and ship orders as quickly as possible

Shipping times
Standard shipping usually takes approximately 5-9 business days after the order has been processed and shipped.
Please note that shipping times are estimated  and may vary depending on the carrier, destination, weather, holidays, or other delays outside of our control
Once your order has been shipped , tracking information will be provided when available

Rush Shipping Option
Need your order sooner? 
We offer a Rush shipping option, which usually arrives in approximately 3-5 business days after processing.
Please select the rush option shipping  at checkout or message us before ordering if you have a specific deadline
Rush Shipping Speeds up the delivery method, but please remember that each handkerchief is still custom embroidered and requires production time

Important Notes
- Colors may appear slightly different depending on your screen or monitor settings
- Placement and sizing of embroidery may vary slightly depending on the wording and font selected
- Personalized item are handmade, so slight variations may occur.

Return & Exchange Policy
Because this is personalized custom item, we do not accept  returns, exchanges or cancellation once production has started 
However customer satisfaction is very important to us. If there is an issue with your order, please contact us as soon as possible so we can help
We are not responsible for errors submitted in the personalization box, including spelling mistakes, incorrect dates, missing words, or wrong names. 
Please review your personalization carefully before placing order 
If we make an error on your order, please message us with photos of the item and packaging, and we will be happy to assist.

Lost, Delayed Or Return Packages
Once an order has been shipped, delivery is handled by the shipping carrier
We are not responsible for carrier delays, lost packages, incorrect address, or packages marked as delivered by the carrier
Please make sure your shipping address is correct before placing your order
If a package is returned to us due to an incorrect or incomplete address, the buyer is  responsible for any addition shipping cost to resend the item

Care Instructions
Machine Wash gently with cold water
Lay flat or tumbler dry low
Iron if needed
Do not bleach

Thank you so much for supporting our handmade shop. We are honored to create a meaningful keepsake for your special day.",26.64,USD,99,"ladybug_tank_top,daisy_tank_top,spaghetti_strap_top,embroidered_lady_bug,floral_summer,garden_lover_gift,lady_bug_daisy_top,women_floral_cami,sad_bug,summer_tank_top,botanical_tank_top,cute_insect,trendy_top","Cotton,Polyester",https://i.etsystatic.com/66439541/r/il/55d5be/8229076303/il_fullxfull.8229076303_5lhw.jpg,https://i.etsystatic.com/66439541/r/il/98de62/8229095487/il_fullxfull.8229095487_djim.jpg,https://i.etsystatic.com/66439541/r/il/cfe462/8229076287/il_fullxfull.8229076287_8nyt.jpg,https://i.etsystatic.com/66439541/r/il/45a005/8229076283/il_fullxfull.8229076283_5qvr.jpg,https://i.etsystatic.com/66439541/r/il/7c673c/8181145074/il_fullxfull.8181145074_d50i.jpg,https://i.etsystatic.com/66439541/r/il/3e6c04/8181145054/il_fullxfull.8181145054_dstj.jpg,https://i.etsystatic.com/66439541/r/il/3fbefa/8130478566/il_fullxfull.8130478566_amwj.jpg,https://i.etsystatic.com/66439541/r/il/2aa2a3/8150339970/il_fullxfull.8150339970_7bcg.jpg,https://i.etsystatic.com/66439541/r/il/398d71/8150339866/il_fullxfull.8150339866_fj16.jpg,https://i.etsystatic.com/66439541/r/il/45b881/8198254531/il_fullxfull.8198254531_1qw9.jpg,"Custom Property",Size,"XS,S,M,L,XL","Custom Property","YOUR CHOICE","SPAGHETTI STRAP TANK,RIB- RACER TANK,CROPTOP",TUL-005
"Embroidered Frog Scooter Shirt, Funny Office Work From Home Tee","Bring humor to the workday with this “Off to Answer More Emails” embroidered Comfort Colors shirt, featuring a funny frog riding a scooter with coffee, badge, and office essentials. This cute work shirt is perfect for office workers, administrative assistants, remote employees, coworkers, and anyone whose inbox never sleeps. 🐸☕
Processing time 
Our standard processing time is 3-5 days
Processing time begins after we receive all personalization details. Orders with missing information may be delayed until the required details are provided
During busy wedding season or holidays, processing times may vary slightly, but we always do our best to complete and ship orders as quickly as possible

Shipping times
Standard shipping usually takes approximately 5-9 business days after the order has been processed and shipped.
Please note that shipping times are estimated  and may vary depending on the carrier, destination, weather, holidays, or other delays outside of our control
Once your order has been shipped , tracking information will be provided when available

Rush Shipping Option
Need your order sooner? 
We offer a Rush shipping option, which usually arrives in approximately 3-5 business days after processing.
Please select the rush option shipping  at checkout or message us before ordering if you have a specific deadline
Rush Shipping Speeds up the delivery method, but please remember that each handkerchief is still custom embroidered and requires production time

Important Notes
- Colors may appear slightly different depending on your screen or monitor settings
- Placement and sizing of embroidery may vary slightly depending on the wording and font selected
- Personalized item are handmade, so slight variations may occur.

Return & Exchange Policy
Because this is personalized custom item, we do not accept  returns, exchanges or cancellation once production has started 
However customer satisfaction is very important to us. If there is an issue with your order, please contact us as soon as possible so we can help
We are not responsible for errors submitted in the personalization box, including spelling mistakes, incorrect dates, missing words, or wrong names. 
Please review your personalization carefully before placing order 
If we make an error on your order, please message us with photos of the item and packaging, and we will be happy to assist.

Lost, Delayed Or Return Packages
Once an order has been shipped, delivery is handled by the shipping carrier
We are not responsible for carrier delays, lost packages, incorrect address, or packages marked as delivered by the carrier
Please make sure your shipping address is correct before placing your order
If a package is returned to us due to an incorrect or incomplete address, the buyer is  responsible for any addition shipping cost to resend the item

Care Instructions
Machine Wash gently with cold water
Lay flat or tumbler dry low
Iron if needed
Do not bleach

Thank you so much for supporting our handmade shop. We are honored to create a meaningful keepsake for your special day.",35.32,USD,998,"off_to_emails_tee,office_frog_shirt,comfort_colors,embroidered_frog,funny_office_gift,work_from_home_top,admin_assistant,email_work_shirt,office_worker_gift,frog_sweatshirt,coworker_gift_tee,coffee_office_top,casual_work_tee","Cotton,Polyester",https://i.etsystatic.com/66439541/r/il/48246b/8282747323/il_fullxfull.8282747323_2602.jpg,https://i.etsystatic.com/66439541/r/il/8ecd31/8234838278/il_fullxfull.8234838278_dchy.jpg,https://i.etsystatic.com/66439541/r/il/1d6569/8207360470/il_fullxfull.8207360470_3l6p.jpg,https://i.etsystatic.com/66439541/r/il/3d65ee/8207360468/il_fullxfull.8207360468_17ug.jpg,https://i.etsystatic.com/66439541/r/il/28abb2/8198189967/il_fullxfull.8198189967_rn9e.jpg,https://i.etsystatic.com/66439541/r/il/acd6fe/8150274582/il_fullxfull.8150274582_ld3y.jpg,,,,,"Custom Property","Your choice","Gildan Sweatshirt,Tshirt Comfort Color,Gildan Hoodie,Quarter Zip,Croptop,Spaghetti Stap Tank,Rib-Racer Tank","Women's clothing size",Size,"XS,S,M,L,XL,2X,3X",TUL-010
"Faith Fish Follow Embroidered Comfort Colors T-Shirt, Christian Bass Tee","Share your faith with this Faith Fish Follow embroidered Comfort Colors T-shirt, designed with a meaningful Christian fish theme and soft stitched details. This faith-based tee is perfect for church events, Bible study, youth group, Christian camp, everyday outfits, and thoughtful gifts for believers. ✝️🐟
Processing time 
Our standard processing time is 3-5 days
Processing time begins after we receive all personalization details. Orders with missing information may be delayed until the required details are provided
During busy wedding season or holidays, processing times may vary slightly, but we always do our best to complete and ship orders as quickly as possible

Shipping times
Standard shipping usually takes approximately 5-9 business days after the order has been processed and shipped.
Please note that shipping times are estimated  and may vary depending on the carrier, destination, weather, holidays, or other delays outside of our control
Once your order has been shipped , tracking information will be provided when available

Rush Shipping Option
Need your order sooner? 
We offer a Rush shipping option, which usually arrives in approximately 3-5 business days after processing.
Please select the rush option shipping  at checkout or message us before ordering if you have a specific deadline
Rush Shipping Speeds up the delivery method, but please remember that each handkerchief is still custom embroidered and requires production time

Important Notes
- Colors may appear slightly different depending on your screen or monitor settings
- Placement and sizing of embroidery may vary slightly depending on the wording and font selected
- Personalized item are handmade, so slight variations may occur.

Return & Exchange Policy
Because this is personalized custom item, we do not accept  returns, exchanges or cancellation once production has started 
However customer satisfaction is very important to us. If there is an issue with your order, please contact us as soon as possible so we can help
We are not responsible for errors submitted in the personalization box, including spelling mistakes, incorrect dates, missing words, or wrong names. 
Please review your personalization carefully before placing order 
If we make an error on your order, please message us with photos of the item and packaging, and we will be happy to assist.

Lost, Delayed Or Return Packages
Once an order has been shipped, delivery is handled by the shipping carrier
We are not responsible for carrier delays, lost packages, incorrect address, or packages marked as delivered by the carrier
Please make sure your shipping address is correct before placing your order
If a package is returned to us due to an incorrect or incomplete address, the buyer is  responsible for any addition shipping cost to resend the item

Care Instructions
Machine Wash gently with cold water
Lay flat or tumbler dry low
Iron if needed
Do not bleach

Thank you so much for supporting our handmade shop. We are honored to create a meaningful keepsake for your special day.",35.32,USD,998,"faith_fish_shirt,christian_fish_tee,comfort_colors,embroidered_faith,fishers_of_men,bible_verse_gift,church_camp_tee,jesus_lover_gift,religious_shirt,faith_based_tee,christian_gift,follow_jesus_tee,church_outfit_top","Cotton,Polyester",https://i.etsystatic.com/66439541/r/il/67acfc/8282737177/il_fullxfull.8282737177_lmsc.jpg,https://i.etsystatic.com/66439541/r/il/2d475f/8234826562/il_fullxfull.8234826562_bfqf.jpg,https://i.etsystatic.com/66439541/r/il/1d6569/8207360470/il_fullxfull.8207360470_3l6p.jpg,https://i.etsystatic.com/66439541/r/il/3d65ee/8207360468/il_fullxfull.8207360468_17ug.jpg,https://i.etsystatic.com/66439541/r/il/28abb2/8198189967/il_fullxfull.8198189967_rn9e.jpg,https://i.etsystatic.com/66439541/r/il/acd6fe/8150274582/il_fullxfull.8150274582_ld3y.jpg,,,,,"Custom Property","Your choice","Gildan Sweatshirt,Tshirt Comfort Color,Gildan Hoodie,Quarter Zip,Croptop,Spaghetti Stap Tank,Rib-Racer Tank","Women's clothing size",Size,"XS,S,M,L,XL,2X,3X",TUL-010
"Embroidered Art Teacher Frog Shirt, Comfort Colors Back to School Top","Bring creativity and classroom fun to your wardrobe with this “Off to Teach Art” embroidered Comfort Colors shirt. Designed for art teachers, painters, creative educators, and school staff, this cute art teacher tee is perfect for back to school, Teacher Appreciation, classroom outfits, and everyday creative style. 🎨🐸
Processing time 
Our standard processing time is 3-5 days
Processing time begins after we receive all personalization details. Orders with missing information may be delayed until the required details are provided
During busy wedding season or holidays, processing times may vary slightly, but we always do our best to complete and ship orders as quickly as possible

Shipping times
Standard shipping usually takes approximately 5-9 business days after the order has been processed and shipped.
Please note that shipping times are estimated  and may vary depending on the carrier, destination, weather, holidays, or other delays outside of our control
Once your order has been shipped , tracking information will be provided when available

Rush Shipping Option
Need your order sooner? 
We offer a Rush shipping option, which usually arrives in approximately 3-5 business days after processing.
Please select the rush option shipping  at checkout or message us before ordering if you have a specific deadline
Rush Shipping Speeds up the delivery method, but please remember that each handkerchief is still custom embroidered and requires production time

Important Notes
- Colors may appear slightly different depending on your screen or monitor settings
- Placement and sizing of embroidery may vary slightly depending on the wording and font selected
- Personalized item are handmade, so slight variations may occur.

Return & Exchange Policy
Because this is personalized custom item, we do not accept  returns, exchanges or cancellation once production has started 
However customer satisfaction is very important to us. If there is an issue with your order, please contact us as soon as possible so we can help
We are not responsible for errors submitted in the personalization box, including spelling mistakes, incorrect dates, missing words, or wrong names. 
Please review your personalization carefully before placing order 
If we make an error on your order, please message us with photos of the item and packaging, and we will be happy to assist.

Lost, Delayed Or Return Packages
Once an order has been shipped, delivery is handled by the shipping carrier
We are not responsible for carrier delays, lost packages, incorrect address, or packages marked as delivered by the carrier
Please make sure your shipping address is correct before placing your order
If a package is returned to us due to an incorrect or incomplete address, the buyer is  responsible for any addition shipping cost to resend the item

Care Instructions
Machine Wash gently with cold water
Lay flat or tumbler dry low
Iron if needed
Do not bleach

Thank you so much for supporting our handmade shop. We are honored to create a meaningful keepsake for your special day.",35.32,USD,998,"off_teach_art_top,art_teacher_gift,comfort_colors,embroidered_art,back_to_school,artist_teacher_tee,classroom_outfit,teacher_gift_idea,painter_shirt_gift,cute_teacher_top,art_class_shirt,creative_teacher,school_staff_gift","Cotton,Polyester",https://i.etsystatic.com/66439541/r/il/bfe7a7/8282728263/il_fullxfull.8282728263_7jq5.jpg,https://i.etsystatic.com/66439541/r/il/2eb891/8234817942/il_fullxfull.8234817942_fr5j.jpg,https://i.etsystatic.com/66439541/r/il/1d6569/8207360470/il_fullxfull.8207360470_3l6p.jpg,https://i.etsystatic.com/66439541/r/il/3d65ee/8207360468/il_fullxfull.8207360468_17ug.jpg,https://i.etsystatic.com/66439541/r/il/28abb2/8198189967/il_fullxfull.8198189967_rn9e.jpg,https://i.etsystatic.com/66439541/r/il/acd6fe/8150274582/il_fullxfull.8150274582_ld3y.jpg,,,,,"Custom Property","Your choice","Gildan Sweatshirt,Tshirt Comfort Color,Gildan Hoodie,Quarter Zip,Croptop,Spaghetti Stap Tank,Rib-Racer Tank","Women's clothing size",Size,"XS,S,M,L,XL,2X,3X",TUL-010
"Off to Teach Science Embroidered Comfort Colors Shirt, Funny Frog Teacher Tee, STEM Classroom Gift, Back to School Top for Sciece Teacher","Bring curiosity and classroom fun to your wardrobe with this “Off to Teach Science” embroidered Comfort Colors shirt. Featuring a playful teacher-inspired design, this science teacher tee is perfect for STEM educators, biology teachers, chemistry teachers, lab lovers, and back-to-school outfits. 🔬🐸
Processing time 
Our standard processing time is 3-5 days
Processing time begins after we receive all personalization details. Orders with missing information may be delayed until the required details are provided
During busy wedding season or holidays, processing times may vary slightly, but we always do our best to complete and ship orders as quickly as possible

Shipping times
Standard shipping usually takes approximately 5-9 business days after the order has been processed and shipped.
Please note that shipping times are estimated  and may vary depending on the carrier, destination, weather, holidays, or other delays outside of our control
Once your order has been shipped , tracking information will be provided when available

Rush Shipping Option
Need your order sooner? 
We offer a Rush shipping option, which usually arrives in approximately 3-5 business days after processing.
Please select the rush option shipping  at checkout or message us before ordering if you have a specific deadline
Rush Shipping Speeds up the delivery method, but please remember that each handkerchief is still custom embroidered and requires production time

Important Notes
- Colors may appear slightly different depending on your screen or monitor settings
- Placement and sizing of embroidery may vary slightly depending on the wording and font selected
- Personalized item are handmade, so slight variations may occur.

Return & Exchange Policy
Because this is personalized custom item, we do not accept  returns, exchanges or cancellation once production has started 
However customer satisfaction is very important to us. If there is an issue with your order, please contact us as soon as possible so we can help
We are not responsible for errors submitted in the personalization box, including spelling mistakes, incorrect dates, missing words, or wrong names. 
Please review your personalization carefully before placing order 
If we make an error on your order, please message us with photos of the item and packaging, and we will be happy to assist.

Lost, Delayed Or Return Packages
Once an order has been shipped, delivery is handled by the shipping carrier
We are not responsible for carrier delays, lost packages, incorrect address, or packages marked as delivered by the carrier
Please make sure your shipping address is correct before placing your order
If a package is returned to us due to an incorrect or incomplete address, the buyer is  responsible for any addition shipping cost to resend the item

Care Instructions
Machine Wash gently with cold water
Lay flat or tumbler dry low
Iron if needed
Do not bleach

Thank you so much for supporting our handmade shop. We are honored to create a meaningful keepsake for your special day.",35.32,USD,998,"science_teacher,off_teach_science,comfort_colors,embroidered_tee,funny_frog_shirt,stem_teacher_gift,back_to_school,science_class_top,teacher_gift_idea,classroom_outfit,biology_teacher,chemistry_teacher,educator_shirt","Cotton,Polyester",https://i.etsystatic.com/66439541/r/il/cf4aac/8234812244/il_fullxfull.8234812244_82ps.jpg,https://i.etsystatic.com/66439541/r/il/466358/8234811452/il_fullxfull.8234811452_fvcz.jpg,https://i.etsystatic.com/66439541/r/il/1d6569/8207360470/il_fullxfull.8207360470_3l6p.jpg,https://i.etsystatic.com/66439541/r/il/3d65ee/8207360468/il_fullxfull.8207360468_17ug.jpg,https://i.etsystatic.com/66439541/r/il/28abb2/8198189967/il_fullxfull.8198189967_rn9e.jpg,https://i.etsystatic.com/66439541/r/il/acd6fe/8150274582/il_fullxfull.8150274582_ld3y.jpg,,,,,"Custom Property","Your choice","Gildan Sweatshirt,Tshirt Comfort Color,Gildan Hoodie,Quarter Zip,Croptop,Spaghetti Stap Tank,Rib-Racer Tank","Women's clothing size",Size,"XS,S,M,L,XL,2X,3X",TUL-010
"Embroidered Ghost Reading Bible Comfort Colors Shirt, Christian Halloween Fall Top","Celebrate spooky season with a faith-filled twist in this “Off to Praise the Lord” embroidered Comfort Colors shirt. Featuring a cute ghost reading a Bible, a witch hat, black cat, bats, and autumn Halloween details, this Christian fall tee is perfect for church events, Bible study, pumpkin patch days, and cozy seasonal outfits. ✝️👻🐈‍⬛
Processing time 
Our standard processing time is 3-5 days
Processing time begins after we receive all personalization details. Orders with missing information may be delayed until the required details are provided
During busy wedding season or holidays, processing times may vary slightly, but we always do our best to complete and ship orders as quickly as possible

Shipping times
Standard shipping usually takes approximately 5-9 business days after the order has been processed and shipped.
Please note that shipping times are estimated  and may vary depending on the carrier, destination, weather, holidays, or other delays outside of our control
Once your order has been shipped , tracking information will be provided when available

Rush Shipping Option
Need your order sooner? 
We offer a Rush shipping option, which usually arrives in approximately 3-5 business days after processing.
Please select the rush option shipping  at checkout or message us before ordering if you have a specific deadline
Rush Shipping Speeds up the delivery method, but please remember that each handkerchief is still custom embroidered and requires production time

Important Notes
- Colors may appear slightly different depending on your screen or monitor settings
- Placement and sizing of embroidery may vary slightly depending on the wording and font selected
- Personalized item are handmade, so slight variations may occur.

Return & Exchange Policy
Because this is personalized custom item, we do not accept  returns, exchanges or cancellation once production has started 
However customer satisfaction is very important to us. If there is an issue with your order, please contact us as soon as possible so we can help
We are not responsible for errors submitted in the personalization box, including spelling mistakes, incorrect dates, missing words, or wrong names. 
Please review your personalization carefully before placing order 
If we make an error on your order, please message us with photos of the item and packaging, and we will be happy to assist.

Lost, Delayed Or Return Packages
Once an order has been shipped, delivery is handled by the shipping carrier
We are not responsible for carrier delays, lost packages, incorrect address, or packages marked as delivered by the carrier
Please make sure your shipping address is correct before placing your order
If a package is returned to us due to an incorrect or incomplete address, the buyer is  responsible for any addition shipping cost to resend the item

Care Instructions
Machine Wash gently with cold water
Lay flat or tumbler dry low
Iron if needed
Do not bleach

Thank you so much for supporting our handmade shop. We are honored to create a meaningful keepsake for your special day.",35.32,USD,998,"off_praise_lord,christian_ghost,halloween_faith,comfort_colors,embroidered_tee,spooky_church_top,faith_based_top,cute_ghost_shirt,church_fall_tee,jesus_lover_gift,christian_gift,fall_faith_shirt,praise_lord_tee","Cotton,Polyester",https://i.etsystatic.com/66439541/r/il/4fc66a/8282715153/il_fullxfull.8282715153_7lsw.jpg,https://i.etsystatic.com/66439541/r/il/62c8d3/8234803250/il_fullxfull.8234803250_ilnf.jpg,https://i.etsystatic.com/66439541/r/il/1d6569/8207360470/il_fullxfull.8207360470_3l6p.jpg,https://i.etsystatic.com/66439541/r/il/3d65ee/8207360468/il_fullxfull.8207360468_17ug.jpg,https://i.etsystatic.com/66439541/r/il/28abb2/8198189967/il_fullxfull.8198189967_rn9e.jpg,https://i.etsystatic.com/66439541/r/il/acd6fe/8150274582/il_fullxfull.8150274582_ld3y.jpg,,,,,"Custom Property","Your choice","Gildan Sweatshirt,Tshirt Comfort Color,Gildan Hoodie,Quarter Zip,Croptop,Spaghetti Stap Tank,Rib-Racer Tank","Women's clothing size",Size,"XS,S,M,L,XL,2X,3X",TUL-010
"Off to Care for Little Hearts Embroidered Sweatshirt, Pediatric Cardiac Nurse Gift Hospital Top for Women","This Off to Care for Little Hearts embroidered sweatshirt is a sweet and meaningful gift for pediatric nurses, cardiac nurses, PICU staff, and healthcare workers who care for little patients with love. Featuring a cute frog nurse design and soft heart details, this cozy nurse crewneck is perfect for hospital shifts, nurse appreciation gifts, and everyday medical staff style. 🩺💗🐸
Processing time 
Our standard processing time is 3-5 days
Processing time begins after we receive all personalization details. Orders with missing information may be delayed until the required details are provided
During busy wedding season or holidays, processing times may vary slightly, but we always do our best to complete and ship orders as quickly as possible

Shipping times
Standard shipping usually takes approximately 5-9 business days after the order has been processed and shipped.
Please note that shipping times are estimated  and may vary depending on the carrier, destination, weather, holidays, or other delays outside of our control
Once your order has been shipped , tracking information will be provided when available

Rush Shipping Option
Need your order sooner? 
We offer a Rush shipping option, which usually arrives in approximately 3-5 business days after processing.
Please select the rush option shipping  at checkout or message us before ordering if you have a specific deadline
Rush Shipping Speeds up the delivery method, but please remember that each handkerchief is still custom embroidered and requires production time

Important Notes
- Colors may appear slightly different depending on your screen or monitor settings
- Placement and sizing of embroidery may vary slightly depending on the wording and font selected
- Personalized item are handmade, so slight variations may occur.

Return & Exchange Policy
Because this is personalized custom item, we do not accept  returns, exchanges or cancellation once production has started 
However customer satisfaction is very important to us. If there is an issue with your order, please contact us as soon as possible so we can help
We are not responsible for errors submitted in the personalization box, including spelling mistakes, incorrect dates, missing words, or wrong names. 
Please review your personalization carefully before placing order 
If we make an error on your order, please message us with photos of the item and packaging, and we will be happy to assist.

Lost, Delayed Or Return Packages
Once an order has been shipped, delivery is handled by the shipping carrier
We are not responsible for carrier delays, lost packages, incorrect address, or packages marked as delivered by the carrier
Please make sure your shipping address is correct before placing your order
If a package is returned to us due to an incorrect or incomplete address, the buyer is  responsible for any addition shipping cost to resend the item

Care Instructions
Machine Wash gently with cold water
Lay flat or tumbler dry low
Iron if needed
Do not bleach

Thank you so much for supporting our handmade shop. We are honored to create a meaningful keepsake for your special day.",35.32,USD,998,"pediatric_nurse,cardiac_nurse_top,little_hearts_top,frog_nurse_shirt,nurse_crewneck,embroidered_nurse,hospital_worker,picu_nurse_gift,cute_nurse_gift,medical_staff_top,nurse_week_gift,children_nurse,nurse_sweatshirt","Cotton,Polyester",https://i.etsystatic.com/66439541/r/il/f9f480/8282697707/il_fullxfull.8282697707_h5xa.jpg,https://i.etsystatic.com/66439541/r/il/71aed8/8234788400/il_fullxfull.8234788400_5rsg.jpg,https://i.etsystatic.com/66439541/r/il/1d6569/8207360470/il_fullxfull.8207360470_3l6p.jpg,https://i.etsystatic.com/66439541/r/il/3d65ee/8207360468/il_fullxfull.8207360468_17ug.jpg,https://i.etsystatic.com/66439541/r/il/28abb2/8198189967/il_fullxfull.8198189967_rn9e.jpg,https://i.etsystatic.com/66439541/r/il/acd6fe/8150274582/il_fullxfull.8150274582_ld3y.jpg,,,,,"Custom Property","Your choice","Gildan Sweatshirt,Tshirt Comfort Color,Gildan Hoodie,Quarter Zip,Croptop,Spaghetti Stap Tank,Rib-Racer Tank","Women's clothing size",Size,"XS,S,M,L,XL,2X,3X",TUL-010
"Off to Help Little Fighters Embroidered Sweatshirt, Cute Frog Nurse Crewneck, Pediatric Nurse Gift, NICU PICU Hospital Top for Women","This “Off to Help Little Fighters” embroidered sweatshirt is a heartfelt and cozy choice for pediatric nurses, NICU nurses, PICU nurses, children’s hospital staff, and healthcare workers who care for brave little patients every day. Featuring a sweet frog nurse design with soft heart details, this nurse crewneck makes a thoughtful gift for work, appreciation week, graduation, or everyday comfort. 🩺🐸💚
Processing time 
Our standard processing time is 3-5 days
Processing time begins after we receive all personalization details. Orders with missing information may be delayed until the required details are provided
During busy wedding season or holidays, processing times may vary slightly, but we always do our best to complete and ship orders as quickly as possible

Shipping times
Standard shipping usually takes approximately 5-9 business days after the order has been processed and shipped.
Please note that shipping times are estimated  and may vary depending on the carrier, destination, weather, holidays, or other delays outside of our control
Once your order has been shipped , tracking information will be provided when available

Rush Shipping Option
Need your order sooner? 
We offer a Rush shipping option, which usually arrives in approximately 3-5 business days after processing.
Please select the rush option shipping  at checkout or message us before ordering if you have a specific deadline
Rush Shipping Speeds up the delivery method, but please remember that each handkerchief is still custom embroidered and requires production time

Important Notes
- Colors may appear slightly different depending on your screen or monitor settings
- Placement and sizing of embroidery may vary slightly depending on the wording and font selected
- Personalized item are handmade, so slight variations may occur.

Return & Exchange Policy
Because this is personalized custom item, we do not accept  returns, exchanges or cancellation once production has started 
However customer satisfaction is very important to us. If there is an issue with your order, please contact us as soon as possible so we can help
We are not responsible for errors submitted in the personalization box, including spelling mistakes, incorrect dates, missing words, or wrong names. 
Please review your personalization carefully before placing order 
If we make an error on your order, please message us with photos of the item and packaging, and we will be happy to assist.

Lost, Delayed Or Return Packages
Once an order has been shipped, delivery is handled by the shipping carrier
We are not responsible for carrier delays, lost packages, incorrect address, or packages marked as delivered by the carrier
Please make sure your shipping address is correct before placing your order
If a package is returned to us due to an incorrect or incomplete address, the buyer is  responsible for any addition shipping cost to resend the item

Care Instructions
Machine Wash gently with cold water
Lay flat or tumbler dry low
Iron if needed
Do not bleach

Thank you so much for supporting our handmade shop. We are honored to create a meaningful keepsake for your special day.",35.32,USD,998,"pediatric_nurse,little_fighters,frog_nurse_top,nurse_sweatshirt,peds_nurse_gift,nicu_nurse_gift,picu_nurse_gift,hospital_worker,embroidered_nurse,cute_nurse_gift,rn_crewneck_top,clinic_nurse_top,nurse_week_gift","Cotton,Polyester",https://i.etsystatic.com/66439541/r/il/c0ee2f/8282689263/il_fullxfull.8282689263_gsff.jpg,https://i.etsystatic.com/66439541/r/il/ef04a8/8282680953/il_fullxfull.8282680953_iwi2.jpg,https://i.etsystatic.com/66439541/r/il/1d6569/8207360470/il_fullxfull.8207360470_3l6p.jpg,https://i.etsystatic.com/66439541/r/il/3d65ee/8207360468/il_fullxfull.8207360468_17ug.jpg,https://i.etsystatic.com/66439541/r/il/28abb2/8198189967/il_fullxfull.8198189967_rn9e.jpg,https://i.etsystatic.com/66439541/r/il/acd6fe/8150274582/il_fullxfull.8150274582_ld3y.jpg,,,,,"Custom Property","Your choice","Gildan Sweatshirt,Tshirt Comfort Color,Gildan Hoodie,Quarter Zip,Croptop,Spaghetti Stap Tank,Rib-Racer Tank","Women's clothing size",Size,"XS,S,M,L,XL,2X,3X",TUL-010
"Off to Help Little Patients Embroidered Sweatshirt, Cute Frog Nurse Crewneck, Pediatric Nurse Gift, Peds RN Hospital Top for Women","This Off to Help Little Patients embroidered sweatshirt is a cozy and cheerful choice for pediatric nurses, peds RNs, children’s clinic staff, and healthcare workers who care for little ones every day. Featuring a cute frog nurse design, this embroidered nurse crewneck makes a thoughtful pediatric nurse gift, nurse appreciation gift, and everyday hospital sweatshirt for work or off-duty comfort. 🩺🐸💚
Processing time 
Our standard processing time is 3-5 days
Processing time begins after we receive all personalization details. Orders with missing information may be delayed until the required details are provided
During busy wedding season or holidays, processing times may vary slightly, but we always do our best to complete and ship orders as quickly as possible

Shipping times
Standard shipping usually takes approximately 5-9 business days after the order has been processed and shipped.
Please note that shipping times are estimated  and may vary depending on the carrier, destination, weather, holidays, or other delays outside of our control
Once your order has been shipped , tracking information will be provided when available

Rush Shipping Option
Need your order sooner? 
We offer a Rush shipping option, which usually arrives in approximately 3-5 business days after processing.
Please select the rush option shipping  at checkout or message us before ordering if you have a specific deadline
Rush Shipping Speeds up the delivery method, but please remember that each handkerchief is still custom embroidered and requires production time

Important Notes
- Colors may appear slightly different depending on your screen or monitor settings
- Placement and sizing of embroidery may vary slightly depending on the wording and font selected
- Personalized item are handmade, so slight variations may occur.

Return & Exchange Policy
Because this is personalized custom item, we do not accept  returns, exchanges or cancellation once production has started 
However customer satisfaction is very important to us. If there is an issue with your order, please contact us as soon as possible so we can help
We are not responsible for errors submitted in the personalization box, including spelling mistakes, incorrect dates, missing words, or wrong names. 
Please review your personalization carefully before placing order 
If we make an error on your order, please message us with photos of the item and packaging, and we will be happy to assist.

Lost, Delayed Or Return Packages
Once an order has been shipped, delivery is handled by the shipping carrier
We are not responsible for carrier delays, lost packages, incorrect address, or packages marked as delivered by the carrier
Please make sure your shipping address is correct before placing your order
If a package is returned to us due to an incorrect or incomplete address, the buyer is  responsible for any addition shipping cost to resend the item

Care Instructions
Machine Wash gently with cold water
Lay flat or tumbler dry low
Iron if needed
Do not bleach

Thank you so much for supporting our handmade shop. We are honored to create a meaningful keepsake for your special day.",35.32,USD,998,"pediatric_nurse,peds_nurse_gift,frog_nurse_top,nurse_sweatshirt,little_patients,cute_nurse_gift,hospital_worker,pediatric_gift,rn_crewneck_top,nurse_week_gift,medical_staff_top,nurse_frog_shirt,clinic_nurse_top","Cotton,Polyester",https://i.etsystatic.com/66439541/r/il/597e7c/8282672103/il_fullxfull.8282672103_4v3s.jpg,https://i.etsystatic.com/66439541/r/il/9f512d/8234761944/il_fullxfull.8234761944_9dan.jpg,https://i.etsystatic.com/66439541/r/il/1d6569/8207360470/il_fullxfull.8207360470_3l6p.jpg,https://i.etsystatic.com/66439541/r/il/3d65ee/8207360468/il_fullxfull.8207360468_17ug.jpg,https://i.etsystatic.com/66439541/r/il/28abb2/8198189967/il_fullxfull.8198189967_rn9e.jpg,https://i.etsystatic.com/66439541/r/il/acd6fe/8150274582/il_fullxfull.8150274582_ld3y.jpg,,,,,"Custom Property","Your choice","Gildan Sweatshirt,Tshirt Comfort Color,Gildan Hoodie,Quarter Zip,Croptop,Spaghetti Stap Tank,Rib-Racer Tank","Women's clothing size",Size,"XS,S,M,L,XL,2X,3X",TUL-010
"Ghost Book Embroidered Comfort Colors Shirt, Cozy Halloween Reader Tee, Autumn Book Lover Gift","Celebrate cozy spooky season with this ghost book embroidered Comfort Colors shirt, featuring a sweet little ghost reading a book with autumn leaves and sparkle accents. This cute Halloween reader tee is perfect for book lovers, librarians, teachers, book club friends, and anyone who enjoys cozy fall outfits with a playful spooky touch. 👻📚🍂
Processing time 
Our standard processing time is 3-5 days
Processing time begins after we receive all personalization details. Orders with missing information may be delayed until the required details are provided
During busy wedding season or holidays, processing times may vary slightly, but we always do our best to complete and ship orders as quickly as possible

Shipping times
Standard shipping usually takes approximately 5-9 business days after the order has been processed and shipped.
Please note that shipping times are estimated  and may vary depending on the carrier, destination, weather, holidays, or other delays outside of our control
Once your order has been shipped , tracking information will be provided when available

Rush Shipping Option
Need your order sooner? 
We offer a Rush shipping option, which usually arrives in approximately 3-5 business days after processing.
Please select the rush option shipping  at checkout or message us before ordering if you have a specific deadline
Rush Shipping Speeds up the delivery method, but please remember that each handkerchief is still custom embroidered and requires production time

Important Notes
- Colors may appear slightly different depending on your screen or monitor settings
- Placement and sizing of embroidery may vary slightly depending on the wording and font selected
- Personalized item are handmade, so slight variations may occur.

Return & Exchange Policy
Because this is personalized custom item, we do not accept  returns, exchanges or cancellation once production has started 
However customer satisfaction is very important to us. If there is an issue with your order, please contact us as soon as possible so we can help
We are not responsible for errors submitted in the personalization box, including spelling mistakes, incorrect dates, missing words, or wrong names. 
Please review your personalization carefully before placing order 
If we make an error on your order, please message us with photos of the item and packaging, and we will be happy to assist.

Lost, Delayed Or Return Packages
Once an order has been shipped, delivery is handled by the shipping carrier
We are not responsible for carrier delays, lost packages, incorrect address, or packages marked as delivered by the carrier
Please make sure your shipping address is correct before placing your order
If a package is returned to us due to an incorrect or incomplete address, the buyer is  responsible for any addition shipping cost to resend the item

Care Instructions
Machine Wash gently with cold water
Lay flat or tumbler dry low
Iron if needed
Do not bleach

Thank you so much for supporting our handmade shop. We are honored to create a meaningful keepsake for your special day.",35.32,USD,998,"ghost_book_tee,embroidered_ghost,comfort_colors,halloween_reader,book_lover_gift,cozy_autumn_top,spooky_book_shirt,reading_ghost_tee,fall_reader_gift,cute_ghost_shirt,bookworm_fall_top,literary_halloween,autumn_book_tee","Cotton,Polyester",https://i.etsystatic.com/66439541/r/il/e74e01/8282667167/il_fullxfull.8282667167_8hgd.jpg,https://i.etsystatic.com/66439541/r/il/d4fd59/8282663015/il_fullxfull.8282663015_o9of.jpg,https://i.etsystatic.com/66439541/r/il/1d6569/8207360470/il_fullxfull.8207360470_3l6p.jpg,https://i.etsystatic.com/66439541/r/il/3d65ee/8207360468/il_fullxfull.8207360468_17ug.jpg,https://i.etsystatic.com/66439541/r/il/28abb2/8198189967/il_fullxfull.8198189967_rn9e.jpg,https://i.etsystatic.com/66439541/r/il/acd6fe/8150274582/il_fullxfull.8150274582_ld3y.jpg,,,,,"Custom Property","Your choice","Gildan Sweatshirt,Tshirt Comfort Color,Gildan Hoodie,Quarter Zip,Croptop,Spaghetti Stap Tank,Rib-Racer Tank","Women's clothing size",Size,"XS,S,M,L,XL,2X,3X",TUL-010
"Embroidered Frog Cowboy Scooter Shirt, Western Rodeo Comfort Colors Tee","Bring playful western charm to your wardrobe with this Off to the Rodeo frog embroidered Comfort Colors shirt. Featuring a cute cowboy frog on a scooter with a rope and rodeo-inspired details, this funny western tee is perfect for country fair outfits, rodeo events, cowgirl style, and unique gift giving. 🤠🐸
Processing time 
Our standard processing time is 3-5 days
Processing time begins after we receive all personalization details. Orders with missing information may be delayed until the required details are provided
During busy wedding season or holidays, processing times may vary slightly, but we always do our best to complete and ship orders as quickly as possible

Shipping times
Standard shipping usually takes approximately 5-9 business days after the order has been processed and shipped.
Please note that shipping times are estimated  and may vary depending on the carrier, destination, weather, holidays, or other delays outside of our control
Once your order has been shipped , tracking information will be provided when available

Rush Shipping Option
Need your order sooner? 
We offer a Rush shipping option, which usually arrives in approximately 3-5 business days after processing.
Please select the rush option shipping  at checkout or message us before ordering if you have a specific deadline
Rush Shipping Speeds up the delivery method, but please remember that each handkerchief is still custom embroidered and requires production time

Important Notes
- Colors may appear slightly different depending on your screen or monitor settings
- Placement and sizing of embroidery may vary slightly depending on the wording and font selected
- Personalized item are handmade, so slight variations may occur.

Return & Exchange Policy
Because this is personalized custom item, we do not accept  returns, exchanges or cancellation once production has started 
However customer satisfaction is very important to us. If there is an issue with your order, please contact us as soon as possible so we can help
We are not responsible for errors submitted in the personalization box, including spelling mistakes, incorrect dates, missing words, or wrong names. 
Please review your personalization carefully before placing order 
If we make an error on your order, please message us with photos of the item and packaging, and we will be happy to assist.

Lost, Delayed Or Return Packages
Once an order has been shipped, delivery is handled by the shipping carrier
We are not responsible for carrier delays, lost packages, incorrect address, or packages marked as delivered by the carrier
Please make sure your shipping address is correct before placing your order
If a package is returned to us due to an incorrect or incomplete address, the buyer is  responsible for any addition shipping cost to resend the item

Care Instructions
Machine Wash gently with cold water
Lay flat or tumbler dry low
Iron if needed
Do not bleach

Thank you so much for supporting our handmade shop. We are honored to create a meaningful keepsake for your special day.",35.32,USD,998,"off_to_rodeo_frog,western_frog_tee,cowboy_frog_shirt,rodeo_lover_gift,comfort_colors,country_fair_tee,cowgirl_outfit,western_cute_top,frog_embroidered,funny_rodeo_tee,ranch_style_shirt,country_western,frog_lover_gift","Cotton,Polyester",https://i.etsystatic.com/66439541/r/il/352973/8234745032/il_fullxfull.8234745032_5cxu.jpg,https://i.etsystatic.com/66439541/r/il/8b5ac1/8234743292/il_fullxfull.8234743292_sy89.jpg,https://i.etsystatic.com/66439541/r/il/1d6569/8207360470/il_fullxfull.8207360470_3l6p.jpg,https://i.etsystatic.com/66439541/r/il/3d65ee/8207360468/il_fullxfull.8207360468_17ug.jpg,https://i.etsystatic.com/66439541/r/il/28abb2/8198189967/il_fullxfull.8198189967_rn9e.jpg,https://i.etsystatic.com/66439541/r/il/acd6fe/8150274582/il_fullxfull.8150274582_ld3y.jpg,,,,,"Custom Property","Your choice","Gildan Sweatshirt,Tshirt Comfort Color,Gildan Hoodie,Quarter Zip,Croptop,Spaghetti Stap Tank,Rib-Racer Tank","Women's clothing size",Size,"XS,S,M,L,XL,2X,3X",TUL-010
"Tis the Season Embroidered Comfort Colors Shirt, Football Pumpkin Fall Tee, Cozy Thanksgiving Gift, Game Day Autumn Top for Women and Fans","Celebrate crisp autumn days, football weekends, and cozy Thanksgiving gatherings with this “Tis the Season” embroidered Comfort Colors shirt. Featuring a football, pumpkin, fall leaf, and warm drink design, this cozy fall tee is perfect for game day outfits, pumpkin patch trips, and seasonal gifting. 🏈🎃🍂

• Festive fall embroidery: The embroidered football, pumpkin, maple leaf, and cozy drink details create a fun seasonal design for autumn lovers and football fans.

• Perfect game day outfit: Wear it for football Sundays, tailgate parties, fall festivals, Thanksgiving gatherings, pumpkin patch visits, coffee dates, and casual weekends.

• Comfort Colors style: Easy to pair with jeans, leggings, flannels, cardigans, boots, or sneakers for a relaxed and cozy autumn look.

• Thoughtful seasonal gift: A great gift for moms, sisters, girlfriends, teachers, football fans, fall lovers, hostesses, and anyone who enjoys cozy embroidered apparel. 🎁

• Detailed stitched finish: The embroidery adds texture, color, and lasting charm, making this fall shirt feel more special than a standard printed tee.

• Easy care instructions: Turn the shirt inside out before washing, use cold water on a gentle cycle, avoid bleach, and air dry or tumble dry low to protect the embroidery.
Processing time 
Our standard processing time is 3-5 days
Processing time begins after we receive all personalization details. Orders with missing information may be delayed until the required details are provided
During busy wedding season or holidays, processing times may vary slightly, but we always do our best to complete and ship orders as quickly as possible

Shipping times
Standard shipping usually takes approximately 5-9 business days after the order has been processed and shipped.
Please note that shipping times are estimated  and may vary depending on the carrier, destination, weather, holidays, or other delays outside of our control
Once your order has been shipped , tracking information will be provided when available

Rush Shipping Option
Need your order sooner? 
We offer a Rush shipping option, which usually arrives in approximately 3-5 business days after processing.
Please select the rush option shipping  at checkout or message us before ordering if you have a specific deadline
Rush Shipping Speeds up the delivery method, but please remember that each handkerchief is still custom embroidered and requires production time

Important Notes
- Colors may appear slightly different depending on your screen or monitor settings
- Placement and sizing of embroidery may vary slightly depending on the wording and font selected
- Personalized item are handmade, so slight variations may occur.

Return & Exchange Policy
Because this is personalized custom item, we do not accept  returns, exchanges or cancellation once production has started 
However customer satisfaction is very important to us. If there is an issue with your order, please contact us as soon as possible so we can help
We are not responsible for errors submitted in the personalization box, including spelling mistakes, incorrect dates, missing words, or wrong names. 
Please review your personalization carefully before placing order 
If we make an error on your order, please message us with photos of the item and packaging, and we will be happy to assist.

Lost, Delayed Or Return Packages
Once an order has been shipped, delivery is handled by the shipping carrier
We are not responsible for carrier delays, lost packages, incorrect address, or packages marked as delivered by the carrier
Please make sure your shipping address is correct before placing your order
If a package is returned to us due to an incorrect or incomplete address, the buyer is  responsible for any addition shipping cost to resend the item

Care Instructions
Machine Wash gently with cold water
Lay flat or tumbler dry low
Iron if needed
Do not bleach

Thank you so much for supporting our handmade shop. We are honored to create a meaningful keepsake for your special day.",35.32,USD,998,"fall_football_tee,tis_season_shirt,comfort_colors,embroidered_fall,pumpkin_football,thanksgiving_tee,game_day_shirt,cozy_autumn_top,football_gift,fall_pumpkin_tee,autumn_gift_her,tailgate_outfit,harvest_season_tee","Cotton,Polyester",https://i.etsystatic.com/66439541/r/il/cdf813/8282647511/il_fullxfull.8282647511_dt8i.jpg,https://i.etsystatic.com/66439541/r/il/cef4ec/8282644641/il_fullxfull.8282644641_efwb.jpg,https://i.etsystatic.com/66439541/r/il/d181de/8234735912/il_fullxfull.8234735912_hiu2.jpg,https://i.etsystatic.com/66439541/r/il/1d6569/8207360470/il_fullxfull.8207360470_3l6p.jpg,https://i.etsystatic.com/66439541/r/il/3d65ee/8207360468/il_fullxfull.8207360468_17ug.jpg,https://i.etsystatic.com/66439541/r/il/28abb2/8198189967/il_fullxfull.8198189967_rn9e.jpg,https://i.etsystatic.com/66439541/r/il/acd6fe/8150274582/il_fullxfull.8150274582_ld3y.jpg,,,,"Custom Property","Your choice","Gildan Sweatshirt,Tshirt Comfort Color,Gildan Hoodie,Quarter Zip,Croptop,Spaghetti Stap Tank,Rib-Racer Tank","Women's clothing size",Size,"XS,S,M,L,XL,2X,3X",TUL-010
"Embroidered Teacher Shirt, Comfort Colors Apple Top, Back to School Gift","Celebrate the everyday magic of teaching with this “I’m Literally Just a Teacher” embroidered Comfort Colors shirt. Featuring playful lettering and a sweet apple design, this cozy teacher top is perfect for back to school, classroom outfits, Teacher Appreciation, and thoughtful educator gifts. 🍎✏️

• Cute teacher design: The embroidered phrase adds a fun and relatable touch for educators who do so much while still keeping their classroom style simple and cheerful.

• Perfect back-to-school outfit: A great choice for the first day of school, classroom photos, lesson planning, staff meetings, field trips, and casual teacher workdays.

• Thoughtful educator gift: A sweet gift idea for teachers, student teachers, tutors, teaching assistants, school staff, preschool teachers, and elementary educators. 🎁

• Comfort Colors style: Easy to pair with jeans, leggings, skirts, sneakers, cardigans, or classroom-friendly layers for a relaxed everyday school outfit.

• Detailed embroidered finish: The stitched lettering and apple design add texture, color, and lasting charm, making this teacher shirt feel more special than a standard printed tee.

• Great for many occasions: Ideal for Teacher Appreciation Week, back-to-school gifts, birthdays, Christmas, end-of-year thank-you presents, or a new teaching job celebration.

• Care instructions: Turn the shirt inside out before washing, use cold water on a gentle cycle, avoid bleach, and air dry or tumble dry low to help protect the embroidery.
Processing time 
Our standard processing time is 3-5 days
Processing time begins after we receive all personalization details. Orders with missing information may be delayed until the required details are provided
During busy wedding season or holidays, processing times may vary slightly, but we always do our best to complete and ship orders as quickly as possible

Shipping times
Standard shipping usually takes approximately 5-9 business days after the order has been processed and shipped.
Please note that shipping times are estimated  and may vary depending on the carrier, destination, weather, holidays, or other delays outside of our control
Once your order has been shipped , tracking information will be provided when available

Rush Shipping Option
Need your order sooner? 
We offer a Rush shipping option, which usually arrives in approximately 3-5 business days after processing.
Please select the rush option shipping  at checkout or message us before ordering if you have a specific deadline
Rush Shipping Speeds up the delivery method, but please remember that each handkerchief is still custom embroidered and requires production time

Important Notes
- Colors may appear slightly different depending on your screen or monitor settings
- Placement and sizing of embroidery may vary slightly depending on the wording and font selected
- Personalized item are handmade, so slight variations may occur.

Return & Exchange Policy
Because this is personalized custom item, we do not accept  returns, exchanges or cancellation once production has started 
However customer satisfaction is very important to us. If there is an issue with your order, please contact us as soon as possible so we can help
We are not responsible for errors submitted in the personalization box, including spelling mistakes, incorrect dates, missing words, or wrong names. 
Please review your personalization carefully before placing order 
If we make an error on your order, please message us with photos of the item and packaging, and we will be happy to assist.

Lost, Delayed Or Return Packages
Once an order has been shipped, delivery is handled by the shipping carrier
We are not responsible for carrier delays, lost packages, incorrect address, or packages marked as delivered by the carrier
Please make sure your shipping address is correct before placing your order
If a package is returned to us due to an incorrect or incomplete address, the buyer is  responsible for any addition shipping cost to resend the item

Care Instructions
Machine Wash gently with cold water
Lay flat or tumbler dry low
Iron if needed
Do not bleach

Thank you so much for supporting our handmade shop. We are honored to create a meaningful keepsake for your special day.",35.32,USD,998,"teacher_gift_idea,teacher_sweatshirt,comfort_colors_tee,embroidered_teacher,apple_teacher_top,back_to_school,educator_gift_her,teacher_appreciation,cute_teacher_shirt,classroom_outfit,school_staff_gift,literally_teacher,apple_embroidered","Cotton,Polyester",https://i.etsystatic.com/66439541/r/il/ebf853/8282407117/il_fullxfull.8282407117_9k0w.jpg,https://i.etsystatic.com/66439541/r/il/c3994a/8234513672/il_fullxfull.8234513672_9gsh.jpg,https://i.etsystatic.com/66439541/r/il/6eaa0c/8282407105/il_fullxfull.8282407105_6o9i.jpg,https://i.etsystatic.com/66439541/r/il/1d6569/8207360470/il_fullxfull.8207360470_3l6p.jpg,https://i.etsystatic.com/66439541/r/il/3d65ee/8207360468/il_fullxfull.8207360468_17ug.jpg,https://i.etsystatic.com/66439541/r/il/28abb2/8198189967/il_fullxfull.8198189967_rn9e.jpg,https://i.etsystatic.com/66439541/r/il/acd6fe/8150274582/il_fullxfull.8150274582_ld3y.jpg,,,,"Custom Property","Your choice","Gildan Sweatshirt,Tshirt Comfort Color,Gildan Hoodie,Quarter Zip,Croptop,Spaghetti Stap Tank,Rib-Racer Tank","Women's clothing size",Size,"XS,S,M,L,XL,2X,3X",TUL-010
"Embroidered Frog Sweatshirt, Funny Christian Faith Crewneck, Cozy Comfort Colors Tee","Celebrate the emotional aftermath of a great story with this “emotionally recovering from a book” embroidered Comfort Colors shirt. Featuring stacked books, an open novel, and delicate floral details, this cozy literary tee is perfect for book lovers, readers, librarians, teachers, and book club friends. 📚✨

• Perfect for emotional readers: A relatable design for anyone who has ever finished a powerful novel and needed time to recover from the characters, plot twists, and ending.

• Beautiful bookish embroidery: The stitched books, open pages, and small floral accents create a warm literary look with cozy vintage-inspired charm.

• Thoughtful reader gift: A lovely present for bookworms, librarians, English teachers, writers, students, book club members, sisters, daughters, moms, or best friends. 🎁

• Comfort Colors style: Easy to wear with jeans, leggings, cardigans, flannels, sneakers, or cozy lounge pieces for bookstores, libraries, coffee dates, and reading days.

• Great for bookish occasions: Perfect for book club meetings, library visits, author events, study sessions, teacher gifts, birthdays, Christmas, or a treat for yourself.

• Detailed embroidered finish: The stitched design adds texture, character, and lasting charm, making this reader shirt feel more special than a standard printed tee.

• Care instructions: Turn the shirt inside out before washing, use cold water on a gentle cycle, avoid bleach, and air dry or tumble dry low to protect the embroidery
Processing time 
Our standard processing time is 3-5 days
Processing time begins after we receive all personalization details. Orders with missing information may be delayed until the required details are provided
During busy wedding season or holidays, processing times may vary slightly, but we always do our best to complete and ship orders as quickly as possible

Shipping times
Standard shipping usually takes approximately 5-9 business days after the order has been processed and shipped.
Please note that shipping times are estimated  and may vary depending on the carrier, destination, weather, holidays, or other delays outside of our control
Once your order has been shipped , tracking information will be provided when available

Rush Shipping Option
Need your order sooner? 
We offer a Rush shipping option, which usually arrives in approximately 3-5 business days after processing.
Please select the rush option shipping  at checkout or message us before ordering if you have a specific deadline
Rush Shipping Speeds up the delivery method, but please remember that each handkerchief is still custom embroidered and requires production time

Important Notes
- Colors may appear slightly different depending on your screen or monitor settings
- Placement and sizing of embroidery may vary slightly depending on the wording and font selected
- Personalized item are handmade, so slight variations may occur.

Return & Exchange Policy
Because this is personalized custom item, we do not accept  returns, exchanges or cancellation once production has started 
However customer satisfaction is very important to us. If there is an issue with your order, please contact us as soon as possible so we can help
We are not responsible for errors submitted in the personalization box, including spelling mistakes, incorrect dates, missing words, or wrong names. 
Please review your personalization carefully before placing order 
If we make an error on your order, please message us with photos of the item and packaging, and we will be happy to assist.

Lost, Delayed Or Return Packages
Once an order has been shipped, delivery is handled by the shipping carrier
We are not responsible for carrier delays, lost packages, incorrect address, or packages marked as delivered by the carrier
Please make sure your shipping address is correct before placing your order
If a package is returned to us due to an incorrect or incomplete address, the buyer is  responsible for any addition shipping cost to resend the item

Care Instructions
Machine Wash gently with cold water
Lay flat or tumbler dry low
Iron if needed
Do not bleach

Thank you so much for supporting our handmade shop. We are honored to create a meaningful keepsake for your special day.",35.32,USD,998,"funny_christian,frog_sweatshirt,jesus_said_no_top,faith_gift_women,christian_crew,embroidered_frog,cozy_faith_top,church_outfit_top,religious_humor,jesus_frog_gift,cute_mom_sweatshirt,sunday_casual_top,faith_apparel_top","Cotton,Polyester",https://i.etsystatic.com/66439541/r/il/095ec1/8282398851/il_fullxfull.8282398851_flln.jpg,https://i.etsystatic.com/66439541/r/il/52f9de/8234474016/il_fullxfull.8234474016_7jnw.jpg,https://i.etsystatic.com/66439541/r/il/1d6569/8207360470/il_fullxfull.8207360470_3l6p.jpg,https://i.etsystatic.com/66439541/r/il/3d65ee/8207360468/il_fullxfull.8207360468_17ug.jpg,https://i.etsystatic.com/66439541/r/il/28abb2/8198189967/il_fullxfull.8198189967_rn9e.jpg,https://i.etsystatic.com/66439541/r/il/acd6fe/8150274582/il_fullxfull.8150274582_ld3y.jpg,,,,,"Custom Property","Your choice","Gildan Sweatshirt,Tshirt Comfort Color,Gildan Hoodie,Quarter Zip,Croptop,Spaghetti Stap Tank,Rib-Racer Tank","Women's clothing size",Size,"XS,S,M,L,XL,2X,3X",TUL-010
"Embroidered Comfort Colors Shirt, Book Lover Tee, Cozy Reader Gift","Celebrate the emotional aftermath of a great story with this “emotionally recovering from a book” embroidered Comfort Colors shirt. Featuring stacked books, an open novel, and delicate floral details, this cozy literary tee is perfect for book lovers, readers, librarians, teachers, and book club friends. 📚✨

• Perfect for emotional readers: A relatable design for anyone who has ever finished a powerful novel and needed time to recover from the characters, plot twists, and ending.

• Beautiful bookish embroidery: The stitched books, open pages, and small floral accents create a warm literary look with cozy vintage-inspired charm.

• Thoughtful reader gift: A lovely present for bookworms, librarians, English teachers, writers, students, book club members, sisters, daughters, moms, or best friends. 🎁

• Comfort Colors style: Easy to wear with jeans, leggings, cardigans, flannels, sneakers, or cozy lounge pieces for bookstores, libraries, coffee dates, and reading days.

• Great for bookish occasions: Perfect for book club meetings, library visits, author events, study sessions, teacher gifts, birthdays, Christmas, or a treat for yourself.

• Detailed embroidered finish: The stitched design adds texture, character, and lasting charm, making this reader shirt feel more special than a standard printed tee.

• Care instructions: Turn the shirt inside out before washing, use cold water on a gentle cycle, avoid bleach, and air dry or tumble dry low to protect the embroidery
Processing time 
Our standard processing time is 3-5 days
Processing time begins after we receive all personalization details. Orders with missing information may be delayed until the required details are provided
During busy wedding season or holidays, processing times may vary slightly, but we always do our best to complete and ship orders as quickly as possible

Shipping times
Standard shipping usually takes approximately 5-9 business days after the order has been processed and shipped.
Please note that shipping times are estimated  and may vary depending on the carrier, destination, weather, holidays, or other delays outside of our control
Once your order has been shipped , tracking information will be provided when available

Rush Shipping Option
Need your order sooner? 
We offer a Rush shipping option, which usually arrives in approximately 3-5 business days after processing.
Please select the rush option shipping  at checkout or message us before ordering if you have a specific deadline
Rush Shipping Speeds up the delivery method, but please remember that each handkerchief is still custom embroidered and requires production time

Important Notes
- Colors may appear slightly different depending on your screen or monitor settings
- Placement and sizing of embroidery may vary slightly depending on the wording and font selected
- Personalized item are handmade, so slight variations may occur.

Return & Exchange Policy
Because this is personalized custom item, we do not accept  returns, exchanges or cancellation once production has started 
However customer satisfaction is very important to us. If there is an issue with your order, please contact us as soon as possible so we can help
We are not responsible for errors submitted in the personalization box, including spelling mistakes, incorrect dates, missing words, or wrong names. 
Please review your personalization carefully before placing order 
If we make an error on your order, please message us with photos of the item and packaging, and we will be happy to assist.

Lost, Delayed Or Return Packages
Once an order has been shipped, delivery is handled by the shipping carrier
We are not responsible for carrier delays, lost packages, incorrect address, or packages marked as delivered by the carrier
Please make sure your shipping address is correct before placing your order
If a package is returned to us due to an incorrect or incomplete address, the buyer is  responsible for any addition shipping cost to resend the item

Care Instructions
Machine Wash gently with cold water
Lay flat or tumbler dry low
Iron if needed
Do not bleach

Thank you so much for supporting our handmade shop. We are honored to create a meaningful keepsake for your special day.",35.32,USD,998,"book_lover_gift,reader_shirt_tee,comfort_colors,embroidered_book,bookworm_shirt,literary_tee_gift,cozy_reader_top,book_club_shirt,librarian_gift,reading_sweatshirt,bookish_outfit,teacher_book_tee,novel_lover_gift","Cotton,Polyester",https://i.etsystatic.com/66439541/r/il/9de5e4/8282376031/il_fullxfull.8282376031_pr65.jpg,https://i.etsystatic.com/66439541/r/il/879074/8282366257/il_fullxfull.8282366257_3wwk.jpg,https://i.etsystatic.com/66439541/r/il/35fb38/8282365689/il_fullxfull.8282365689_84n7.jpg,https://i.etsystatic.com/66439541/r/il/fd9e6a/8282366301/il_fullxfull.8282366301_30nm.jpg,https://i.etsystatic.com/66439541/r/il/4b1438/8234456682/il_fullxfull.8234456682_e8zq.jpg,https://i.etsystatic.com/66439541/r/il/0c370c/8234456668/il_fullxfull.8234456668_md6r.jpg,https://i.etsystatic.com/66439541/r/il/7fabf3/8217449210/il_fullxfull.8217449210_8hx0.jpg,https://i.etsystatic.com/66439541/r/il/1d6569/8207360470/il_fullxfull.8207360470_3l6p.jpg,https://i.etsystatic.com/66439541/r/il/3d65ee/8207360468/il_fullxfull.8207360468_17ug.jpg,https://i.etsystatic.com/66439541/r/il/28abb2/8198189967/il_fullxfull.8198189967_rn9e.jpg,"Custom Property","Your choice","Gildan Sweatshirt,Tshirt Comfort Color,Gildan Hoodie,Quarter Zip,Croptop,Spaghetti Stap Tank,Rib-Racer Tank","Women's clothing size",Size,"XS,S,M,L,XL,2X,3X",TUL-010
"SPED Crew Sweatshirt, Personalized Teacher Pennant Flag, Special Education Gift, Back to School Top","Celebrate your special education team with this SPED Crew custom name embroidered sweatshirt, featuring a cute pennant flag design, soft bow accents, sparkle details, and personalized teacher name embroidery. This cozy crewneck is a thoughtful gift for SPED teachers, paraprofessionals, autism support staff, classroom aides, and back-to-school teams. 💙✨

• Personalized teacher name: Add a teacher name, title, initials, school name, or short custom wording to create a meaningful sweatshirt made especially for your SPED crew member.

• Cute pennant flag design: The embroidered pennant flag, bow details, and sparkle accents create a fun school-spirit look that feels cheerful, trendy, and classroom ready.

• Perfect for special education staff: A thoughtful choice for SPED teachers, special education teams, paraprofessionals, autism teachers, classroom aides, intervention staff, and school support teams. 🎁

• Great back-to-school outfit: Wear it for the first day of school, classroom photos, staff meetings, spirit days, teacher appreciation events, and cozy school mornings.

• Matching team option: Create coordinated sweatshirts for your grade-level team, special education department, classroom crew, or school staff group with each person’s name added.

• Comfortable everyday style: Pair this embroidered crewneck with jeans, leggings, sneakers, cardigans, or classroom-friendly layers for an easy teacher outfit.

• Ordering instructions: Please enter the exact custom name or wording, sweatshirt color, size, and thread color preferences in the personalization box. Check spelling carefully before ordering.

• Care instructions: Turn the sweatshirt inside out before washing, use cold water on a gentle cycle, avoid bleach, and air dry or tumble dry low to protect the embroidery.
Processing time 
Our standard processing time is 3-5 days
Processing time begins after we receive all personalization details. Orders with missing information may be delayed until the required details are provided
During busy wedding season or holidays, processing times may vary slightly, but we always do our best to complete and ship orders as quickly as possible

Shipping times
Standard shipping usually takes approximately 5-9 business days after the order has been processed and shipped.
Please note that shipping times are estimated  and may vary depending on the carrier, destination, weather, holidays, or other delays outside of our control
Once your order has been shipped , tracking information will be provided when available

Rush Shipping Option
Need your order sooner? 
We offer a Rush shipping option, which usually arrives in approximately 3-5 business days after processing.
Please select the rush option shipping  at checkout or message us before ordering if you have a specific deadline
Rush Shipping Speeds up the delivery method, but please remember that each handkerchief is still custom embroidered and requires production time

Important Notes
- Colors may appear slightly different depending on your screen or monitor settings
- Placement and sizing of embroidery may vary slightly depending on the wording and font selected
- Personalized item are handmade, so slight variations may occur.

Return & Exchange Policy
Because this is personalized custom item, we do not accept  returns, exchanges or cancellation once production has started 
However customer satisfaction is very important to us. If there is an issue with your order, please contact us as soon as possible so we can help
We are not responsible for errors submitted in the personalization box, including spelling mistakes, incorrect dates, missing words, or wrong names. 
Please review your personalization carefully before placing order 
If we make an error on your order, please message us with photos of the item and packaging, and we will be happy to assist.

Lost, Delayed Or Return Packages
Once an order has been shipped, delivery is handled by the shipping carrier
We are not responsible for carrier delays, lost packages, incorrect address, or packages marked as delivered by the carrier
Please make sure your shipping address is correct before placing your order
If a package is returned to us due to an incorrect or incomplete address, the buyer is  responsible for any addition shipping cost to resend the item

Care Instructions
Machine Wash gently with cold water
Lay flat or tumbler dry low
Iron if needed
Do not bleach

Thank you so much for supporting our handmade shop. We are honored to create a meaningful keepsake for your special day.",35.32,USD,998,"sped_crew_sweater,custom_teacher_top,special_ed_gift,pennant_sweatshirt,embroidered_sped,teacher_name_top,back_to_school,sped_teacher_gift,classroom_crew,personalized_sped,special_needs_top,teacher_crewneck,custom_name_gift","Cotton,Polyester",https://i.etsystatic.com/66439541/r/il/24157b/8282360873/il_fullxfull.8282360873_az36.jpg,https://i.etsystatic.com/66439541/r/il/1030dd/8234448288/il_fullxfull.8234448288_eylu.jpg,https://i.etsystatic.com/66439541/r/il/b1da86/8234448376/il_fullxfull.8234448376_q599.jpg,https://i.etsystatic.com/66439541/r/il/aa8b21/8282357843/il_fullxfull.8282357843_1z7q.jpg,https://i.etsystatic.com/66439541/r/il/d57db0/8234448282/il_fullxfull.8234448282_5w59.jpg,https://i.etsystatic.com/66439541/r/il/4ef199/8234448264/il_fullxfull.8234448264_gw7q.jpg,https://i.etsystatic.com/66439541/r/il/10a683/8234448280/il_fullxfull.8234448280_g5jz.jpg,https://i.etsystatic.com/66439541/r/il/0cfe81/8282357325/il_fullxfull.8282357325_hhac.jpg,https://i.etsystatic.com/66439541/r/il/7fabf3/8217449210/il_fullxfull.8217449210_8hx0.jpg,https://i.etsystatic.com/66439541/r/il/1d6569/8207360470/il_fullxfull.8207360470_3l6p.jpg,"Custom Property","Your choice","Gildan Sweatshirt,Tshirt Comfort Color,Gildan Hoodie,Quarter Zip,Croptop,Spaghetti Stap Tank,Rib-Racer Tank","Women's clothing size",Size,"XS,S,M,L,XL,2X,3X",TUL-010
"Embroidered Frog Gardening Shirt, We Bloom at Dawn Comfort Colors Tee, Cottagecore Nature Lover","This We Bloom at Dawn embroidered Comfort Colors shirt is a charming choice for garden lovers, flower lovers, and cottagecore style fans. Featuring a sweet gardening frog with flowers and a watering can, this cute embroidered tee is perfect for anyone who loves nature, spring fashion, cozy casual outfits, and whimsical botanical style. 🌸🐸

• Adorable gardening frog design – This shirt features a cute frog in a hat holding flowers with a watering can beside it, creating a sweet and playful embroidered look.

• Perfect for garden and flower lovers – A lovely choice for anyone who enjoys gardening, blooming flowers, cottagecore fashion, spring vibes, and nature-inspired clothing. 🌿

• Comfort Colors everyday style – This tee pairs beautifully with jeans, shorts, skirts, leggings, or layered outfits for a relaxed and cozy everyday look.

• Beautiful embroidered detail – The stitched design adds texture and a premium handmade feel, making this shirt extra special compared to standard printed tees.

• Great gift idea – A thoughtful gift for plant moms, gardeners, flower lovers, nature lovers, cottagecore fans, sisters, moms, daughters, friends, or anyone who loves cute animal designs. 🎁

• Perfect for many occasions – Wear it for gardening days, spring outings, farmers markets, casual weekends, plant shopping, coffee dates, or cozy days at home.

• Whimsical cottagecore charm – The frog, flowers, and soft nature theme give this shirt a magical woodland-inspired feel that fits beautifully into cottagecore and botanical aesthetics. ✨

• Easy seasonal favorite – Ideal for spring and summer, while also layering well with cardigans, flannels, or jackets during cooler weather.

• Gift-ready and memorable – A unique embroidered shirt that makes a sweet birthday gift, Mother’s Day gift, garden lover gift, or just-because surprise.
Processing time 
Our standard processing time is 3-5 days
Processing time begins after we receive all personalization details. Orders with missing information may be delayed until the required details are provided
During busy wedding season or holidays, processing times may vary slightly, but we always do our best to complete and ship orders as quickly as possible

Shipping times
Standard shipping usually takes approximately 5-9 business days after the order has been processed and shipped.
Please note that shipping times are estimated  and may vary depending on the carrier, destination, weather, holidays, or other delays outside of our control
Once your order has been shipped , tracking information will be provided when available

Rush Shipping Option
Need your order sooner? 
We offer a Rush shipping option, which usually arrives in approximately 3-5 business days after processing.
Please select the rush option shipping  at checkout or message us before ordering if you have a specific deadline
Rush Shipping Speeds up the delivery method, but please remember that each handkerchief is still custom embroidered and requires production time

Important Notes
- Colors may appear slightly different depending on your screen or monitor settings
- Placement and sizing of embroidery may vary slightly depending on the wording and font selected
- Personalized item are handmade, so slight variations may occur.

Return & Exchange Policy
Because this is personalized custom item, we do not accept  returns, exchanges or cancellation once production has started 
However customer satisfaction is very important to us. If there is an issue with your order, please contact us as soon as possible so we can help
We are not responsible for errors submitted in the personalization box, including spelling mistakes, incorrect dates, missing words, or wrong names. 
Please review your personalization carefully before placing order 
If we make an error on your order, please message us with photos of the item and packaging, and we will be happy to assist.

Lost, Delayed Or Return Packages
Once an order has been shipped, delivery is handled by the shipping carrier
We are not responsible for carrier delays, lost packages, incorrect address, or packages marked as delivered by the carrier
Please make sure your shipping address is correct before placing your order
If a package is returned to us due to an incorrect or incomplete address, the buyer is  responsible for any addition shipping cost to resend the item

Care Instructions
Machine Wash gently with cold water
Lay flat or tumbler dry low
Iron if needed
Do not bleach

Thank you so much for supporting our handmade shop. We are honored to create a meaningful keepsake for your special day.",35.32,USD,998,"we_bloom_at_dawn,gardening_frog,frog_garden_tee,comfort_colors,embroidered_frog,cottagecore_tee,flower_lover_top,nature_lover_tee,spring_garden_top,frog_shirt_women,plant_mom_gift,garden_lover_tee,cozy_nature_top","Cotton,Polyester",https://i.etsystatic.com/66439541/r/il/2413ab/8234440734/il_fullxfull.8234440734_71x3.jpg,https://i.etsystatic.com/66439541/r/il/1d4a56/8234439944/il_fullxfull.8234439944_afzl.jpg,https://i.etsystatic.com/66439541/r/il/7fabf3/8217449210/il_fullxfull.8217449210_8hx0.jpg,https://i.etsystatic.com/66439541/r/il/1d6569/8207360470/il_fullxfull.8207360470_3l6p.jpg,https://i.etsystatic.com/66439541/r/il/3d65ee/8207360468/il_fullxfull.8207360468_17ug.jpg,https://i.etsystatic.com/66439541/r/il/28abb2/8198189967/il_fullxfull.8198189967_rn9e.jpg,https://i.etsystatic.com/66439541/r/il/acd6fe/8150274582/il_fullxfull.8150274582_ld3y.jpg,,,,"Custom Property","Your choice","Gildan Sweatshirt,Tshirt Comfort Color,Gildan Hoodie,Quarter Zip,Croptop,Spaghetti Stap Tank,Rib-Racer Tank","Women's clothing size",Size,"XS,S,M,L,XL,2X,3X",TUL-010
"Caught by Grace Embroidered Shirt, Christian Fishing Faith Tee, Religious Apparel Top","This Caught by Grace embroidered shirt is a meaningful Christian faith tee inspired by fishing, grace, and everyday devotion. Perfect for believers who love Bible-inspired apparel, church camp outfits, and Christian gifts, this embroidered Comfort Colors shirt combines a peaceful faith message with a simple and beautiful design. ✝️🎣
Processing time 
Our standard processing time is 3-5 days
Processing time begins after we receive all personalization details. Orders with missing information may be delayed until the required details are provided
During busy wedding season or holidays, processing times may vary slightly, but we always do our best to complete and ship orders as quickly as possible

Shipping times
Standard shipping usually takes approximately 5-9 business days after the order has been processed and shipped.
Please note that shipping times are estimated  and may vary depending on the carrier, destination, weather, holidays, or other delays outside of our control
Once your order has been shipped , tracking information will be provided when available

Rush Shipping Option
Need your order sooner? 
We offer a Rush shipping option, which usually arrives in approximately 3-5 business days after processing.
Please select the rush option shipping  at checkout or message us before ordering if you have a specific deadline
Rush Shipping Speeds up the delivery method, but please remember that each handkerchief is still custom embroidered and requires production time

Important Notes
- Colors may appear slightly different depending on your screen or monitor settings
- Placement and sizing of embroidery may vary slightly depending on the wording and font selected
- Personalized item are handmade, so slight variations may occur.

Return & Exchange Policy
Because this is personalized custom item, we do not accept  returns, exchanges or cancellation once production has started 
However customer satisfaction is very important to us. If there is an issue with your order, please contact us as soon as possible so we can help
We are not responsible for errors submitted in the personalization box, including spelling mistakes, incorrect dates, missing words, or wrong names. 
Please review your personalization carefully before placing order 
If we make an error on your order, please message us with photos of the item and packaging, and we will be happy to assist.

Lost, Delayed Or Return Packages
Once an order has been shipped, delivery is handled by the shipping carrier
We are not responsible for carrier delays, lost packages, incorrect address, or packages marked as delivered by the carrier
Please make sure your shipping address is correct before placing your order
If a package is returned to us due to an incorrect or incomplete address, the buyer is  responsible for any addition shipping cost to resend the item

Care Instructions
Machine Wash gently with cold water
Lay flat or tumbler dry low
Iron if needed
Do not bleach

Thank you so much for supporting our handmade shop. We are honored to create a meaningful keepsake for your special day.",35.32,USD,998,"caught_by_grace,christian_fishing,faith_comfort_tee,religious_shirt,bible_verse_top,church_camp_tee,fishers_of_men,grace_fishing_top,christian_gift,jesus_lover_tee,church_outfit_top,baptism_gift_tee,faith_based_shirt","Cotton,Polyester",https://i.etsystatic.com/66439541/r/il/530ff6/8234432394/il_fullxfull.8234432394_jm4a.jpg,https://i.etsystatic.com/66439541/r/il/1db9e6/8282339297/il_fullxfull.8282339297_6jll.jpg,https://i.etsystatic.com/66439541/r/il/cd465d/8282339295/il_fullxfull.8282339295_iywe.jpg,https://i.etsystatic.com/66439541/r/il/98725d/8282338825/il_fullxfull.8282338825_3xoy.jpg,https://i.etsystatic.com/66439541/r/il/7fabf3/8217449210/il_fullxfull.8217449210_8hx0.jpg,https://i.etsystatic.com/66439541/r/il/1d6569/8207360470/il_fullxfull.8207360470_3l6p.jpg,https://i.etsystatic.com/66439541/r/il/3d65ee/8207360468/il_fullxfull.8207360468_17ug.jpg,https://i.etsystatic.com/66439541/r/il/28abb2/8198189967/il_fullxfull.8198189967_rn9e.jpg,https://i.etsystatic.com/66439541/r/il/acd6fe/8150274582/il_fullxfull.8150274582_ld3y.jpg,,"Custom Property","Your choice","Gildan Sweatshirt,Tshirt Comfort Color,Gildan Hoodie,Quarter Zip,Croptop,Spaghetti Stap Tank,Rib-Racer Tank","Women's clothing size",Size,"XS,S,M,L,XL,2X,3X",TUL-010
"Embroidered Hooked on Jesus Shirt, Christian Fishing Faith Tee, Mark 1:17","Celebrate your faith with this “Hooked on Jesus” embroidered shirt, featuring a meaningful Christian fishing theme inspired by Mark 1:17. With Bible, cross, fish, church, and faith charm details, this Comfort Colors style tee is a thoughtful gift for believers, church friends, Bible study groups, and Christian families. ✝️🎣

• Meaningful Christian design: The “Hooked on Jesus” message is paired with faith-inspired icons, including a Bible, cross, fish symbol, church, and fishing hook for a heartfelt religious look.

• Inspired by Mark 1:17: A beautiful reminder of faith, discipleship, and following Jesus, making this shirt perfect for church events, ministry gatherings, and everyday encouragement.

• Perfect faith-based gift: A thoughtful present for moms, dads, friends, pastors, youth group leaders, Bible study members, church volunteers, and Christian loved ones. 🎁

• Comfort Colors style: Easy to pair with jeans, skirts, cardigans, sneakers, or casual layers for Sunday service, Bible study, retreats, coffee dates, and relaxed weekends.

• Detailed embroidered finish: The stitched design adds texture, charm, and lasting character, making this Christian shirt feel more special than a standard printed tee.

• Great for many occasions: Ideal for birthdays, Easter, Christmas, church camp, baptism celebrations, confirmation gifts, ministry gifts, or faith-filled everyday wear.

• Care instructions: Turn the shirt inside out before washing, use cold water on a gentle cycle, avoid bleach, and air dry or tumble dry low to help protect the embroidery.
Processing time 
Our standard processing time is 3-5 days
Processing time begins after we receive all personalization details. Orders with missing information may be delayed until the required details are provided
During busy wedding season or holidays, processing times may vary slightly, but we always do our best to complete and ship orders as quickly as possible

Shipping times
Standard shipping usually takes approximately 5-9 business days after the order has been processed and shipped.
Please note that shipping times are estimated  and may vary depending on the carrier, destination, weather, holidays, or other delays outside of our control
Once your order has been shipped , tracking information will be provided when available

Rush Shipping Option
Need your order sooner? 
We offer a Rush shipping option, which usually arrives in approximately 3-5 business days after processing.
Please select the rush option shipping  at checkout or message us before ordering if you have a specific deadline
Rush Shipping Speeds up the delivery method, but please remember that each handkerchief is still custom embroidered and requires production time

Important Notes
- Colors may appear slightly different depending on your screen or monitor settings
- Placement and sizing of embroidery may vary slightly depending on the wording and font selected
- Personalized item are handmade, so slight variations may occur.

Return & Exchange Policy
Because this is personalized custom item, we do not accept  returns, exchanges or cancellation once production has started 
However customer satisfaction is very important to us. If there is an issue with your order, please contact us as soon as possible so we can help
We are not responsible for errors submitted in the personalization box, including spelling mistakes, incorrect dates, missing words, or wrong names. 
Please review your personalization carefully before placing order 
If we make an error on your order, please message us with photos of the item and packaging, and we will be happy to assist.

Lost, Delayed Or Return Packages
Once an order has been shipped, delivery is handled by the shipping carrier
We are not responsible for carrier delays, lost packages, incorrect address, or packages marked as delivered by the carrier
Please make sure your shipping address is correct before placing your order
If a package is returned to us due to an incorrect or incomplete address, the buyer is  responsible for any addition shipping cost to resend the item

Care Instructions
Machine Wash gently with cold water
Lay flat or tumbler dry low
Iron if needed
Do not bleach

Thank you so much for supporting our handmade shop. We are honored to create a meaningful keepsake for your special day.",35.32,USD,998,"hooked_on_jesus,christian_shirt,faith_fishing_tee,comfort_colors,bible_verse_shirt,mark_1_17_gift,church_outfit_tee,jesus_lover_gift,embroidered_faith,christian_gift,fishers_of_men,faith_based_tee,religious_shirt","Cotton,Polyester",https://i.etsystatic.com/66439541/r/il/4a14d4/8282333745/il_fullxfull.8282333745_eymy.jpg,https://i.etsystatic.com/66439541/r/il/bc9883/8234422706/il_fullxfull.8234422706_1xxp.jpg,https://i.etsystatic.com/66439541/r/il/7fabf3/8217449210/il_fullxfull.8217449210_8hx0.jpg,https://i.etsystatic.com/66439541/r/il/1d6569/8207360470/il_fullxfull.8207360470_3l6p.jpg,https://i.etsystatic.com/66439541/r/il/3d65ee/8207360468/il_fullxfull.8207360468_17ug.jpg,https://i.etsystatic.com/66439541/r/il/28abb2/8198189967/il_fullxfull.8198189967_rn9e.jpg,https://i.etsystatic.com/66439541/r/il/acd6fe/8150274582/il_fullxfull.8150274582_ld3y.jpg,https://i.etsystatic.com/66439541/r/il/2a34f3/8282332891/il_fullxfull.8282332891_g7e0.jpg,,,"Custom Property","Your choice","Gildan Sweatshirt,Tshirt Comfort Color,Gildan Hoodie,Quarter Zip,Croptop,Spaghetti Stap Tank,Rib-Racer Tank","Women's clothing size",Size,"XS,S,M,L,XL,2X,3X",TUL-010
"Embroidered Frog Scooter Music Teacher Shirt, Comfort Colors Back to School Tee","ring fun classroom energy to music lessons with this “Off to Teach Music” embroidered Comfort Colors shirt, featuring a funny frog riding a scooter with music notes and teaching supplies. This cute music teacher tee is perfect for back to school, teacher appreciation, classroom outfits, and cozy everyday style. 🐸🎵

• Funny music teacher design: The embroidered frog with a scooter, music folder, basket, and musical notes creates a playful classroom look that music teachers will love.

• Perfect back-to-school shirt: A cheerful choice for the first day of school, music class, choir practice, band lessons, staff meetings, school events, and casual teacher workdays.

• Thoughtful teacher gift: A fun present for music teachers, choir directors, band teachers, piano teachers, elementary educators, student teachers, and school staff. 🎁

• Comfort Colors style: Easy to pair with jeans, leggings, cardigans, sneakers, or classroom-friendly layers for a relaxed and comfortable school-day outfit.

• Detailed embroidered finish: The stitched frog and music-themed artwork add texture, color, and lasting charm, making this shirt feel more special than a standard printed tee.

• Great for many occasions: Ideal for Teacher Appreciation Week, back to school, birthdays, Christmas, end-of-year gifts, graduation, or a new teaching job celebration.

• Care instructions: Turn the shirt inside out before washing, use cold water on a gentle cycle, avoid bleach, and air dry or tumble dry low to help protect the embroidery.
Processing time 
Our standard processing time is 3-5 days
Processing time begins after we receive all personalization details. Orders with missing information may be delayed until the required details are provided
During busy wedding season or holidays, processing times may vary slightly, but we always do our best to complete and ship orders as quickly as possible

Shipping times
Standard shipping usually takes approximately 5-9 business days after the order has been processed and shipped.
Please note that shipping times are estimated  and may vary depending on the carrier, destination, weather, holidays, or other delays outside of our control
Once your order has been shipped , tracking information will be provided when available

Rush Shipping Option
Need your order sooner? 
We offer a Rush shipping option, which usually arrives in approximately 3-5 business days after processing.
Please select the rush option shipping  at checkout or message us before ordering if you have a specific deadline
Rush Shipping Speeds up the delivery method, but please remember that each handkerchief is still custom embroidered and requires production time

Important Notes
- Colors may appear slightly different depending on your screen or monitor settings
- Placement and sizing of embroidery may vary slightly depending on the wording and font selected
- Personalized item are handmade, so slight variations may occur.

Return & Exchange Policy
Because this is personalized custom item, we do not accept  returns, exchanges or cancellation once production has started 
However customer satisfaction is very important to us. If there is an issue with your order, please contact us as soon as possible so we can help
We are not responsible for errors submitted in the personalization box, including spelling mistakes, incorrect dates, missing words, or wrong names. 
Please review your personalization carefully before placing order 
If we make an error on your order, please message us with photos of the item and packaging, and we will be happy to assist.

Lost, Delayed Or Return Packages
Once an order has been shipped, delivery is handled by the shipping carrier
We are not responsible for carrier delays, lost packages, incorrect address, or packages marked as delivered by the carrier
Please make sure your shipping address is correct before placing your order
If a package is returned to us due to an incorrect or incomplete address, the buyer is  responsible for any addition shipping cost to resend the item

Care Instructions
Machine Wash gently with cold water
Lay flat or tumbler dry low
Iron if needed
Do not bleach

Thank you so much for supporting our handmade shop. We are honored to create a meaningful keepsake for your special day.",35.32,USD,998,"music_teacher_gift,off_teach_music,comfort_colors,embroidered_frog,funny_teacher_tee,back_to_school,frog_teacher_shirt,music_class_shirt,teacher_gift_idea,choir_teacher_gift,band_teacher_shirt,classroom_outfit,music_educator","Cotton,Polyester",https://i.etsystatic.com/66439541/r/il/ff676b/8234419148/il_fullxfull.8234419148_cxkl.jpg,https://i.etsystatic.com/66439541/r/il/7d487b/8282327913/il_fullxfull.8282327913_si74.jpg,https://i.etsystatic.com/66439541/r/il/619e46/8282327863/il_fullxfull.8282327863_of9t.jpg,https://i.etsystatic.com/66439541/r/il/6ee2ef/8282327911/il_fullxfull.8282327911_d6fv.jpg,https://i.etsystatic.com/66439541/r/il/2a6f49/8234417706/il_fullxfull.8234417706_b9ix.jpg,https://i.etsystatic.com/66439541/r/il/772c22/8282327917/il_fullxfull.8282327917_pao3.jpg,https://i.etsystatic.com/66439541/r/il/7fabf3/8217449210/il_fullxfull.8217449210_8hx0.jpg,https://i.etsystatic.com/66439541/r/il/1d6569/8207360470/il_fullxfull.8207360470_3l6p.jpg,https://i.etsystatic.com/66439541/r/il/3d65ee/8207360468/il_fullxfull.8207360468_17ug.jpg,https://i.etsystatic.com/66439541/r/il/28abb2/8198189967/il_fullxfull.8198189967_rn9e.jpg,"Custom Property","Your choice","Gildan Sweatshirt,Tshirt Comfort Color,Gildan Hoodie,Quarter Zip,Croptop,Spaghetti Stap Tank,Rib-Racer Tank","Women's clothing size",Size,"XS,S,M,L,XL,2X,3X",TUL-010
"Off to Fish at Dawn Embroidered Comfort Colors Shirt, Funny Frog Fishing Tee, Outdoorsy Nature Gift, Lake Lover Top for Men and Women","Start your morning in cozy style with this Off to Fish at Dawn embroidered Comfort Colors shirt, featuring a funny frog riding a scooter with fishing gear. This cute fishing tee is perfect for lake lovers, anglers, outdoorsy adventurers, and anyone who loves playful embroidered nature shirts with a unique personality. 🎣🐸
Processing time 
Our standard processing time is 3-5 days
Processing time begins after we receive all personalization details. Orders with missing information may be delayed until the required details are provided
During busy wedding season or holidays, processing times may vary slightly, but we always do our best to complete and ship orders as quickly as possible

Shipping times
Standard shipping usually takes approximately 5-9 business days after the order has been processed and shipped.
Please note that shipping times are estimated  and may vary depending on the carrier, destination, weather, holidays, or other delays outside of our control
Once your order has been shipped , tracking information will be provided when available

Rush Shipping Option
Need your order sooner? 
We offer a Rush shipping option, which usually arrives in approximately 3-5 business days after processing.
Please select the rush option shipping  at checkout or message us before ordering if you have a specific deadline
Rush Shipping Speeds up the delivery method, but please remember that each handkerchief is still custom embroidered and requires production time

Important Notes
- Colors may appear slightly different depending on your screen or monitor settings
- Placement and sizing of embroidery may vary slightly depending on the wording and font selected
- Personalized item are handmade, so slight variations may occur.

Return & Exchange Policy
Because this is personalized custom item, we do not accept  returns, exchanges or cancellation once production has started 
However customer satisfaction is very important to us. If there is an issue with your order, please contact us as soon as possible so we can help
We are not responsible for errors submitted in the personalization box, including spelling mistakes, incorrect dates, missing words, or wrong names. 
Please review your personalization carefully before placing order 
If we make an error on your order, please message us with photos of the item and packaging, and we will be happy to assist.

Lost, Delayed Or Return Packages
Once an order has been shipped, delivery is handled by the shipping carrier
We are not responsible for carrier delays, lost packages, incorrect address, or packages marked as delivered by the carrier
Please make sure your shipping address is correct before placing your order
If a package is returned to us due to an incorrect or incomplete address, the buyer is  responsible for any addition shipping cost to resend the item

Care Instructions
Machine Wash gently with cold water
Lay flat or tumbler dry low
Iron if needed
Do not bleach

Thank you so much for supporting our handmade shop. We are honored to create a meaningful keepsake for your special day.",35.32,USD,998,"off_to_fish_tee,frog_fishing_top,comfort_colors,embroidered_frog,lake_lover_gift,outdoorsy_shirt,nature_lover_tee,funny_fishing_top,angler_gift_tee,camping_lake_top,fisherman_shirt,weekend_lake_tee,cute_frog_shirt","Cotton,Polyester",https://i.etsystatic.com/66439541/r/il/abcfcd/8282319307/il_fullxfull.8282319307_pg4f.jpg,https://i.etsystatic.com/66439541/r/il/4a0e27/8282319771/il_fullxfull.8282319771_mpja.jpg,https://i.etsystatic.com/66439541/r/il/618028/8234409796/il_fullxfull.8234409796_n6ut.jpg,https://i.etsystatic.com/66439541/r/il/7fabf3/8217449210/il_fullxfull.8217449210_8hx0.jpg,https://i.etsystatic.com/66439541/r/il/1d6569/8207360470/il_fullxfull.8207360470_3l6p.jpg,https://i.etsystatic.com/66439541/r/il/3d65ee/8207360468/il_fullxfull.8207360468_17ug.jpg,https://i.etsystatic.com/66439541/r/il/28abb2/8198189967/il_fullxfull.8198189967_rn9e.jpg,https://i.etsystatic.com/66439541/r/il/acd6fe/8150274582/il_fullxfull.8150274582_ld3y.jpg,,,"Custom Property","Your choice","Gildan Sweatshirt,Tshirt Comfort Color,Gildan Hoodie,Quarter Zip,Croptop,Spaghetti Stap Tank,Rib-Racer Tank","Women's clothing size",Size,"XS,S,M,L,XL,2X,3X",TUL-010
"It's a Good Day to Read a Book Embroidered Sweatshirt, Cute Bookworm Worm Reader Crewneck, Librarian Gift, Book Lover Top for Women","Celebrate cozy reading days with this embroidered sweatshirt featuring a sweet little bookworm resting on an open book and the phrase “it’s a good day to read a book.” Perfect for book lovers, librarians, teachers, students, and reading club members, this cute reader sweatshirt adds a charming literary touch to your everyday wardrobe. 📚✨
Processing time 
Our standard processing time is 3-5 days
Processing time begins after we receive all personalization details. Orders with missing information may be delayed until the required details are provided
During busy wedding season or holidays, processing times may vary slightly, but we always do our best to complete and ship orders as quickly as possible

Shipping times
Standard shipping usually takes approximately 5-9 business days after the order has been processed and shipped.
Please note that shipping times are estimated  and may vary depending on the carrier, destination, weather, holidays, or other delays outside of our control
Once your order has been shipped , tracking information will be provided when available

Rush Shipping Option
Need your order sooner? 
We offer a Rush shipping option, which usually arrives in approximately 3-5 business days after processing.
Please select the rush option shipping  at checkout or message us before ordering if you have a specific deadline
Rush Shipping Speeds up the delivery method, but please remember that each handkerchief is still custom embroidered and requires production time

Important Notes
- Colors may appear slightly different depending on your screen or monitor settings
- Placement and sizing of embroidery may vary slightly depending on the wording and font selected
- Personalized item are handmade, so slight variations may occur.

Return & Exchange Policy
Because this is personalized custom item, we do not accept  returns, exchanges or cancellation once production has started 
However customer satisfaction is very important to us. If there is an issue with your order, please contact us as soon as possible so we can help
We are not responsible for errors submitted in the personalization box, including spelling mistakes, incorrect dates, missing words, or wrong names. 
Please review your personalization carefully before placing order 
If we make an error on your order, please message us with photos of the item and packaging, and we will be happy to assist.

Lost, Delayed Or Return Packages
Once an order has been shipped, delivery is handled by the shipping carrier
We are not responsible for carrier delays, lost packages, incorrect address, or packages marked as delivered by the carrier
Please make sure your shipping address is correct before placing your order
If a package is returned to us due to an incorrect or incomplete address, the buyer is  responsible for any addition shipping cost to resend the item

Care Instructions
Machine Wash gently with cold water
Lay flat or tumbler dry low
Iron if needed
Do not bleach

Thank you so much for supporting our handmade shop. We are honored to create a meaningful keepsake for your special day.",35.32,USD,998,"book_lover_gift,reader_sweatshirt,embroidered_book,librarian_gift,worm_reader_top,cozy_reading_top,bookworm_shirt,teacher_reader,cute_book_shirt,reading_crewneck,library_lover_tee,reader_gift_idea,book_club_outfit","Cotton,Polyester",https://i.etsystatic.com/66439541/r/il/7ea0e2/8234374912/il_fullxfull.8234374912_3fo9.jpg,https://i.etsystatic.com/66439541/r/il/a31c1f/8282283569/il_fullxfull.8282283569_df8r.jpg,https://i.etsystatic.com/66439541/r/il/7fabf3/8217449210/il_fullxfull.8217449210_8hx0.jpg,https://i.etsystatic.com/66439541/r/il/1d6569/8207360470/il_fullxfull.8207360470_3l6p.jpg,https://i.etsystatic.com/66439541/r/il/3d65ee/8207360468/il_fullxfull.8207360468_17ug.jpg,https://i.etsystatic.com/66439541/r/il/28abb2/8198189967/il_fullxfull.8198189967_rn9e.jpg,https://i.etsystatic.com/66439541/r/il/acd6fe/8150274582/il_fullxfull.8150274582_ld3y.jpg,,,,"Custom Property","Your choice","Gildan Sweatshirt,Tshirt Comfort Color,Gildan Hoodie,Quarter Zip,Croptop,Spaghetti Stap Tank,Rib-Racer Tank","Women's clothing size",Size,"XS,S,M,L,XL,2X,3X",TUL-010
"Spooky Season Black Cat Embroidered Sweatshirt, Cute Fall Halloween Crewneck, Cozy Autumn Cat Lover Gift Top for Women","Celebrate the coziest time of year with this spooky season black cat embroidered sweatshirt, a perfect fall sweatshirt for Halloween lovers, cat moms, and anyone who adores cute autumn style. This embroidered crewneck blends cozy comfort with festive charm, making it a must-have for pumpkin patch outings, Halloween parties, and everyday fall fashion. 🖤🍂🐈‍⬛
Processing time 
Our standard processing time is 3-5 days
Processing time begins after we receive all personalization details. Orders with missing information may be delayed until the required details are provided
During busy wedding season or holidays, processing times may vary slightly, but we always do our best to complete and ship orders as quickly as possible

Shipping times
Standard shipping usually takes approximately 5-9 business days after the order has been processed and shipped.
Please note that shipping times are estimated  and may vary depending on the carrier, destination, weather, holidays, or other delays outside of our control
Once your order has been shipped , tracking information will be provided when available

Rush Shipping Option
Need your order sooner? 
We offer a Rush shipping option, which usually arrives in approximately 3-5 business days after processing.
Please select the rush option shipping  at checkout or message us before ordering if you have a specific deadline
Rush Shipping Speeds up the delivery method, but please remember that each handkerchief is still custom embroidered and requires production time

Important Notes
- Colors may appear slightly different depending on your screen or monitor settings
- Placement and sizing of embroidery may vary slightly depending on the wording and font selected
- Personalized item are handmade, so slight variations may occur.

Return & Exchange Policy
Because this is personalized custom item, we do not accept  returns, exchanges or cancellation once production has started 
However customer satisfaction is very important to us. If there is an issue with your order, please contact us as soon as possible so we can help
We are not responsible for errors submitted in the personalization box, including spelling mistakes, incorrect dates, missing words, or wrong names. 
Please review your personalization carefully before placing order 
If we make an error on your order, please message us with photos of the item and packaging, and we will be happy to assist.

Lost, Delayed Or Return Packages
Once an order has been shipped, delivery is handled by the shipping carrier
We are not responsible for carrier delays, lost packages, incorrect address, or packages marked as delivered by the carrier
Please make sure your shipping address is correct before placing your order
If a package is returned to us due to an incorrect or incomplete address, the buyer is  responsible for any addition shipping cost to resend the item

Care Instructions
Machine Wash gently with cold water
Lay flat or tumbler dry low
Iron if needed
Do not bleach

Thank you so much for supporting our handmade shop. We are honored to create a meaningful keepsake for your special day.",35.32,USD,998,"spooky_cat_top,black_cat_shirt,halloween_kitty,fall_cat_lover,embroidered_cat,autumn_sweatshirt,spooky_season_top,cute_cat_sweater,halloween_crew,cozy_fall_shirt,pumpkin_patch_top,witchy_cat_shirt,autumn_cat_gift","Cotton,Polyester",https://i.etsystatic.com/66439541/r/il/52ffd6/8234359394/il_fullxfull.8234359394_moi9.jpg,https://i.etsystatic.com/66439541/r/il/2fb1f7/8234358870/il_fullxfull.8234358870_m384.jpg,https://i.etsystatic.com/66439541/r/il/7fabf3/8217449210/il_fullxfull.8217449210_8hx0.jpg,https://i.etsystatic.com/66439541/r/il/1d6569/8207360470/il_fullxfull.8207360470_3l6p.jpg,https://i.etsystatic.com/66439541/r/il/3d65ee/8207360468/il_fullxfull.8207360468_17ug.jpg,https://i.etsystatic.com/66439541/r/il/28abb2/8198189967/il_fullxfull.8198189967_rn9e.jpg,https://i.etsystatic.com/66439541/r/il/acd6fe/8150274582/il_fullxfull.8150274582_ld3y.jpg,,,,"Custom Property","Your choice","Gildan Sweatshirt,Tshirt Comfort Color,Gildan Hoodie,Quarter Zip,Croptop,Spaghetti Stap Tank,Rib-Racer Tank","Women's clothing size",Size,"XS,S,M,L,XL,2X,3X",TUL-010
"Talk About Feelings Embroidered Sweatshirt, Mental Health Crewneck, Therapist Gift, Aesthetic Self Care Sweater, Cute Positive Vibe Pullover","Wear your heart on your sleeve—literally! This gorgeous ""It's a Good Day to Talk About Feelings"" Embroidered Sweatshirt is the perfect blend of cozy comfort and mental health advocacy. Designed with vibrant, premium-quality embroidery, this colorful crewneck features a playful retro font and cute star accents that bring a cheerful touch to any outfit.

Whether you are a therapist, school counselor, psychology student, or simply someone who advocates for self-care and emotional wellness, this aesthetic self-care sweater is a wonderful conversation starter. Made from an ultra-soft cotton-polyester blend, it offers a relaxed unisex fit that is perfect for everyday wear, lounging, or styling with your favorite jeans.
Processing time 
Our standard processing time is 3-5 days
Processing time begins after we receive all personalization details. Orders with missing information may be delayed until the required details are provided
During busy wedding season or holidays, processing times may vary slightly, but we always do our best to complete and ship orders as quickly as possible

Shipping times
Standard shipping usually takes approximately 5-9 business days after the order has been processed and shipped.
Please note that shipping times are estimated  and may vary depending on the carrier, destination, weather, holidays, or other delays outside of our control
Once your order has been shipped , tracking information will be provided when available

Rush Shipping Option
Need your order sooner? 
We offer a Rush shipping option, which usually arrives in approximately 3-5 business days after processing.
Please select the rush option shipping  at checkout or message us before ordering if you have a specific deadline
Rush Shipping Speeds up the delivery method, but please remember that each handkerchief is still custom embroidered and requires production time

Important Notes
- Colors may appear slightly different depending on your screen or monitor settings
- Placement and sizing of embroidery may vary slightly depending on the wording and font selected
- Personalized item are handmade, so slight variations may occur.

Return & Exchange Policy
Because this is personalized custom item, we do not accept  returns, exchanges or cancellation once production has started 
However customer satisfaction is very important to us. If there is an issue with your order, please contact us as soon as possible so we can help
We are not responsible for errors submitted in the personalization box, including spelling mistakes, incorrect dates, missing words, or wrong names. 
Please review your personalization carefully before placing order 
If we make an error on your order, please message us with photos of the item and packaging, and we will be happy to assist.

Lost, Delayed Or Return Packages
Once an order has been shipped, delivery is handled by the shipping carrier
We are not responsible for carrier delays, lost packages, incorrect address, or packages marked as delivered by the carrier
Please make sure your shipping address is correct before placing your order
If a package is returned to us due to an incorrect or incomplete address, the buyer is  responsible for any addition shipping cost to resend the item

Care Instructions
Machine Wash gently with cold water
Lay flat or tumbler dry low
Iron if needed
Do not bleach

Thank you so much for supporting our handmade shop. We are honored to create a meaningful keepsake for your special day.",35.32,USD,998,"feelings_sweatshirt,mental_health_gift,therapist_crewneck,embroidered_sweater,self_care_pullover,aesthetic_clothing,positive_vibes_top,colorful_embroidery,cozy_school_jumper,psychology_teacher,mindfulness_apparel,retro_style_crew,kindness_matters","Cotton,Polyester",https://i.etsystatic.com/66439541/r/il/b85082/8282262441/il_fullxfull.8282262441_i8k2.jpg,https://i.etsystatic.com/66439541/r/il/3141ff/8234350034/il_fullxfull.8234350034_2bps.jpg,https://i.etsystatic.com/66439541/r/il/6758ff/8282260819/il_fullxfull.8282260819_j8or.jpg,https://i.etsystatic.com/66439541/r/il/28abb2/8198189967/il_fullxfull.8198189967_rn9e.jpg,https://i.etsystatic.com/66439541/r/il/7fabf3/8217449210/il_fullxfull.8217449210_8hx0.jpg,https://i.etsystatic.com/66439541/r/il/1d6569/8207360470/il_fullxfull.8207360470_3l6p.jpg,https://i.etsystatic.com/66439541/r/il/3d65ee/8207360468/il_fullxfull.8207360468_17ug.jpg,https://i.etsystatic.com/66439541/r/il/2aa2a3/8150339970/il_fullxfull.8150339970_7bcg.jpg,https://i.etsystatic.com/66439541/r/il/398d71/8150339866/il_fullxfull.8150339866_fj16.jpg,https://i.etsystatic.com/66439541/r/il/45b881/8198254531/il_fullxfull.8198254531_1qw9.jpg,"Custom Property","Your choice","Gildan Sweatshirt,Tshirt Comfort Color,Gildan Hoodie,Quarter Zip,Croptop,Spaghetti Stap Tank,Rib-Racer Tank","Women's clothing size",Size,"XS,S,M,L,XL,2X,3X",TUL-010
"Embroidered Fall Icons Comfort Colors Shirt, Pumpkin Ghost Coffee Leaf Candy Corn Tee","Celebrate cozy spooky season with this cute fall icons embroidered Comfort Colors shirt, featuring cheerful Halloween and autumn character doodles. With a smiling pumpkin, ghost, cozy coffee cup, maple leaf, and candy corn, this playful fall tee is perfect for pumpkin patch days, Halloween outfits, and seasonal gifting. 🎃👻🍂

• Cute fall character design: The embroidered pumpkin, ghost, coffee cup, maple leaf, and candy corn create a fun doodle-style lineup for autumn and Halloween lovers.

• Perfect spooky-season outfit: Wear it to pumpkin patches, fall festivals, Halloween parties, coffee dates, classroom events, bonfires, or cozy weekend plans.

• Comfort Colors style: The relaxed everyday look pairs easily with jeans, leggings, cardigans, flannels, sneakers, boots, or layered fall outfits. ☕

• Thoughtful seasonal gift: A fun present for teachers, moms, sisters, daughters, girlfriends, best friends, Halloween fans, coffee lovers, and cozy fall people. 🎁

• Detailed embroidered finish: The stitched artwork adds texture, color, and lasting charm, making this shirt feel more special than a standard printed fall tee.

• Cute not scary: The friendly character icons make this design perfect for family-friendly Halloween outfits, school events, and casual autumn photos.

• Care instructions: Turn the shirt inside out before washing, use cold water on a gentle cycle, avoid bleach, and air dry or tumble dry low to protect the embroidery.
Processing time 
Our standard processing time is 3-5 days
Processing time begins after we receive all personalization details. Orders with missing information may be delayed until the required details are provided
During busy wedding season or holidays, processing times may vary slightly, but we always do our best to complete and ship orders as quickly as possible

Shipping times
Standard shipping usually takes approximately 5-9 business days after the order has been processed and shipped.
Please note that shipping times are estimated  and may vary depending on the carrier, destination, weather, holidays, or other delays outside of our control
Once your order has been shipped , tracking information will be provided when available

Rush Shipping Option
Need your order sooner? 
We offer a Rush shipping option, which usually arrives in approximately 3-5 business days after processing.
Please select the rush option shipping  at checkout or message us before ordering if you have a specific deadline
Rush Shipping Speeds up the delivery method, but please remember that each handkerchief is still custom embroidered and requires production time

Important Notes
- Colors may appear slightly different depending on your screen or monitor settings
- Placement and sizing of embroidery may vary slightly depending on the wording and font selected
- Personalized item are handmade, so slight variations may occur.

Return & Exchange Policy
Because this is personalized custom item, we do not accept  returns, exchanges or cancellation once production has started 
However customer satisfaction is very important to us. If there is an issue with your order, please contact us as soon as possible so we can help
We are not responsible for errors submitted in the personalization box, including spelling mistakes, incorrect dates, missing words, or wrong names. 
Please review your personalization carefully before placing order 
If we make an error on your order, please message us with photos of the item and packaging, and we will be happy to assist.

Lost, Delayed Or Return Packages
Once an order has been shipped, delivery is handled by the shipping carrier
We are not responsible for carrier delays, lost packages, incorrect address, or packages marked as delivered by the carrier
Please make sure your shipping address is correct before placing your order
If a package is returned to us due to an incorrect or incomplete address, the buyer is  responsible for any addition shipping cost to resend the item

Care Instructions
Machine Wash gently with cold water
Lay flat or tumbler dry low
Iron if needed
Do not bleach

Thank you so much for supporting our handmade shop. We are honored to create a meaningful keepsake for your special day.",35.32,USD,998,"fall_icons_tee,halloween_doodle,comfort_colors,embroidered_fall,pumpkin_ghost_tee,coffee_leaf_shirt,candy_corn_gift,cute_spooky_top,fall_character,autumn_icon_tee,pumpkin_patch_top,halloween_gift,cozy_fall_shirt",Cotton,https://i.etsystatic.com/66439541/r/il/b1e506/8278332063/il_fullxfull.8278332063_e1ds.jpg,https://i.etsystatic.com/66439541/r/il/43e5d3/8278326645/il_fullxfull.8278326645_gl0d.jpg,https://i.etsystatic.com/66439541/r/il/28abb2/8198189967/il_fullxfull.8198189967_rn9e.jpg,https://i.etsystatic.com/66439541/r/il/7fabf3/8217449210/il_fullxfull.8217449210_8hx0.jpg,https://i.etsystatic.com/66439541/r/il/1d6569/8207360470/il_fullxfull.8207360470_3l6p.jpg,https://i.etsystatic.com/66439541/r/il/3d65ee/8207360468/il_fullxfull.8207360468_17ug.jpg,https://i.etsystatic.com/66439541/r/il/2aa2a3/8150339970/il_fullxfull.8150339970_7bcg.jpg,https://i.etsystatic.com/66439541/r/il/398d71/8150339866/il_fullxfull.8150339866_fj16.jpg,https://i.etsystatic.com/66439541/r/il/45b881/8198254531/il_fullxfull.8198254531_1qw9.jpg,https://i.etsystatic.com/66439541/r/il/acd6fe/8150274582/il_fullxfull.8150274582_ld3y.jpg,"Custom Property","Your choice","Gildan Sweatshirt,Tshirt Comfort Color,Gildan Hoodie,Quarter Zip,Croptop,Spaghetti Stap Tank,Rib-Racer Tank","Women's clothing size",Size,"XS,S,M,L,XL,2X,3X",TUL-010
"Ghost Reading Embroidered Shirt, Autumn Leaves Book Lover Tee, Cozy Fall Top","Celebrate cozy spooky season with this ghost reading embroidered Comfort Colors shirt, featuring a sweet little ghost holding a book and surrounded by autumn leaves. This cute fall tee is perfect for book lovers, Halloween outfits, library days, pumpkin patch visits, and relaxed autumn style. 👻📚🍂

• Cute ghost reading design: The embroidered ghost with a book creates a charming spooky-season look that feels cozy, playful, and perfect for readers.

• Perfect for book lovers: A thoughtful shirt for readers, librarians, English teachers, book club friends, students, writers, and anyone who loves reading on chilly fall days.

• Cozy autumn style: Pair this Comfort Colors tee with jeans, leggings, cardigans, flannels, boots, or sneakers for an easy seasonal outfit.

• Great for Halloween and fall: Wear it to pumpkin patches, bookstores, libraries, fall festivals, Halloween parties, coffee dates, and cozy reading nights. 🎃

• Detailed embroidered finish: The stitched ghost, book, leaves, and sparkle accents add texture and lasting charm compared with a standard printed shirt.

• Thoughtful seasonal gift: A cute gift for bookworms, teachers, librarians, sisters, daughters, girlfriends, moms, best friends, and Halloween lovers. 🎁

• Care instructions: Turn the shirt inside out before washing, use cold water on a gentle cycle, avoid bleach, and air dry or tumble dry low to protect the embroidery.
Processing time 
Our standard processing time is 3-5 days
Processing time begins after we receive all personalization details. Orders with missing information may be delayed until the required details are provided
During busy wedding season or holidays, processing times may vary slightly, but we always do our best to complete and ship orders as quickly as possible

Shipping times
Standard shipping usually takes approximately 5-9 business days after the order has been processed and shipped.
Please note that shipping times are estimated  and may vary depending on the carrier, destination, weather, holidays, or other delays outside of our control
Once your order has been shipped , tracking information will be provided when available

Rush Shipping Option
Need your order sooner? 
We offer a Rush shipping option, which usually arrives in approximately 3-5 business days after processing.
Please select the rush option shipping  at checkout or message us before ordering if you have a specific deadline
Rush Shipping Speeds up the delivery method, but please remember that each handkerchief is still custom embroidered and requires production time

Important Notes
- Colors may appear slightly different depending on your screen or monitor settings
- Placement and sizing of embroidery may vary slightly depending on the wording and font selected
- Personalized item are handmade, so slight variations may occur.

Return & Exchange Policy
Because this is personalized custom item, we do not accept  returns, exchanges or cancellation once production has started 
However customer satisfaction is very important to us. If there is an issue with your order, please contact us as soon as possible so we can help
We are not responsible for errors submitted in the personalization box, including spelling mistakes, incorrect dates, missing words, or wrong names. 
Please review your personalization carefully before placing order 
If we make an error on your order, please message us with photos of the item and packaging, and we will be happy to assist.

Lost, Delayed Or Return Packages
Once an order has been shipped, delivery is handled by the shipping carrier
We are not responsible for carrier delays, lost packages, incorrect address, or packages marked as delivered by the carrier
Please make sure your shipping address is correct before placing your order
If a package is returned to us due to an incorrect or incomplete address, the buyer is  responsible for any addition shipping cost to resend the item

Care Instructions
Machine Wash gently with cold water
Lay flat or tumbler dry low
Iron if needed
Do not bleach

Thank you so much for supporting our handmade shop. We are honored to create a meaningful keepsake for your special day.",35.32,USD,998,"ghost_reading_tee,embroidered_ghost,comfort_colors,fall_leaves_tee,halloween_book,book_lover_gift,cozy_autumn_top,reading_ghost_top,cute_spooky_shirt,librarian_gift,bookworm_fall_tee,halloween_reader,fall_sweatshirt",Cotton,https://i.etsystatic.com/66439541/r/il/8f8089/8278318587/il_fullxfull.8278318587_gbht.jpg,https://i.etsystatic.com/66439541/r/il/55717d/8230400164/il_fullxfull.8230400164_f4cm.jpg,https://i.etsystatic.com/66439541/r/il/28abb2/8198189967/il_fullxfull.8198189967_rn9e.jpg,https://i.etsystatic.com/66439541/r/il/7fabf3/8217449210/il_fullxfull.8217449210_8hx0.jpg,https://i.etsystatic.com/66439541/r/il/1d6569/8207360470/il_fullxfull.8207360470_3l6p.jpg,https://i.etsystatic.com/66439541/r/il/3d65ee/8207360468/il_fullxfull.8207360468_17ug.jpg,https://i.etsystatic.com/66439541/r/il/2aa2a3/8150339970/il_fullxfull.8150339970_7bcg.jpg,https://i.etsystatic.com/66439541/r/il/398d71/8150339866/il_fullxfull.8150339866_fj16.jpg,https://i.etsystatic.com/66439541/r/il/45b881/8198254531/il_fullxfull.8198254531_1qw9.jpg,https://i.etsystatic.com/66439541/r/il/acd6fe/8150274582/il_fullxfull.8150274582_ld3y.jpg,"Custom Property","Your choice","Gildan Sweatshirt,Tshirt Comfort Color,Gildan Hoodie,Quarter Zip,Croptop,Spaghetti Stap Tank,Rib-Racer Tank","Women's clothing size",Size,"XS,S,M,L,XL,2X,3X",TUL-010
"Embroidered Hedgehog Fall Shirt, Autumn Leaves Woodland Animal Top","Celebrate cozy autumn days with this hedgehog fall embroidered Comfort Colors shirt, featuring a sweet woodland hedgehog surrounded by colorful falling leaves. This cute fall tee is perfect for nature lovers, pumpkin patch visits, Thanksgiving gatherings, coffee dates, and relaxed seasonal outfits. 🦔🍂

• Adorable hedgehog embroidery: The charming hedgehog design brings a sweet woodland touch to your wardrobe, making it perfect for anyone who loves cute animals and cozy fall style.

• Beautiful autumn leaves: Warm seasonal leaves in orange, yellow, green, and red create a playful fall look inspired by crisp mornings, nature walks, and pumpkin season.

• Perfect cozy outfit: Pair this Comfort Colors shirt with jeans, leggings, boots, cardigans, flannels, or denim jackets for an easy autumn outfit.

• Thoughtful gift for her: A lovely present for hedgehog lovers, animal lovers, nature fans, moms, sisters, daughters, girlfriends, teachers, or best friends. 🎁

• Great for fall activities: Wear it to pumpkin patches, fall festivals, Thanksgiving gatherings, farmers markets, coffee dates, bonfires, or casual weekend plans.

• Detailed embroidered finish: The stitched artwork adds texture, color, and lasting charm, making this shirt feel more special than a standard printed fall tee.

• Easy seasonal layering: Wear it alone on mild fall days or layer it under a cozy sweater, cardigan, jacket, or flannel when the weather gets cooler.

• Care instructions: Turn the shirt inside out before washing, use cold water on a gentle cycle, avoid harsh bleach, and air dry or tumble dry low to help protect the embroidery.
Processing time 
Our standard processing time is 3-5 days
Processing time begins after we receive all personalization details. Orders with missing information may be delayed until the required details are provided
During busy wedding season or holidays, processing times may vary slightly, but we always do our best to complete and ship orders as quickly as possible

Shipping times
Standard shipping usually takes approximately 5-9 business days after the order has been processed and shipped.
Please note that shipping times are estimated  and may vary depending on the carrier, destination, weather, holidays, or other delays outside of our control
Once your order has been shipped , tracking information will be provided when available

Rush Shipping Option
Need your order sooner? 
We offer a Rush shipping option, which usually arrives in approximately 3-5 business days after processing.
Please select the rush option shipping  at checkout or message us before ordering if you have a specific deadline
Rush Shipping Speeds up the delivery method, but please remember that each handkerchief is still custom embroidered and requires production time

Important Notes
- Colors may appear slightly different depending on your screen or monitor settings
- Placement and sizing of embroidery may vary slightly depending on the wording and font selected
- Personalized item are handmade, so slight variations may occur.

Return & Exchange Policy
Because this is personalized custom item, we do not accept  returns, exchanges or cancellation once production has started 
However customer satisfaction is very important to us. If there is an issue with your order, please contact us as soon as possible so we can help
We are not responsible for errors submitted in the personalization box, including spelling mistakes, incorrect dates, missing words, or wrong names. 
Please review your personalization carefully before placing order 
If we make an error on your order, please message us with photos of the item and packaging, and we will be happy to assist.

Lost, Delayed Or Return Packages
Once an order has been shipped, delivery is handled by the shipping carrier
We are not responsible for carrier delays, lost packages, incorrect address, or packages marked as delivered by the carrier
Please make sure your shipping address is correct before placing your order
If a package is returned to us due to an incorrect or incomplete address, the buyer is  responsible for any addition shipping cost to resend the item

Care Instructions
Machine Wash gently with cold water
Lay flat or tumbler dry low
Iron if needed
Do not bleach

Thank you so much for supporting our handmade shop. We are honored to create a meaningful keepsake for your special day.",35.32,USD,998,"hedgehog_shirt,fall_leaves_tee,comfort_colors,embroidered_fall,woodland_animal,hedgehog_gift,autumn_animal_top,cozy_nature_shirt,fall_comfort_tee,cute_fall_shirt,nature_lover_gift,pumpkin_patch_top,embroidered_tee",Cotton,https://i.etsystatic.com/66439541/r/il/ff4861/8230392722/il_fullxfull.8230392722_nm9s.jpg,https://i.etsystatic.com/66439541/r/il/bb8812/8278302137/il_fullxfull.8278302137_qe8k.jpg,https://i.etsystatic.com/66439541/r/il/28abb2/8198189967/il_fullxfull.8198189967_rn9e.jpg,https://i.etsystatic.com/66439541/r/il/7fabf3/8217449210/il_fullxfull.8217449210_8hx0.jpg,https://i.etsystatic.com/66439541/r/il/1d6569/8207360470/il_fullxfull.8207360470_3l6p.jpg,https://i.etsystatic.com/66439541/r/il/3d65ee/8207360468/il_fullxfull.8207360468_17ug.jpg,https://i.etsystatic.com/66439541/r/il/2aa2a3/8150339970/il_fullxfull.8150339970_7bcg.jpg,https://i.etsystatic.com/66439541/r/il/398d71/8150339866/il_fullxfull.8150339866_fj16.jpg,https://i.etsystatic.com/66439541/r/il/45b881/8198254531/il_fullxfull.8198254531_1qw9.jpg,https://i.etsystatic.com/66439541/r/il/acd6fe/8150274582/il_fullxfull.8150274582_ld3y.jpg,"Custom Property","Your choice","Gildan Sweatshirt,Tshirt Comfort Color,Gildan Hoodie,Quarter Zip,Croptop,Spaghetti Stap Tank,Rib-Racer Tank","Women's clothing size",Size,"XS,S,M,L,XL,2X,3X",TUL-010
"Embroidered Autumn Leaves Comfort Colors Shirt, Minimalist Fall Thanksgiving Top","Celebrate cozy fall days with this autumn leaf embroidered Comfort Colors shirt, featuring colorful seasonal leaves in a simple minimalist design. This fall leaves tee is perfect for Thanksgiving gatherings, pumpkin patch visits, coffee dates, nature walks, and relaxed autumn outfits. 🍂

• Minimalist autumn embroidery: The embroidered leaf row creates a clean and cozy seasonal look with warm fall colors, making it easy to wear throughout autumn.

• Perfect fall wardrobe piece: Pair this Comfort Colors shirt with jeans, leggings, boots, cardigans, flannels, or denim jackets for an effortless cozy-season outfit.

• Great for seasonal activities: Wear it to pumpkin patches, fall festivals, Thanksgiving dinners, farmers markets, bonfires, coffee runs, and casual weekend plans. ☕

• Thoughtful autumn gift: A lovely gift for moms, sisters, daughters, girlfriends, teachers, best friends, nature lovers, and anyone who enjoys fall fashion. 🎁

• Detailed embroidered finish: The stitched leaf design adds texture, color, and lasting charm, making this shirt feel more special than a standard printed fall tee.

• Easy seasonal layering: Wear it alone on mild autumn days or layer it under a cardigan, jacket, or cozy sweater when the weather gets cooler.

• Care instructions: Turn the shirt inside out before washing, use cold water on a gentle cycle, avoid harsh bleach, and air dry or tumble dry low to help protect the embroidery.
Processing time 
Our standard processing time is 3-5 days
Processing time begins after we receive all personalization details. Orders with missing information may be delayed until the required details are provided
During busy wedding season or holidays, processing times may vary slightly, but we always do our best to complete and ship orders as quickly as possible

Shipping times
Standard shipping usually takes approximately 5-9 business days after the order has been processed and shipped.
Please note that shipping times are estimated  and may vary depending on the carrier, destination, weather, holidays, or other delays outside of our control
Once your order has been shipped , tracking information will be provided when available

Rush Shipping Option
Need your order sooner? 
We offer a Rush shipping option, which usually arrives in approximately 3-5 business days after processing.
Please select the rush option shipping  at checkout or message us before ordering if you have a specific deadline
Rush Shipping Speeds up the delivery method, but please remember that each handkerchief is still custom embroidered and requires production time

Important Notes
- Colors may appear slightly different depending on your screen or monitor settings
- Placement and sizing of embroidery may vary slightly depending on the wording and font selected
- Personalized item are handmade, so slight variations may occur.

Return & Exchange Policy
Because this is personalized custom item, we do not accept  returns, exchanges or cancellation once production has started 
However customer satisfaction is very important to us. If there is an issue with your order, please contact us as soon as possible so we can help
We are not responsible for errors submitted in the personalization box, including spelling mistakes, incorrect dates, missing words, or wrong names. 
Please review your personalization carefully before placing order 
If we make an error on your order, please message us with photos of the item and packaging, and we will be happy to assist.

Lost, Delayed Or Return Packages
Once an order has been shipped, delivery is handled by the shipping carrier
We are not responsible for carrier delays, lost packages, incorrect address, or packages marked as delivered by the carrier
Please make sure your shipping address is correct before placing your order
If a package is returned to us due to an incorrect or incomplete address, the buyer is  responsible for any addition shipping cost to resend the item

Care Instructions
Machine Wash gently with cold water
Lay flat or tumbler dry low
Iron if needed
Do not bleach

Thank you so much for supporting our handmade shop. We are honored to create a meaningful keepsake for your special day.",35.32,USD,998,"autumn_leaf_shirt,fall_leaves_tee,comfort_colors,embroidered_fall,thanksgiving_top,cozy_season_tee,minimalist_fall,nature_lover_gift,fall_outfit_women,leaf_embroidery,autumn_gift_her,fall_comfort_tee,pumpkin_patch_top",Cotton,https://i.etsystatic.com/66439541/r/il/d9e4bd/8230373980/il_fullxfull.8230373980_ftwo.jpg,https://i.etsystatic.com/66439541/r/il/6632cc/8230372872/il_fullxfull.8230372872_egy6.jpg,https://i.etsystatic.com/66439541/r/il/63a678/8278288151/il_fullxfull.8278288151_tutn.jpg,https://i.etsystatic.com/66439541/r/il/28abb2/8198189967/il_fullxfull.8198189967_rn9e.jpg,https://i.etsystatic.com/66439541/r/il/7fabf3/8217449210/il_fullxfull.8217449210_8hx0.jpg,https://i.etsystatic.com/66439541/r/il/1d6569/8207360470/il_fullxfull.8207360470_3l6p.jpg,https://i.etsystatic.com/66439541/r/il/3d65ee/8207360468/il_fullxfull.8207360468_17ug.jpg,https://i.etsystatic.com/66439541/r/il/2aa2a3/8150339970/il_fullxfull.8150339970_7bcg.jpg,https://i.etsystatic.com/66439541/r/il/398d71/8150339866/il_fullxfull.8150339866_fj16.jpg,https://i.etsystatic.com/66439541/r/il/45b881/8198254531/il_fullxfull.8198254531_1qw9.jpg,"Custom Property","Your choice","Gildan Sweatshirt,Tshirt Comfort Color,Gildan Hoodie,Quarter Zip,Croptop,Spaghetti Stap Tank,Rib-Racer Tank","Women's clothing size",Size,"XS,S,M,L,XL,2X,3X",TUL-010
"Embroidered Comfort Colors Shirt, Vet Tech Animal Rescue Gift, Veterinary Nurse Top","Celebrate compassionate animal care with this “It’s a Good Day to Save Animals” embroidered Comfort Colors shirt. Featuring cute pet, paw, stethoscope, bottle, and heart details, this soft animal lover tee is perfect for vet techs, veterinary nurses, rescue workers, shelter staff, and anyone who loves helping animals. 🐾💙

• Meaningful animal care design: The embroidered message is perfect for people who dedicate their days to caring for pets, rescue animals, clinic patients, and furry friends in need.

• Perfect vet tech gift: A thoughtful choice for veterinary technicians, veterinary nurses, animal rescue workers, shelter volunteers, pet care staff, groomers, and future veterinarians. 🎁

• Cute embroidered details: The paw print, dog, cat, stethoscope, bottle, and heart icons create a sweet pet-themed look with a cheerful blue stitched finish.

• Comfort Colors style: Easy to wear with jeans, leggings, scrub pants, cardigans, sneakers, or casual workwear for clinic days, shelter events, errands, and cozy days off.

• Great for special occasions: Ideal for Vet Tech Week, graduation, birthdays, Christmas, animal shelter appreciation, coworker gifts, or a thank-you present for an animal lover.

• Detailed stitched finish: The embroidery adds texture, color, and lasting charm, making this animal rescue shirt feel more special than a standard printed tee.

• Easy care instructions: Turn the shirt inside out before washing, use cold water on a gentle cycle, avoid harsh bleach, and air dry or tumble dry low to help protect the embroidery.
 Our standard processing time is 3-5 days
Processing time begins after we receive all personalization details. Orders with missing information may be delayed until the required details are provided
During busy wedding season or holidays, processing times may vary slightly, but we always do our best to complete and ship orders as quickly as possible

Shipping times
Standard shipping usually takes approximately 5-9 business days after the order has been processed and shipped.
Please note that shipping times are estimated  and may vary depending on the carrier, destination, weather, holidays, or other delays outside of our control
Once your order has been shipped , tracking information will be provided when available

Rush Shipping Option
Need your order sooner? 
We offer a Rush shipping option, which usually arrives in approximately 3-5 business days after processing.
Please select the rush option shipping  at checkout or message us before ordering if you have a specific deadline
Rush Shipping Speeds up the delivery method, but please remember that each handkerchief is still custom embroidered and requires production time

Important Notes
- Colors may appear slightly different depending on your screen or monitor settings
- Placement and sizing of embroidery may vary slightly depending on the wording and font selected
- Personalized item are handmade, so slight variations may occur.

Return & Exchange Policy
Because this is personalized custom item, we do not accept  returns, exchanges or cancellation once production has started 
However customer satisfaction is very important to us. If there is an issue with your order, please contact us as soon as possible so we can help
We are not responsible for errors submitted in the personalization box, including spelling mistakes, incorrect dates, missing words, or wrong names. 
Please review your personalization carefully before placing order 
If we make an error on your order, please message us with photos of the item and packaging, and we will be happy to assist.

Lost, Delayed Or Return Packages
Once an order has been shipped, delivery is handled by the shipping carrier
We are not responsible for carrier delays, lost packages, incorrect address, or packages marked as delivered by the carrier
Please make sure your shipping address is correct before placing your order
If a package is returned to us due to an incorrect or incomplete address, the buyer is  responsible for any addition shipping cost to resend the item

Care Instructions
Machine Wash gently with cold water
Lay flat or tumbler dry low
Iron if needed
Do not bleach

Thank you so much for supporting our handmade shop. We are honored to create a meaningful keepsake for your special day.",35.32,USD,998,"save_animals_tee,vet_tech_gift_idea,veterinary_nurse,animal_rescue_tee,comfort_colors,embroidered_vet,animal_lover_gift,good_day_shirt,vet_nurse_shirt,rescue_worker_gift,pet_care_shirt,dog_cat_lover_tee,veterinarian_gift",Cotton,https://i.etsystatic.com/66439541/r/il/5b97ec/8230366894/il_fullxfull.8230366894_34bl.jpg,https://i.etsystatic.com/66439541/r/il/efe48d/8230358440/il_fullxfull.8230358440_7v69.jpg,https://i.etsystatic.com/66439541/r/il/ee547f/8278274117/il_fullxfull.8278274117_pdoq.jpg,https://i.etsystatic.com/66439541/r/il/28abb2/8198189967/il_fullxfull.8198189967_rn9e.jpg,https://i.etsystatic.com/66439541/r/il/7fabf3/8217449210/il_fullxfull.8217449210_8hx0.jpg,https://i.etsystatic.com/66439541/r/il/1d6569/8207360470/il_fullxfull.8207360470_3l6p.jpg,https://i.etsystatic.com/66439541/r/il/3d65ee/8207360468/il_fullxfull.8207360468_17ug.jpg,https://i.etsystatic.com/66439541/r/il/2aa2a3/8150339970/il_fullxfull.8150339970_7bcg.jpg,https://i.etsystatic.com/66439541/r/il/398d71/8150339866/il_fullxfull.8150339866_fj16.jpg,https://i.etsystatic.com/66439541/r/il/45b881/8198254531/il_fullxfull.8198254531_1qw9.jpg,"Custom Property","Your choice","Gildan Sweatshirt,Tshirt Comfort Color,Gildan Hoodie,Quarter Zip,Croptop,Spaghetti Stap Tank,Rib-Racer Tank","Women's clothing size",Size,"XS,S,M,L,XL,2X,3X",TUL-010
"Born to Yap Forced to Analyze Embroidered Shirt, Comfort Colors Science Tee, STEM Student","Celebrate your science-loving, overthinking, always-talking personality with this “Born to Yap, Forced to Analyze” embroidered Comfort Colors shirt. Featuring cute blue bows, DNA, lab flask, atom details, and playful lettering, this STEM-inspired tee is perfect for students, teachers, lab lovers, and science girls. 🔬💙

• Funny science design: The “Born to Yap, Forced to Analyze” phrase is perfect for anyone who loves talking, studying, researching, and breaking down every little detail.

• Cute STEM embroidery: Blue bows, DNA, flask, atom, and soft stitched lettering create a playful science look with a feminine coquette-inspired touch.

• Perfect gift idea: A fun present for science teachers, STEM students, biology majors, chemistry lovers, lab techs, researchers, nursing students, and analytical besties. 🎁

• Comfort Colors style: Easy to wear with jeans, leggings, cardigans, sneakers, or casual classroom outfits for school days, lab days, coffee runs, and study sessions.

• Detailed embroidered finish: The stitched design adds texture and lasting character, making this shirt feel more special than a standard printed science tee.

• Great for many occasions: Ideal for back to school, teacher appreciation, birthdays, graduation gifts, science club outfits, lab events, or everyday nerdy-cute style.

• Care instructions: Turn the shirt inside out before washing, use cold water on a gentle cycle, avoid bleach, and air dry or tumble dry low to protect the embroidery
 Our standard processing time is 3-5 days
Processing time begins after we receive all personalization details. Orders with missing information may be delayed until the required details are provided
During busy wedding season or holidays, processing times may vary slightly, but we always do our best to complete and ship orders as quickly as possible

Shipping times
Standard shipping usually takes approximately 5-9 business days after the order has been processed and shipped.
Please note that shipping times are estimated  and may vary depending on the carrier, destination, weather, holidays, or other delays outside of our control
Once your order has been shipped , tracking information will be provided when available

Rush Shipping Option
Need your order sooner? 
We offer a Rush shipping option, which usually arrives in approximately 3-5 business days after processing.
Please select the rush option shipping  at checkout or message us before ordering if you have a specific deadline
Rush Shipping Speeds up the delivery method, but please remember that each handkerchief is still custom embroidered and requires production time

Important Notes
- Colors may appear slightly different depending on your screen or monitor settings
- Placement and sizing of embroidery may vary slightly depending on the wording and font selected
- Personalized item are handmade, so slight variations may occur.

Return & Exchange Policy
Because this is personalized custom item, we do not accept  returns, exchanges or cancellation once production has started 
However customer satisfaction is very important to us. If there is an issue with your order, please contact us as soon as possible so we can help
We are not responsible for errors submitted in the personalization box, including spelling mistakes, incorrect dates, missing words, or wrong names. 
Please review your personalization carefully before placing order 
If we make an error on your order, please message us with photos of the item and packaging, and we will be happy to assist.

Lost, Delayed Or Return Packages
Once an order has been shipped, delivery is handled by the shipping carrier
We are not responsible for carrier delays, lost packages, incorrect address, or packages marked as delivered by the carrier
Please make sure your shipping address is correct before placing your order
If a package is returned to us due to an incorrect or incomplete address, the buyer is  responsible for any addition shipping cost to resend the item

Care Instructions
Machine Wash gently with cold water
Lay flat or tumbler dry low
Iron if needed
Do not bleach

Thank you so much for supporting our handmade shop. We are honored to create a meaningful keepsake for your special day.",35.32,USD,998,"born_to_yap_top,forced_analyze,science_teacher,comfort_colors,embroidered_tee,stem_student_gift,lab_lover_shirt,science_lover_tee,chemistry_shirt,biology_student,teacher_gift_idea,cute_science_top,science_girl_tee",Cotton,https://i.etsystatic.com/66439541/r/il/7e55ba/8278264563/il_fullxfull.8278264563_byxy.jpg,https://i.etsystatic.com/66439541/r/il/16f271/8230348564/il_fullxfull.8230348564_gs7r.jpg,https://i.etsystatic.com/66439541/r/il/28abb2/8198189967/il_fullxfull.8198189967_rn9e.jpg,https://i.etsystatic.com/66439541/r/il/7fabf3/8217449210/il_fullxfull.8217449210_8hx0.jpg,https://i.etsystatic.com/66439541/r/il/1d6569/8207360470/il_fullxfull.8207360470_3l6p.jpg,https://i.etsystatic.com/66439541/r/il/3d65ee/8207360468/il_fullxfull.8207360468_17ug.jpg,https://i.etsystatic.com/66439541/r/il/2aa2a3/8150339970/il_fullxfull.8150339970_7bcg.jpg,https://i.etsystatic.com/66439541/r/il/398d71/8150339866/il_fullxfull.8150339866_fj16.jpg,https://i.etsystatic.com/66439541/r/il/45b881/8198254531/il_fullxfull.8198254531_1qw9.jpg,https://i.etsystatic.com/66439541/r/il/acd6fe/8150274582/il_fullxfull.8150274582_ld3y.jpg,"Custom Property","Your choice","Gildan Sweatshirt,Tshirt Comfort Color,Gildan Hoodie,Quarter Zip,Croptop,Spaghetti Stap Tank,Rib-Racer Tank","Women's clothing size",Size,"XS,S,M,L,XL,2X,3X",TUL-010
"Embroidered Women's Health Nurse Comfort Colors Shirt, OB GYN Medical Tee","Celebrate compassionate care with this women’s health nurse embroidered Comfort Colors shirt, featuring soft pink medical and feminine health-inspired icons with elegant lettering. This thoughtful nurse tee is perfect for OB GYN nurses, labor and delivery staff, fertility clinic teams, IVF nurses, and healthcare professionals. 🩺💕

• Perfect women’s health nurse design: The embroidered uterus, stethoscope, flower, IVF letters, leaves, and heart details create a meaningful design for nurses who support women’s health every day.

• Thoughtful nurse gift: A lovely choice for OB GYN nurses, labor and delivery nurses, fertility nurses, IVF clinic staff, postpartum nurses, nursing students, and medical professionals. 🎁

• Great for appreciation occasions: Ideal for Nurse Appreciation Week, graduation, birthdays, Christmas, new job gifts, hospital team gifts, clinic staff presents, or a thank-you surprise.

• Comfort Colors style: The relaxed everyday look pairs easily with jeans, leggings, scrub pants, cardigans, sneakers, or casual workwear for clinic days and cozy days off.

• Detailed embroidered finish: The stitched pink artwork adds texture and lasting character, making this women’s health nurse shirt feel more special than a standard printed tee.

• Easy to wear year-round: Style it alone during warmer days or layer it under a jacket, cardigan, or sweatshirt for cooler mornings and casual shifts.

• Care instructions: Turn the shirt inside out before washing, use cold water on a gentle cycle, avoid harsh bleach, and air dry or tumble dry low to help protect the embroidery.Processing time
 Our standard processing time is 3-5 days
Processing time begins after we receive all personalization details. Orders with missing information may be delayed until the required details are provided
During busy wedding season or holidays, processing times may vary slightly, but we always do our best to complete and ship orders as quickly as possible

Shipping times
Standard shipping usually takes approximately 5-9 business days after the order has been processed and shipped.
Please note that shipping times are estimated  and may vary depending on the carrier, destination, weather, holidays, or other delays outside of our control
Once your order has been shipped , tracking information will be provided when available

Rush Shipping Option
Need your order sooner? 
We offer a Rush shipping option, which usually arrives in approximately 3-5 business days after processing.
Please select the rush option shipping  at checkout or message us before ordering if you have a specific deadline
Rush Shipping Speeds up the delivery method, but please remember that each handkerchief is still custom embroidered and requires production time

Important Notes
- Colors may appear slightly different depending on your screen or monitor settings
- Placement and sizing of embroidery may vary slightly depending on the wording and font selected
- Personalized item are handmade, so slight variations may occur.

Return & Exchange Policy
Because this is personalized custom item, we do not accept  returns, exchanges or cancellation once production has started 
However customer satisfaction is very important to us. If there is an issue with your order, please contact us as soon as possible so we can help
We are not responsible for errors submitted in the personalization box, including spelling mistakes, incorrect dates, missing words, or wrong names. 
Please review your personalization carefully before placing order 
If we make an error on your order, please message us with photos of the item and packaging, and we will be happy to assist.

Lost, Delayed Or Return Packages
Once an order has been shipped, delivery is handled by the shipping carrier
We are not responsible for carrier delays, lost packages, incorrect address, or packages marked as delivered by the carrier
Please make sure your shipping address is correct before placing your order
If a package is returned to us due to an incorrect or incomplete address, the buyer is  responsible for any addition shipping cost to resend the item

Care Instructions
Machine Wash gently with cold water
Lay flat or tumbler dry low
Iron if needed
Do not bleach

Thank you so much for supporting our handmade shop. We are honored to create a meaningful keepsake for your special day.",35.32,USD,998,"womens_health_rn,ob_gyn_nurse_gift,labor_nurse_gift,comfort_colors,embroidered_nurse,women_health_shirt,ivf_nurse_shirt,medical_worker_tee,nurse_appreciation,obgyn_nurse_tee,fertility_nurse,healthcare_gift,l_and_d_nurse_gift",Cotton,https://i.etsystatic.com/66439541/r/il/acfed2/8230340358/il_fullxfull.8230340358_2vfq.jpg,https://i.etsystatic.com/66439541/r/il/e96047/8278256159/il_fullxfull.8278256159_rweo.jpg,https://i.etsystatic.com/66439541/r/il/28abb2/8198189967/il_fullxfull.8198189967_rn9e.jpg,https://i.etsystatic.com/66439541/r/il/7fabf3/8217449210/il_fullxfull.8217449210_8hx0.jpg,https://i.etsystatic.com/66439541/r/il/1d6569/8207360470/il_fullxfull.8207360470_3l6p.jpg,https://i.etsystatic.com/66439541/r/il/3d65ee/8207360468/il_fullxfull.8207360468_17ug.jpg,https://i.etsystatic.com/66439541/r/il/2aa2a3/8150339970/il_fullxfull.8150339970_7bcg.jpg,https://i.etsystatic.com/66439541/r/il/398d71/8150339866/il_fullxfull.8150339866_fj16.jpg,https://i.etsystatic.com/66439541/r/il/45b881/8198254531/il_fullxfull.8198254531_1qw9.jpg,https://i.etsystatic.com/66439541/r/il/acd6fe/8150274582/il_fullxfull.8150274582_ld3y.jpg,"Custom Property","Your choice","Gildan Sweatshirt,Tshirt Comfort Color,Gildan Hoodie,Quarter Zip,Croptop,Spaghetti Stap Tank,Rib-Racer Tank","Women's clothing size",Size,"XS,S,M,L,XL,2X,3X",TUL-010
"Licensed Esthetician Embroidered Comfort Colors Shirt, Spa Beauty Tee, Coquette Skincare Gift","Celebrate beauty professionals with this licensed esthetician embroidered Comfort Colors shirt, featuring pretty pink spa icons, bows, skincare bottles, makeup details, and elegant lettering. This cute beauty tee is perfect for estheticians, salon workers, skincare specialists, spa owners, and cosmetology graduates. 🎀✨

• Perfect esthetician design: The embroidered “licensed esthetician” wording with skincare and beauty icons creates a polished look for proud spa and salon professionals.

• Cute coquette beauty style: Pink bows, bottles, mascara, cream jar, and soft feminine details give this shirt a trendy beauty-inspired look that feels sweet and stylish.

• Thoughtful gift idea: A lovely present for licensed estheticians, skincare specialists, facialists, spa owners, beauty students, cosmetology graduates, and salon besties. 🎁

• Great for work and everyday wear: Style it with jeans, leggings, cardigans, sneakers, or casual salon outfits for spa days, beauty appointments, errands, and relaxed weekends.

• Detailed embroidered finish: The stitched artwork adds texture, color, and lasting charm, making this esthetician shirt feel more special than a standard printed tee.

• Perfect for special occasions: Ideal for graduation, birthdays, Christmas, spa business launches, new job gifts, beauty school completion, or esthetician appreciation gifts.

• Comfort Colors style: The relaxed everyday look makes this tee easy to wear alone or layered under a jacket, cardigan, or cozy sweatshirt.

• Care instructions: Turn the shirt inside out before washing, use cold water on a gentle cycle, avoid harsh bleach, and air dry or tumble dry low to protect the embroidery.
Processing time
 Our standard processing time is 3-5 days
Processing time begins after we receive all personalization details. Orders with missing information may be delayed until the required details are provided
During busy wedding season or holidays, processing times may vary slightly, but we always do our best to complete and ship orders as quickly as possible

Shipping times
Standard shipping usually takes approximately 5-9 business days after the order has been processed and shipped.
Please note that shipping times are estimated  and may vary depending on the carrier, destination, weather, holidays, or other delays outside of our control
Once your order has been shipped , tracking information will be provided when available

Rush Shipping Option
Need your order sooner? 
We offer a Rush shipping option, which usually arrives in approximately 3-5 business days after processing.
Please select the rush option shipping  at checkout or message us before ordering if you have a specific deadline
Rush Shipping Speeds up the delivery method, but please remember that each handkerchief is still custom embroidered and requires production time

Important Notes
- Colors may appear slightly different depending on your screen or monitor settings
- Placement and sizing of embroidery may vary slightly depending on the wording and font selected
- Personalized item are handmade, so slight variations may occur.

Return & Exchange Policy
Because this is personalized custom item, we do not accept  returns, exchanges or cancellation once production has started 
However customer satisfaction is very important to us. If there is an issue with your order, please contact us as soon as possible so we can help
We are not responsible for errors submitted in the personalization box, including spelling mistakes, incorrect dates, missing words, or wrong names. 
Please review your personalization carefully before placing order 
If we make an error on your order, please message us with photos of the item and packaging, and we will be happy to assist.

Lost, Delayed Or Return Packages
Once an order has been shipped, delivery is handled by the shipping carrier
We are not responsible for carrier delays, lost packages, incorrect address, or packages marked as delivered by the carrier
Please make sure your shipping address is correct before placing your order
If a package is returned to us due to an incorrect or incomplete address, the buyer is  responsible for any addition shipping cost to resend the item

Care Instructions
Machine Wash gently with cold water
Lay flat or tumbler dry low
Iron if needed
Do not bleach

Thank you so much for supporting our handmade shop. We are honored to create a meaningful keepsake for your special day.",35.32,USD,998,"licensed_esthetician,esthetician_shirt,comfort_colors_tee,embroidered_beauty,skincare_gift,spa_worker_gift,aesthetician_gift,beauty_school_gift,facialist_shirt,salon_worker_tee,coquette_beauty,pink_beauty_shirt,esthetician_gift",Cotton,https://i.etsystatic.com/66439541/r/il/823f4c/8230327234/il_fullxfull.8230327234_k45r.jpg,https://i.etsystatic.com/66439541/r/il/864b90/8230327214/il_fullxfull.8230327214_bepc.jpg,https://i.etsystatic.com/66439541/r/il/2be746/8230327236/il_fullxfull.8230327236_p33m.jpg,https://i.etsystatic.com/66439541/r/il/28abb2/8198189967/il_fullxfull.8198189967_rn9e.jpg,https://i.etsystatic.com/66439541/r/il/7fabf3/8217449210/il_fullxfull.8217449210_8hx0.jpg,https://i.etsystatic.com/66439541/r/il/1d6569/8207360470/il_fullxfull.8207360470_3l6p.jpg,https://i.etsystatic.com/66439541/r/il/3d65ee/8207360468/il_fullxfull.8207360468_17ug.jpg,https://i.etsystatic.com/66439541/r/il/2aa2a3/8150339970/il_fullxfull.8150339970_7bcg.jpg,https://i.etsystatic.com/66439541/r/il/398d71/8150339866/il_fullxfull.8150339866_fj16.jpg,https://i.etsystatic.com/66439541/r/il/45b881/8198254531/il_fullxfull.8198254531_1qw9.jpg,"Custom Property","Your choice","Gildan Sweatshirt,Tshirt Comfort Color,Gildan Hoodie,Quarter Zip,Croptop,Spaghetti Stap Tank,Rib-Racer Tank","Women's clothing size",Size,"XS,S,M,L,XL,2X,3X",TUL-010
"Embroidered Comfort Colors Teacher Shirt, Hooked on Learning, Back to School Apparel","Celebrate a love for teaching with this “Hooked on Learning” embroidered Comfort Colors shirt, featuring cheerful classroom icons like an apple, pencil, book, globe, and hooks. This cute teacher tee is perfect for back to school, Teacher Appreciation, classroom outfits, and everyday educator style. 🍎📚

• Cute teacher embroidery: The colorful “Hooked on Learning” design adds a fun classroom-inspired touch with playful stitched details that teachers and school staff will love.

• Perfect back-to-school shirt: A cheerful outfit for the first day of school, classroom photos, lesson planning, school events, field trips, and casual teacher workdays.

• Thoughtful educator gift: A sweet gift idea for teachers, student teachers, tutors, teaching assistants, school staff, librarians, counselors, and classroom helpers. 🎁

• Great for many occasions: Ideal for Teacher Appreciation Week, back-to-school gifts, birthdays, Christmas, end-of-year thank-you presents, or a new teaching job celebration.

• Comfort Colors style: The relaxed everyday look pairs easily with jeans, leggings, skirts, cardigans, sneakers, or classroom-friendly layers for a comfortable school-day outfit.

• Detailed embroidered finish: The stitched design adds texture, color, and lasting charm, making this teacher shirt feel more special than a standard printed tee.

• Easy seasonal layering: Wear it alone during warmer school days or layer it under a cardigan, denim jacket, or cozy sweatshirt when the classroom gets chilly.

• Care instructions: Turn the shirt inside out before washing, use cold water on a gentle cycle, avoid harsh bleach, and air dry or tumble dry low to protect the embroidery.
Processing time
 Our standard processing time is 3-5 days
Processing time begins after we receive all personalization details. Orders with missing information may be delayed until the required details are provided
During busy wedding season or holidays, processing times may vary slightly, but we always do our best to complete and ship orders as quickly as possible

Shipping times
Standard shipping usually takes approximately 5-9 business days after the order has been processed and shipped.
Please note that shipping times are estimated  and may vary depending on the carrier, destination, weather, holidays, or other delays outside of our control
Once your order has been shipped , tracking information will be provided when available

Rush Shipping Option
Need your order sooner? 
We offer a Rush shipping option, which usually arrives in approximately 3-5 business days after processing.
Please select the rush option shipping  at checkout or message us before ordering if you have a specific deadline
Rush Shipping Speeds up the delivery method, but please remember that each handkerchief is still custom embroidered and requires production time

Important Notes
- Colors may appear slightly different depending on your screen or monitor settings
- Placement and sizing of embroidery may vary slightly depending on the wording and font selected
- Personalized item are handmade, so slight variations may occur.

Return & Exchange Policy
Because this is personalized custom item, we do not accept  returns, exchanges or cancellation once production has started 
However customer satisfaction is very important to us. If there is an issue with your order, please contact us as soon as possible so we can help
We are not responsible for errors submitted in the personalization box, including spelling mistakes, incorrect dates, missing words, or wrong names. 
Please review your personalization carefully before placing order 
If we make an error on your order, please message us with photos of the item and packaging, and we will be happy to assist.

Lost, Delayed Or Return Packages
Once an order has been shipped, delivery is handled by the shipping carrier
We are not responsible for carrier delays, lost packages, incorrect address, or packages marked as delivered by the carrier
Please make sure your shipping address is correct before placing your order
If a package is returned to us due to an incorrect or incomplete address, the buyer is  responsible for any addition shipping cost to resend the item

Care Instructions
Machine Wash gently with cold water
Lay flat or tumbler dry low
Iron if needed
Do not bleach

Thank you so much for supporting our handmade shop. We are honored to create a meaningful keepsake for your special day.",35.32,USD,998,"hooked_learning,teacher_gift_tee,comfort_colors,embroidered_tee,back_to_school,classroom_shirt,educator_gift,teacher_apple_top,teacher_book_tee,learning_shirt,cute_teacher_top,school_staff_gift,appreciation_gift",Cotton,https://i.etsystatic.com/66439541/r/il/1ffaaa/8230312228/il_fullxfull.8230312228_k4f9.jpg,https://i.etsystatic.com/66439541/r/il/5d45c0/8230312162/il_fullxfull.8230312162_oatr.jpg,https://i.etsystatic.com/66439541/r/il/8a7830/8230312382/il_fullxfull.8230312382_8v62.jpg,https://i.etsystatic.com/66439541/r/il/28abb2/8198189967/il_fullxfull.8198189967_rn9e.jpg,https://i.etsystatic.com/66439541/r/il/7fabf3/8217449210/il_fullxfull.8217449210_8hx0.jpg,https://i.etsystatic.com/66439541/r/il/1d6569/8207360470/il_fullxfull.8207360470_3l6p.jpg,https://i.etsystatic.com/66439541/r/il/3d65ee/8207360468/il_fullxfull.8207360468_17ug.jpg,https://i.etsystatic.com/66439541/r/il/2aa2a3/8150339970/il_fullxfull.8150339970_7bcg.jpg,https://i.etsystatic.com/66439541/r/il/398d71/8150339866/il_fullxfull.8150339866_fj16.jpg,https://i.etsystatic.com/66439541/r/il/45b881/8198254531/il_fullxfull.8198254531_1qw9.jpg,"Custom Property","Your choice","Gildan Sweatshirt,Tshirt Comfort Color,Gildan Hoodie,Quarter Zip,Croptop,Spaghetti Stap Tank,Rib-Racer Tank","Women's clothing size",Size,"XS,S,M,L,XL,2X,3X",TUL-010
"Embroidered Laboratory Technician Comfort Colors Shirt, Science Icons, Medical Lab Gift","Celebrate the important work of laboratory professionals with this Laboratory Technician embroidered Comfort Colors shirt. Featuring soft blue science icons, a microscope, DNA, flask, molecule, and clean stitched lettering, this lab tech design makes a thoughtful gift for medical laboratory workers, science lovers, and healthcare heroes. 🔬🧬

• Perfect for lab technicians: A meaningful shirt for laboratory technicians, medical lab scientists, clinical lab workers, research assistants, biology lovers, chemistry students, and STEM professionals.

• Science-inspired embroidery: The embroidered flask, microscope, DNA strand, molecule, and laboratory wording create a clean academic look with a soft blue thread finish.

• Thoughtful healthcare gift: A great gift idea for Medical Laboratory Week, graduation, birthdays, Christmas, new job celebrations, coworker gifts, or lab team appreciation. 🎁

• Comfort Colors style: The relaxed everyday fit pairs easily with jeans, leggings, scrub pants, cardigans, sneakers, or casual workwear for lab days and weekends.

• Great for school and work: Wear it to the lab, science class, clinical rotations, research days, hospital departments, medical school, or casual STEM events.

• Detailed embroidered finish: The stitched artwork adds texture and lasting character, making this laboratory technician shirt feel more special than a standard printed tee.

• Easy care instructions: Turn the shirt inside out before washing, use cold water on a gentle cycle, avoid harsh bleach, and air dry or tumble dry low to protect the embroidery.
Processing time
 Our standard processing time is 3-5 days
Processing time begins after we receive all personalization details. Orders with missing information may be delayed until the required details are provided
During busy wedding season or holidays, processing times may vary slightly, but we always do our best to complete and ship orders as quickly as possible

Shipping times
Standard shipping usually takes approximately 5-9 business days after the order has been processed and shipped.
Please note that shipping times are estimated  and may vary depending on the carrier, destination, weather, holidays, or other delays outside of our control
Once your order has been shipped , tracking information will be provided when available

Rush Shipping Option
Need your order sooner? 
We offer a Rush shipping option, which usually arrives in approximately 3-5 business days after processing.
Please select the rush option shipping  at checkout or message us before ordering if you have a specific deadline
Rush Shipping Speeds up the delivery method, but please remember that each handkerchief is still custom embroidered and requires production time

Important Notes
- Colors may appear slightly different depending on your screen or monitor settings
- Placement and sizing of embroidery may vary slightly depending on the wording and font selected
- Personalized item are handmade, so slight variations may occur.

Return & Exchange Policy
Because this is personalized custom item, we do not accept  returns, exchanges or cancellation once production has started 
However customer satisfaction is very important to us. If there is an issue with your order, please contact us as soon as possible so we can help
We are not responsible for errors submitted in the personalization box, including spelling mistakes, incorrect dates, missing words, or wrong names. 
Please review your personalization carefully before placing order 
If we make an error on your order, please message us with photos of the item and packaging, and we will be happy to assist.

Lost, Delayed Or Return Packages
Once an order has been shipped, delivery is handled by the shipping carrier
We are not responsible for carrier delays, lost packages, incorrect address, or packages marked as delivered by the carrier
Please make sure your shipping address is correct before placing your order
If a package is returned to us due to an incorrect or incomplete address, the buyer is  responsible for any addition shipping cost to resend the item

Care Instructions
Machine Wash gently with cold water
Lay flat or tumbler dry low
Iron if needed
Do not bleach

Thank you so much for supporting our handmade shop. We are honored to create a meaningful keepsake for your special day.",35.32,USD,998,"lab_technician,laboratory_tech,comfort_colors,embroidered_lab,science_worker,medical_lab_gift,stem_teacher_gift,lab_tech_shirt,microscope_shirt,dna_science_shirt,healthcare_gift,laboratory_shirt,science_lover_gift",Cotton,https://i.etsystatic.com/66439541/r/il/3767aa/8278217061/il_fullxfull.8278217061_6c0k.jpg,https://i.etsystatic.com/66439541/r/il/d63188/8278215443/il_fullxfull.8278215443_l7c7.jpg,https://i.etsystatic.com/66439541/r/il/5a1cf6/8230299684/il_fullxfull.8230299684_27eu.jpg,https://i.etsystatic.com/66439541/r/il/28abb2/8198189967/il_fullxfull.8198189967_rn9e.jpg,https://i.etsystatic.com/66439541/r/il/7fabf3/8217449210/il_fullxfull.8217449210_8hx0.jpg,https://i.etsystatic.com/66439541/r/il/1d6569/8207360470/il_fullxfull.8207360470_3l6p.jpg,https://i.etsystatic.com/66439541/r/il/3d65ee/8207360468/il_fullxfull.8207360468_17ug.jpg,https://i.etsystatic.com/66439541/r/il/2aa2a3/8150339970/il_fullxfull.8150339970_7bcg.jpg,https://i.etsystatic.com/66439541/r/il/398d71/8150339866/il_fullxfull.8150339866_fj16.jpg,https://i.etsystatic.com/66439541/r/il/45b881/8198254531/il_fullxfull.8198254531_1qw9.jpg,"Custom Property","Your choice","Gildan Sweatshirt,Tshirt Comfort Color,Gildan Hoodie,Quarter Zip,Croptop,Spaghetti Stap Tank,Rib-Racer Tank","Women's clothing size",Size,"XS,S,M,L,XL,2X,3X",TUL-010
"Embroidered Black Cat Reading Shirt, Book Lover Comfort Colors Tee, Cozy Literary Gift","Celebrate cozy reading days with this black cat reading embroidered Comfort Colors shirt, featuring adorable cats surrounded by books, mugs, and literary details. This cute book lover tee is perfect for readers, librarians, cat moms, teachers, and anyone who loves soft fall outfits with a whimsical library feel. 🐈‍⬛📚

• Adorable reading cat design: The embroidery features sweet black cats enjoying books, stacks of novels, and cozy reading moments, creating a charming shirt for bookish cat lovers.

• Perfect for book lovers: A thoughtful choice for readers, librarians, English teachers, book club friends, writers, students, and anyone who always has a book nearby.

• Cute cat mom gift: This embroidered tee makes a lovely present for black cat owners, cat moms, animal lovers, sisters, daughters, girlfriends, teachers, or best friends. 🎁

• Cozy everyday style: Pair this Comfort Colors shirt with jeans, leggings, cardigans, flannels, sneakers, or boots for bookstores, libraries, cafés, classrooms, and relaxed weekends.

• Great seasonal outfit: The soft green shirt and cozy embroidered artwork make it a beautiful piece for fall reading days, coffee dates, study sessions, and autumn outings. 🍂

• Detailed embroidered finish: The stitched artwork adds texture, color, and lasting charm, making this shirt feel more special than a standard printed graphic tee.

• Easy to layer: Wear it alone during mild weather or layer it under a cardigan, denim jacket, or cozy sweater when the temperature gets cooler.

• Care instructions: Turn the shirt inside out before washing, use cold water on a gentle cycle, avoid harsh bleach, and air dry or tumble dry on low to help protect the embroidery
Processing time
 Our standard processing time is 3-5 days
Processing time begins after we receive all personalization details. Orders with missing information may be delayed until the required details are provided
During busy wedding season or holidays, processing times may vary slightly, but we always do our best to complete and ship orders as quickly as possible

Shipping times
Standard shipping usually takes approximately 5-9 business days after the order has been processed and shipped.
Please note that shipping times are estimated  and may vary depending on the carrier, destination, weather, holidays, or other delays outside of our control
Once your order has been shipped , tracking information will be provided when available

Rush Shipping Option
Need your order sooner? 
We offer a Rush shipping option, which usually arrives in approximately 3-5 business days after processing.
Please select the rush option shipping  at checkout or message us before ordering if you have a specific deadline
Rush Shipping Speeds up the delivery method, but please remember that each handkerchief is still custom embroidered and requires production time

Important Notes
- Colors may appear slightly different depending on your screen or monitor settings
- Placement and sizing of embroidery may vary slightly depending on the wording and font selected
- Personalized item are handmade, so slight variations may occur.

Return & Exchange Policy
Because this is personalized custom item, we do not accept  returns, exchanges or cancellation once production has started 
However customer satisfaction is very important to us. If there is an issue with your order, please contact us as soon as possible so we can help
We are not responsible for errors submitted in the personalization box, including spelling mistakes, incorrect dates, missing words, or wrong names. 
Please review your personalization carefully before placing order 
If we make an error on your order, please message us with photos of the item and packaging, and we will be happy to assist.

Lost, Delayed Or Return Packages
Once an order has been shipped, delivery is handled by the shipping carrier
We are not responsible for carrier delays, lost packages, incorrect address, or packages marked as delivered by the carrier
Please make sure your shipping address is correct before placing your order
If a package is returned to us due to an incorrect or incomplete address, the buyer is  responsible for any addition shipping cost to resend the item

Care Instructions
Machine Wash gently with cold water
Lay flat or tumbler dry low
Iron if needed
Do not bleach

Thank you so much for supporting our handmade shop. We are honored to create a meaningful keepsake for your special day.",35.32,USD,998,"black_cat_shirt,reading_cat_tee,comfort_colors,embroidered_cat,book_lover_gift,library_cat_top,cozy_reading_tee,cat_mom_tshirt,literary_cat_gift,fall_book_shirt,cute_black_cat,reader_gift_her,bookish_cat_tee",Cotton,https://i.etsystatic.com/66439541/r/il/7a9a37/8230297488/il_fullxfull.8230297488_2d1o.jpg,https://i.etsystatic.com/66439541/r/il/c7b28f/8230290558/il_fullxfull.8230290558_1q4l.jpg,https://i.etsystatic.com/66439541/r/il/bdd469/8230290562/il_fullxfull.8230290562_hdlf.jpg,https://i.etsystatic.com/66439541/r/il/28abb2/8198189967/il_fullxfull.8198189967_rn9e.jpg,https://i.etsystatic.com/66439541/r/il/7fabf3/8217449210/il_fullxfull.8217449210_8hx0.jpg,https://i.etsystatic.com/66439541/r/il/1d6569/8207360470/il_fullxfull.8207360470_3l6p.jpg,https://i.etsystatic.com/66439541/r/il/3d65ee/8207360468/il_fullxfull.8207360468_17ug.jpg,https://i.etsystatic.com/66439541/r/il/2aa2a3/8150339970/il_fullxfull.8150339970_7bcg.jpg,https://i.etsystatic.com/66439541/r/il/398d71/8150339866/il_fullxfull.8150339866_fj16.jpg,https://i.etsystatic.com/66439541/r/il/45b881/8198254531/il_fullxfull.8198254531_1qw9.jpg,"Custom Property","Your choice","Gildan Sweatshirt,Tshirt Comfort Color,Gildan Hoodie,Quarter Zip,Croptop,Spaghetti Stap Tank,Rib-Racer Tank","Women's clothing size",Size,"XS,S,M,L,XL,2X,3X",TUL-010
"Embroidered Fox Mushroom Shirt, Cottagecore Woodland Autumn Tee, Nature Lover Top","Celebrate cozy autumn days with this fox and mushroom embroidered Comfort Colors shirt, featuring a sweet woodland fox surrounded by mushrooms and falling leaves. This cottagecore fall tee is perfect for pumpkin patch visits, nature walks, Thanksgiving gatherings, and thoughtful gifts for animal lovers. 🦊🍄

• Charming woodland embroidery: The cute fox, mushrooms, acorns, and autumn leaves create a warm nature-inspired design for fall outfits and cozy seasonal wardrobes.

• Perfect fall style: Pair this embroidered tee with jeans, leggings, boots, cardigans, flannels, or denim jackets for an effortless autumn look. 🍂

• Thoughtful nature lover gift: A lovely present for fox lovers, cottagecore fans, mushroom lovers, gardeners, sisters, daughters, moms, girlfriends, teachers, or best friends. 🎁

• Great for seasonal activities: Wear it to pumpkin patches, fall festivals, farmers markets, coffee dates, Thanksgiving gatherings, cozy weekends, and outdoor autumn walks.

• Detailed embroidered finish: The stitched artwork adds texture, color, and lasting charm, making this shirt feel more special than a standard printed fall graphic tee.

• Easy seasonal layering: Wear it alone during mild fall days or layer it under a flannel, cardigan, jacket, or cozy sweater when the weather gets cooler.

• Care instructions: Turn the shirt inside out before washing, use cold water on a gentle cycle, avoid harsh bleach, and air dry or tumble dry on low to help protect the embroidery.
Processing time
 Our standard processing time is 3-5 days
Processing time begins after we receive all personalization details. Orders with missing information may be delayed until the required details are provided
During busy wedding season or holidays, processing times may vary slightly, but we always do our best to complete and ship orders as quickly as possible

Shipping times
Standard shipping usually takes approximately 5-9 business days after the order has been processed and shipped.
Please note that shipping times are estimated  and may vary depending on the carrier, destination, weather, holidays, or other delays outside of our control
Once your order has been shipped , tracking information will be provided when available

Rush Shipping Option
Need your order sooner? 
We offer a Rush shipping option, which usually arrives in approximately 3-5 business days after processing.
Please select the rush option shipping  at checkout or message us before ordering if you have a specific deadline
Rush Shipping Speeds up the delivery method, but please remember that each handkerchief is still custom embroidered and requires production time

Important Notes
- Colors may appear slightly different depending on your screen or monitor settings
- Placement and sizing of embroidery may vary slightly depending on the wording and font selected
- Personalized item are handmade, so slight variations may occur.

Return & Exchange Policy
Because this is personalized custom item, we do not accept  returns, exchanges or cancellation once production has started 
However customer satisfaction is very important to us. If there is an issue with your order, please contact us as soon as possible so we can help
We are not responsible for errors submitted in the personalization box, including spelling mistakes, incorrect dates, missing words, or wrong names. 
Please review your personalization carefully before placing order 
If we make an error on your order, please message us with photos of the item and packaging, and we will be happy to assist.

Lost, Delayed Or Return Packages
Once an order has been shipped, delivery is handled by the shipping carrier
We are not responsible for carrier delays, lost packages, incorrect address, or packages marked as delivered by the carrier
Please make sure your shipping address is correct before placing your order
If a package is returned to us due to an incorrect or incomplete address, the buyer is  responsible for any addition shipping cost to resend the item

Care Instructions
Machine Wash gently with cold water
Lay flat or tumbler dry low
Iron if needed
Do not bleach

Thank you so much for supporting our handmade shop. We are honored to create a meaningful keepsake for your special day.",35.32,USD,998,"fox_mushroom_tee,embroidered_fox,comfort_colors,fall_leaves_top,cottagecore_tee,woodland_animal,nature_lover_gift,cozy_autumn_tee,mushroom_shirt,fox_lover_gift,fall_comfort_tee,autumn_nature_top,embroidered_shirt",Cotton,https://i.etsystatic.com/66439541/r/il/1660ec/8278169889/il_fullxfull.8278169889_am05.jpg,https://i.etsystatic.com/66439541/r/il/e881d9/8278167691/il_fullxfull.8278167691_4hjk.jpg,https://i.etsystatic.com/66439541/r/il/34ad15/8230251286/il_fullxfull.8230251286_39hs.jpg,https://i.etsystatic.com/66439541/r/il/28abb2/8198189967/il_fullxfull.8198189967_rn9e.jpg,https://i.etsystatic.com/66439541/r/il/7fabf3/8217449210/il_fullxfull.8217449210_8hx0.jpg,https://i.etsystatic.com/66439541/r/il/1d6569/8207360470/il_fullxfull.8207360470_3l6p.jpg,https://i.etsystatic.com/66439541/r/il/3d65ee/8207360468/il_fullxfull.8207360468_17ug.jpg,https://i.etsystatic.com/66439541/r/il/2aa2a3/8150339970/il_fullxfull.8150339970_7bcg.jpg,https://i.etsystatic.com/66439541/r/il/398d71/8150339866/il_fullxfull.8150339866_fj16.jpg,https://i.etsystatic.com/66439541/r/il/45b881/8198254531/il_fullxfull.8198254531_1qw9.jpg,"Custom Property","Your choice","Gildan Sweatshirt,Tshirt Comfort Color,Gildan Hoodie,Quarter Zip,Croptop,Spaghetti Stap Tank,Rib-Racer Tank","Women's clothing size",Size,"XS,S,M,L,XL,2X,3X",TUL-010
"Embroidered Science Icons Shirt, STEM Teacher Gift, Chemistry Biology Top","Celebrate curiosity, experiments, and classroom fun with this science character doodle embroidered shirt. Featuring cheerful lab icons like a test tube, microscope, flask, DNA strand, and globe, this cute STEM design is perfect for science teachers, students, lab lovers, and back-to-school outfits. 🔬🧬

• Cute science character design: The embroidered doodle-style icons bring personality to classic science symbols, making the shirt fun, friendly, and classroom-ready.

• Perfect for STEM teachers: A thoughtful outfit for science teachers, chemistry teachers, biology teachers, lab instructors, homeschool educators, and school staff.

• Great gift idea: A meaningful present for teachers, students, science lovers, lab techs, future scientists, graduates, or anyone who enjoys learning and discovery. 🎁

• Fun classroom style: Wear it for back to school, science fairs, lab days, teacher appreciation, STEM events, casual Fridays, or everyday school outfits.

• Detailed embroidered finish: The stitched artwork adds texture and lasting charm, making this science shirt feel more special than a standard printed tee.

• Easy to style: Pair with jeans, leggings, cardigans, sneakers, or classroom-friendly layers for a comfortable and creative everyday look.

• Care instructions: Turn the garment inside out before washing, use cold water on a gentle cycle, avoid harsh bleach, and air dry or tumble dry low to protect the embroidery.
Processing time
 Our standard processing time is 3-5 days
Processing time begins after we receive all personalization details. Orders with missing information may be delayed until the required details are provided
During busy wedding season or holidays, processing times may vary slightly, but we always do our best to complete and ship orders as quickly as possible

Shipping times
Standard shipping usually takes approximately 5-9 business days after the order has been processed and shipped.
Please note that shipping times are estimated  and may vary depending on the carrier, destination, weather, holidays, or other delays outside of our control
Once your order has been shipped , tracking information will be provided when available

Rush Shipping Option
Need your order sooner? 
We offer a Rush shipping option, which usually arrives in approximately 3-5 business days after processing.
Please select the rush option shipping  at checkout or message us before ordering if you have a specific deadline
Rush Shipping Speeds up the delivery method, but please remember that each handkerchief is still custom embroidered and requires production time

Important Notes
- Colors may appear slightly different depending on your screen or monitor settings
- Placement and sizing of embroidery may vary slightly depending on the wording and font selected
- Personalized item are handmade, so slight variations may occur.

Return & Exchange Policy
Because this is personalized custom item, we do not accept  returns, exchanges or cancellation once production has started 
However customer satisfaction is very important to us. If there is an issue with your order, please contact us as soon as possible so we can help
We are not responsible for errors submitted in the personalization box, including spelling mistakes, incorrect dates, missing words, or wrong names. 
Please review your personalization carefully before placing order 
If we make an error on your order, please message us with photos of the item and packaging, and we will be happy to assist.

Lost, Delayed Or Return Packages
Once an order has been shipped, delivery is handled by the shipping carrier
We are not responsible for carrier delays, lost packages, incorrect address, or packages marked as delivered by the carrier
Please make sure your shipping address is correct before placing your order
If a package is returned to us due to an incorrect or incomplete address, the buyer is  responsible for any addition shipping cost to resend the item

Care Instructions
Machine Wash gently with cold water
Lay flat or tumbler dry low
Iron if needed
Do not bleach

Thank you so much for supporting our handmade shop. We are honored to create a meaningful keepsake for your special day.",35.32,USD,998,"science_doodle,science_teacher,stem_teacher_gift,embroidered_science,chemistry_shirt,biology_teacher,science_sweatshirt,lab_icons_shirt,cute_science_top,teacher_gift_idea,student_science,science_lover_gift,back_to_school_top",Cotton,https://i.etsystatic.com/66439541/r/il/34877d/8278164833/il_fullxfull.8278164833_aelq.jpg,https://i.etsystatic.com/66439541/r/il/5a95c8/8278157059/il_fullxfull.8278157059_fq7u.jpg,https://i.etsystatic.com/66439541/r/il/28abb2/8198189967/il_fullxfull.8198189967_rn9e.jpg,https://i.etsystatic.com/66439541/r/il/7fabf3/8217449210/il_fullxfull.8217449210_8hx0.jpg,https://i.etsystatic.com/66439541/r/il/1d6569/8207360470/il_fullxfull.8207360470_3l6p.jpg,https://i.etsystatic.com/66439541/r/il/3d65ee/8207360468/il_fullxfull.8207360468_17ug.jpg,https://i.etsystatic.com/66439541/r/il/2aa2a3/8150339970/il_fullxfull.8150339970_7bcg.jpg,https://i.etsystatic.com/66439541/r/il/398d71/8150339866/il_fullxfull.8150339866_fj16.jpg,https://i.etsystatic.com/66439541/r/il/45b881/8198254531/il_fullxfull.8198254531_1qw9.jpg,https://i.etsystatic.com/66439541/r/il/acd6fe/8150274582/il_fullxfull.8150274582_ld3y.jpg,"Custom Property","Your choice","Gildan Sweatshirt,Tshirt Comfort Color,Gildan Hoodie,Quarter Zip,Croptop,Spaghetti Stap Tank,Rib-Racer Tank","Women's clothing size",Size,"XS,S,M,L,XL,2X,3X",TUL-010
"Embroidered Goose Halloween Shirt, Comfort Colors Spooky Fall Top","Celebrate spooky season with this “Off to Haunt” goose shirt, featuring an embroidered Halloween goose carrying a pumpkin bucket and lantern under bats, stars, and a crescent moon. This cute fall tee is perfect for pumpkin patches, Halloween parties, cozy autumn outfits, and fun seasonal gifting. 👻🎃

• Cute haunted goose design: The playful goose, jack-o’-lantern bucket, lantern, bats, moon, and star details create a charming spooky-season look that feels festive and fun.

• Perfect Halloween outfit: Wear this embroidered shirt to pumpkin patches, fall festivals, haunted houses, trick-or-treat events, classroom parties, bonfires, and casual October gatherings.

• Comfort Colors style: The relaxed washed look pairs easily with jeans, leggings, flannels, cardigans, boots, or sneakers for effortless cozy autumn styling. 🍂

• Thoughtful seasonal gift: A fun gift for goose lovers, Halloween fans, teachers, sisters, daughters, girlfriends, moms, best friends, or anyone who loves cute spooky apparel.

• Detailed embroidered finish: The stitched artwork adds texture, color, and lasting charm, making this shirt feel more special than a standard printed Halloween tee.

• Cute not scary: The friendly goose and whimsical spooky details make this design great for family-friendly Halloween outfits, school events, and fall photos. 🎁

• Easy seasonal layering: Wear it alone during mild fall days or layer it under a denim jacket, flannel, cardigan, or cozy sweatshirt when the weather gets cooler.

• Care instructions: Turn the shirt inside out before washing, use cold water on a gentle cycle, avoid harsh bleach, and air dry or tumble dry on low to protect the embroidery.
Processing time
 Our standard processing time is 3-5 days
Processing time begins after we receive all personalization details. Orders with missing information may be delayed until the required details are provided
During busy wedding season or holidays, processing times may vary slightly, but we always do our best to complete and ship orders as quickly as possible

Shipping times
Standard shipping usually takes approximately 5-9 business days after the order has been processed and shipped.
Please note that shipping times are estimated  and may vary depending on the carrier, destination, weather, holidays, or other delays outside of our control
Once your order has been shipped , tracking information will be provided when available

Rush Shipping Option
Need your order sooner? 
We offer a Rush shipping option, which usually arrives in approximately 3-5 business days after processing.
Please select the rush option shipping  at checkout or message us before ordering if you have a specific deadline
Rush Shipping Speeds up the delivery method, but please remember that each handkerchief is still custom embroidered and requires production time

Important Notes
- Colors may appear slightly different depending on your screen or monitor settings
- Placement and sizing of embroidery may vary slightly depending on the wording and font selected
- Personalized item are handmade, so slight variations may occur.

Return & Exchange Policy
Because this is personalized custom item, we do not accept  returns, exchanges or cancellation once production has started 
However customer satisfaction is very important to us. If there is an issue with your order, please contact us as soon as possible so we can help
We are not responsible for errors submitted in the personalization box, including spelling mistakes, incorrect dates, missing words, or wrong names. 
Please review your personalization carefully before placing order 
If we make an error on your order, please message us with photos of the item and packaging, and we will be happy to assist.

Lost, Delayed Or Return Packages
Once an order has been shipped, delivery is handled by the shipping carrier
We are not responsible for carrier delays, lost packages, incorrect address, or packages marked as delivered by the carrier
Please make sure your shipping address is correct before placing your order
If a package is returned to us due to an incorrect or incomplete address, the buyer is  responsible for any addition shipping cost to resend the item

Care Instructions
Machine Wash gently with cold water
Lay flat or tumbler dry low
Iron if needed
Do not bleach

Thank you so much for supporting our handmade shop. We are honored to create a meaningful keepsake for your special day.",35.32,USD,998,"off_to_haunt_tee,goose_halloween,embroidered_goose,spooky_goose_shirt,comfort_colors,halloween_tshirt,pumpkin_goose_top,fall_goose_shirt,cute_spooky_gift,autumn_ghost_tee,haunted_goose_top,goose_lover_gift,spooky_season_top",Cotton,https://i.etsystatic.com/66439541/r/il/f6f66f/8230224220/il_fullxfull.8230224220_hkni.jpg,https://i.etsystatic.com/66439541/r/il/3efc13/8230224126/il_fullxfull.8230224126_ml7c.jpg,https://i.etsystatic.com/66439541/r/il/88bbfa/8230224144/il_fullxfull.8230224144_iqm7.jpg,https://i.etsystatic.com/66439541/r/il/28abb2/8198189967/il_fullxfull.8198189967_rn9e.jpg,https://i.etsystatic.com/66439541/r/il/7fabf3/8217449210/il_fullxfull.8217449210_8hx0.jpg,https://i.etsystatic.com/66439541/r/il/1d6569/8207360470/il_fullxfull.8207360470_3l6p.jpg,https://i.etsystatic.com/66439541/r/il/3d65ee/8207360468/il_fullxfull.8207360468_17ug.jpg,https://i.etsystatic.com/66439541/r/il/2aa2a3/8150339970/il_fullxfull.8150339970_7bcg.jpg,https://i.etsystatic.com/66439541/r/il/398d71/8150339866/il_fullxfull.8150339866_fj16.jpg,https://i.etsystatic.com/66439541/r/il/45b881/8198254531/il_fullxfull.8198254531_1qw9.jpg,"Custom Property","Your choice","Gildan Sweatshirt,Tshirt Comfort Color,Gildan Hoodie,Quarter Zip,Croptop,Spaghetti Stap Tank,Rib-Racer Tank","Women's clothing size",Size,"XS,S,M,L,XL,2X,3X",TUL-010
"Embroidered Goose Halloween Shirt, Comfort Colors Spooky Pumpkin Top","Celebrate Halloween with this “Off to Be Spooky” goose shirt, featuring an adorable embroidered goose holding a spooky drink and pumpkin bucket. This Comfort Colors Halloween tee is perfect for pumpkin patch visits, fall festivals, trick-or-treat nights, and cozy spooky season outfits. 👻🎃

• Cute spooky goose design: The embroidered goose, pumpkin bucket, bats, stars, and Halloween drink create a playful seasonal look that feels fun, festive, and family-friendly.

• Perfect Halloween outfit: Wear this tee to pumpkin patches, fall festivals, haunted houses, classroom parties, trick-or-treat events, bonfires, or casual October gatherings.

• Comfort Colors style: The relaxed washed look makes this shirt easy to pair with jeans, leggings, flannels, cardigans, boots, or sneakers for effortless autumn styling. 🍂

• Thoughtful seasonal gift: A fun gift for goose lovers, Halloween fans, teachers, sisters, daughters, girlfriends, moms, best friends, or anyone who loves cute spooky clothing. 🎁

• Detailed embroidered finish: The stitched artwork adds texture, color, and lasting charm, making this Halloween top feel more special than a standard printed graphic tee.

• Cute not scary: The friendly goose and playful spooky details make this shirt great for cozy Halloween wardrobes, school-friendly outfits, and festive fall photos.

• Care instructions: Turn the shirt inside out before washing, use cold water on a gentle cycle, avoid harsh bleach, and air dry or tumble dry on low to help protect the embroidery.
Processing time
 Our standard processing time is 3-5 days
Processing time begins after we receive all personalization details. Orders with missing information may be delayed until the required details are provided
During busy wedding season or holidays, processing times may vary slightly, but we always do our best to complete and ship orders as quickly as possible

Shipping times
Standard shipping usually takes approximately 5-9 business days after the order has been processed and shipped.
Please note that shipping times are estimated  and may vary depending on the carrier, destination, weather, holidays, or other delays outside of our control
Once your order has been shipped , tracking information will be provided when available

Rush Shipping Option
Need your order sooner? 
We offer a Rush shipping option, which usually arrives in approximately 3-5 business days after processing.
Please select the rush option shipping  at checkout or message us before ordering if you have a specific deadline
Rush Shipping Speeds up the delivery method, but please remember that each handkerchief is still custom embroidered and requires production time

Important Notes
- Colors may appear slightly different depending on your screen or monitor settings
- Placement and sizing of embroidery may vary slightly depending on the wording and font selected
- Personalized item are handmade, so slight variations may occur.

Return & Exchange Policy
Because this is personalized custom item, we do not accept  returns, exchanges or cancellation once production has started 
However customer satisfaction is very important to us. If there is an issue with your order, please contact us as soon as possible so we can help
We are not responsible for errors submitted in the personalization box, including spelling mistakes, incorrect dates, missing words, or wrong names. 
Please review your personalization carefully before placing order 
If we make an error on your order, please message us with photos of the item and packaging, and we will be happy to assist.

Lost, Delayed Or Return Packages
Once an order has been shipped, delivery is handled by the shipping carrier
We are not responsible for carrier delays, lost packages, incorrect address, or packages marked as delivered by the carrier
Please make sure your shipping address is correct before placing your order
If a package is returned to us due to an incorrect or incomplete address, the buyer is  responsible for any addition shipping cost to resend the item

Care Instructions
Machine Wash gently with cold water
Lay flat or tumbler dry low
Iron if needed
Do not bleach

Thank you so much for supporting our handmade shop. We are honored to create a meaningful keepsake for your special day.",35.32,USD,998,"off_spooky_goose,goose_halloween,comfort_colors_tee,embroidered_goose,spooky_goose_tee,halloween_tshirt,pumpkin_goose_top,ghost_pumpkin_tee,fall_goose_shirt,spooky_season_top,cute_halloween,goose_lover_gift,autumn_graphic_tee",Cotton,https://i.etsystatic.com/66439541/r/il/421ee1/8230214816/il_fullxfull.8230214816_t8xz.jpg,https://i.etsystatic.com/66439541/r/il/32d798/8230214834/il_fullxfull.8230214834_cup7.jpg,https://i.etsystatic.com/66439541/r/il/28abb2/8198189967/il_fullxfull.8198189967_rn9e.jpg,https://i.etsystatic.com/66439541/r/il/7fabf3/8217449210/il_fullxfull.8217449210_8hx0.jpg,https://i.etsystatic.com/66439541/r/il/1d6569/8207360470/il_fullxfull.8207360470_3l6p.jpg,https://i.etsystatic.com/66439541/r/il/3d65ee/8207360468/il_fullxfull.8207360468_17ug.jpg,https://i.etsystatic.com/66439541/r/il/2aa2a3/8150339970/il_fullxfull.8150339970_7bcg.jpg,https://i.etsystatic.com/66439541/r/il/398d71/8150339866/il_fullxfull.8150339866_fj16.jpg,https://i.etsystatic.com/66439541/r/il/45b881/8198254531/il_fullxfull.8198254531_1qw9.jpg,https://i.etsystatic.com/66439541/r/il/acd6fe/8150274582/il_fullxfull.8150274582_ld3y.jpg,"Custom Property","Your choice","Gildan Sweatshirt,Tshirt Comfort Color,Gildan Hoodie,Quarter Zip,Croptop,Spaghetti Stap Tank,Rib-Racer Tank","Women's clothing size",Size,"XS,S,M,L,XL,2X,3X",TUL-010
"Embroidered Halloween Ghost Pumpkin Bat Shirt, Spooky Character Sweatshirt, Cozy Fall Top","Celebrate spooky season with this Halloween ghost doodle embroidered shirt featuring cute character-style artwork, including a smiling ghost, witch hat, pumpkin, bat, bats, stars, and RIP tombstone details. This playful fall top is perfect for cozy Halloween outfits, pumpkin patch days, classroom events, and seasonal gifting. 👻🎃

• Cute Halloween character design: The embroidered doodle-style artwork features friendly spooky icons that feel cheerful, playful, and perfect for anyone who loves fun Halloween style.

• Perfect fall outfit: Pair this embroidered shirt or sweatshirt with jeans, leggings, skirts, boots, sneakers, or layered cardigans for an easy October look.

• Great for spooky season: Wear it to Halloween parties, pumpkin patches, fall festivals, trick-or-treat events, classroom celebrations, movie nights, or casual autumn outings. 🍂

• Thoughtful seasonal gift: A fun gift for Halloween lovers, teachers, kids, moms, sisters, daughters, girlfriends, best friends, or anyone who enjoys cute spooky clothing.

• Detailed embroidered finish: The stitched ghost, pumpkin, bat, witch hat, and tombstone details add texture and lasting charm compared with a standard printed Halloween shirt.

• Cute not scary: The sweet doodle characters make this design suitable for family-friendly Halloween outfits, school events, and cozy seasonal photos.

• Care instructions: Turn the garment inside out before washing, use cold water on a gentle cycle, avoid harsh bleach, and air dry or tumble dry on low to help protect the embroidery
 
Processing time
 Our standard processing time is 3-5 days
Processing time begins after we receive all personalization details. Orders with missing information may be delayed until the required details are provided
During busy wedding season or holidays, processing times may vary slightly, but we always do our best to complete and ship orders as quickly as possible

Shipping times
Standard shipping usually takes approximately 5-9 business days after the order has been processed and shipped.
Please note that shipping times are estimated  and may vary depending on the carrier, destination, weather, holidays, or other delays outside of our control
Once your order has been shipped , tracking information will be provided when available

Rush Shipping Option
Need your order sooner? 
We offer a Rush shipping option, which usually arrives in approximately 3-5 business days after processing.
Please select the rush option shipping  at checkout or message us before ordering if you have a specific deadline
Rush Shipping Speeds up the delivery method, but please remember that each handkerchief is still custom embroidered and requires production time

Important Notes
- Colors may appear slightly different depending on your screen or monitor settings
- Placement and sizing of embroidery may vary slightly depending on the wording and font selected
- Personalized item are handmade, so slight variations may occur.

Return & Exchange Policy
Because this is personalized custom item, we do not accept  returns, exchanges or cancellation once production has started 
However customer satisfaction is very important to us. If there is an issue with your order, please contact us as soon as possible so we can help
We are not responsible for errors submitted in the personalization box, including spelling mistakes, incorrect dates, missing words, or wrong names. 
Please review your personalization carefully before placing order 
If we make an error on your order, please message us with photos of the item and packaging, and we will be happy to assist.

Lost, Delayed Or Return Packages
Once an order has been shipped, delivery is handled by the shipping carrier
We are not responsible for carrier delays, lost packages, incorrect address, or packages marked as delivered by the carrier
Please make sure your shipping address is correct before placing your order
If a package is returned to us due to an incorrect or incomplete address, the buyer is  responsible for any addition shipping cost to resend the item

Care Instructions
Machine Wash gently with cold water
Lay flat or tumbler dry low
Iron if needed
Do not bleach

Thank you so much for supporting our handmade shop. We are honored to create a meaningful keepsake for your special day.",35.32,USD,998,"halloween_ghost,ghost_doodle_top,embroidered_shirt,spooky_character,pumpkin_bat_tee,cute_halloween,fall_sweatshirt,cozy_spooky_top,halloween_gift,ghost_pumpkin_top,bat_ghost_shirt,autumn_character,trending_fall",Cotton,https://i.etsystatic.com/66439541/r/il/82df20/8278115931/il_fullxfull.8278115931_l8y2.jpg,https://i.etsystatic.com/66439541/r/il/26c597/8230200476/il_fullxfull.8230200476_oyzo.jpg,https://i.etsystatic.com/66439541/r/il/b21b40/8230200886/il_fullxfull.8230200886_hs03.jpg,https://i.etsystatic.com/66439541/r/il/28abb2/8198189967/il_fullxfull.8198189967_rn9e.jpg,https://i.etsystatic.com/66439541/r/il/7fabf3/8217449210/il_fullxfull.8217449210_8hx0.jpg,https://i.etsystatic.com/66439541/r/il/1d6569/8207360470/il_fullxfull.8207360470_3l6p.jpg,https://i.etsystatic.com/66439541/r/il/3d65ee/8207360468/il_fullxfull.8207360468_17ug.jpg,https://i.etsystatic.com/66439541/r/il/2aa2a3/8150339970/il_fullxfull.8150339970_7bcg.jpg,https://i.etsystatic.com/66439541/r/il/398d71/8150339866/il_fullxfull.8150339866_fj16.jpg,https://i.etsystatic.com/66439541/r/il/45b881/8198254531/il_fullxfull.8198254531_1qw9.jpg,"Custom Property","Your choice","Gildan Sweatshirt,Tshirt Comfort Color,Gildan Hoodie,Quarter Zip,Croptop,Spaghetti Stap Tank,Rib-Racer Tank","Women's clothing size",Size,"XS,S,M,L,XL,2X,3X",TUL-010
"Embroidered Comfort Colors Shirt, Sorry My Face Said, Minimalist Sarcastic Tee","Add a little honest humor to your everyday wardrobe with this “sorry for what my face said” embroidered Comfort Colors shirt. Featuring simple stitched lettering on a relaxed neutral top, this funny sarcastic tee is perfect for introverts, coworkers, best friends, and anyone with expressive facial reactions. 😅

• Funny sarcastic design: The phrase “sorry for what my face said” is perfect for anyone whose expressions speak before they do, making it a relatable everyday statement piece.

• Minimalist embroidered style: Clean stitched lettering gives the shirt a subtle, polished look that feels more special than a standard printed graphic tee.

• Comfort Colors casual look: The soft washed style pairs easily with jeans, leggings, lounge pants, sneakers, boots, or layered cardigans for effortless daily outfits.

• Thoughtful funny gift: A great present for best friends, sisters, coworkers, girlfriends, moms, introverts, teachers, nurses, office friends, or anyone who loves dry humor. 🎁

• Perfect for many occasions: Wear it to work-from-home days, coffee runs, errands, casual Fridays, girls’ trips, cozy weekends, or relaxed social gatherings.

• Easy everyday styling: The simple text design makes it versatile enough for minimalist outfits, sarcastic wardrobes, neutral aesthetics, and casual comfort looks.
 
Processing time
 Our standard processing time is 3-5 days
Processing time begins after we receive all personalization details. Orders with missing information may be delayed until the required details are provided
During busy wedding season or holidays, processing times may vary slightly, but we always do our best to complete and ship orders as quickly as possible

Shipping times
Standard shipping usually takes approximately 5-9 business days after the order has been processed and shipped.
Please note that shipping times are estimated  and may vary depending on the carrier, destination, weather, holidays, or other delays outside of our control
Once your order has been shipped , tracking information will be provided when available

Rush Shipping Option
Need your order sooner? 
We offer a Rush shipping option, which usually arrives in approximately 3-5 business days after processing.
Please select the rush option shipping  at checkout or message us before ordering if you have a specific deadline
Rush Shipping Speeds up the delivery method, but please remember that each handkerchief is still custom embroidered and requires production time

Important Notes
- Colors may appear slightly different depending on your screen or monitor settings
- Placement and sizing of embroidery may vary slightly depending on the wording and font selected
- Personalized item are handmade, so slight variations may occur.

Return & Exchange Policy
Because this is personalized custom item, we do not accept  returns, exchanges or cancellation once production has started 
However customer satisfaction is very important to us. If there is an issue with your order, please contact us as soon as possible so we can help
We are not responsible for errors submitted in the personalization box, including spelling mistakes, incorrect dates, missing words, or wrong names. 
Please review your personalization carefully before placing order 
If we make an error on your order, please message us with photos of the item and packaging, and we will be happy to assist.

Lost, Delayed Or Return Packages
Once an order has been shipped, delivery is handled by the shipping carrier
We are not responsible for carrier delays, lost packages, incorrect address, or packages marked as delivered by the carrier
Please make sure your shipping address is correct before placing your order
If a package is returned to us due to an incorrect or incomplete address, the buyer is  responsible for any addition shipping cost to resend the item

Care Instructions
Machine Wash gently with cold water
Lay flat or tumbler dry low
Iron if needed
Do not bleach

Thank you so much for supporting our handmade shop. We are honored to create a meaningful keepsake for your special day.",35.32,USD,998,"sorry_face_shirt,funny_comfort_tee,sarcastic_tshirt,embroidered_tee,comfort_colors,introvert_gift,funny_coworker_gift,minimalist_shirt,expressive_face,gift_for_bestie,casual_humor_top,sarcastic_gift_her,funny_office_shirt",Cotton,https://i.etsystatic.com/66439541/r/il/28c581/8278104775/il_fullxfull.8278104775_3m2g.jpg,https://i.etsystatic.com/66439541/r/il/795943/8230188842/il_fullxfull.8230188842_kaqf.jpg,https://i.etsystatic.com/66439541/r/il/cf178a/8278104781/il_fullxfull.8278104781_55bt.jpg,https://i.etsystatic.com/66439541/r/il/8d5148/8278104789/il_fullxfull.8278104789_77uk.jpg,https://i.etsystatic.com/66439541/r/il/28abb2/8198189967/il_fullxfull.8198189967_rn9e.jpg,https://i.etsystatic.com/66439541/r/il/7fabf3/8217449210/il_fullxfull.8217449210_8hx0.jpg,https://i.etsystatic.com/66439541/r/il/1d6569/8207360470/il_fullxfull.8207360470_3l6p.jpg,https://i.etsystatic.com/66439541/r/il/3d65ee/8207360468/il_fullxfull.8207360468_17ug.jpg,https://i.etsystatic.com/66439541/r/il/2aa2a3/8150339970/il_fullxfull.8150339970_7bcg.jpg,https://i.etsystatic.com/66439541/r/il/398d71/8150339866/il_fullxfull.8150339866_fj16.jpg,"Custom Property","Your choice","Gildan Sweatshirt,Tshirt Comfort Color,Gildan Hoodie,Quarter Zip,Croptop,Spaghetti Stap Tank,Rib-Racer Tank","Women's clothing size",Size,"XS,S,M,L,XL,2X,3X",TUL-010
"Embroidered Dachshund Bride Tank Top, Bachelorette Party Cami, Dog Lover Bridal Shirt","Welcome to my little shop
Celebrate the bride-to-be with this funny “A Bride in a Weenie Bit” tank top featuring an adorable dachshund relaxing in a pink martini glass. This embroidered bridal cami is a playful choice for bachelorette parties, wedding weekends, dog-loving brides, and memorable group photos. 🐶🍸
About Our  Tank top
Each Tank top is made to order and personalized with care. Please check the sizing chart and color options before placing your order.
Product Details
- Premium soft micro rib fabric
- Personalized embroidery or print option
- Not Vinyl
- Flattering fitted crop style
- Soft cotton/ Polyester Blend
- Pre- Shrunk Fabric
- Tear- away label
- Lightweight semi-sheer feel
- Perfect for layering or bridal Styling
 How to personalize
Please enter the following information in the personalization box
1. Font Selection number
2. Exact words to be embroidered
3. Thread color
4. Optional symbol request, if applicable
Please double- check all spelling, punctuation, names, and dates before submitting your order. We will embroider the text exactly as provided

Perfect gift for 
- Bride- to- be
- Future Mrs
- Bridal shower Gifts
- Engagement Gifts
- Bachelorette Party outfit
- Honeymoon Outfit
- Wedding morning outfit
- Bridal Getting- ready Photos
 
Processing time
 Our standard processing time is 3-5 days
Processing time begins after we receive all personalization details. Orders with missing information may be delayed until the required details are provided
During busy wedding season or holidays, processing times may vary slightly, but we always do our best to complete and ship orders as quickly as possible

Shipping times
Standard shipping usually takes approximately 5-9 business days after the order has been processed and shipped.
Please note that shipping times are estimated  and may vary depending on the carrier, destination, weather, holidays, or other delays outside of our control
Once your order has been shipped , tracking information will be provided when available

Rush Shipping Option
Need your order sooner? 
We offer a Rush shipping option, which usually arrives in approximately 3-5 business days after processing.
Please select the rush option shipping  at checkout or message us before ordering if you have a specific deadline
Rush Shipping Speeds up the delivery method, but please remember that each handkerchief is still custom embroidered and requires production time

Important Notes
- Colors may appear slightly different depending on your screen or monitor settings
- Placement and sizing of embroidery may vary slightly depending on the wording and font selected
- Personalized item are handmade, so slight variations may occur.

Return & Exchange Policy
Because this is personalized custom item, we do not accept  returns, exchanges or cancellation once production has started 
However customer satisfaction is very important to us. If there is an issue with your order, please contact us as soon as possible so we can help
We are not responsible for errors submitted in the personalization box, including spelling mistakes, incorrect dates, missing words, or wrong names. 
Please review your personalization carefully before placing order 
If we make an error on your order, please message us with photos of the item and packaging, and we will be happy to assist.

Lost, Delayed Or Return Packages
Once an order has been shipped, delivery is handled by the shipping carrier
We are not responsible for carrier delays, lost packages, incorrect address, or packages marked as delivered by the carrier
Please make sure your shipping address is correct before placing your order
If a package is returned to us due to an incorrect or incomplete address, the buyer is  responsible for any addition shipping cost to resend the item

Care Instructions
Machine Wash gently with cold water
Lay flat or tumbler dry low
Iron if needed
Do not bleach

Thank you so much for supporting our handmade shop. We are honored to create a meaningful keepsake for your special day.",26.64,USD,98,"weenie_bride_top,dachshund_bride,bachelorette_cami,embroidered_tank,funny_bridal_shirt,dog_lover_shirt,bridal_tank_top,bride_to_be_gift,dachshund_wedding,weenie_dog_shirt,martini_bride_top,custom_bride_cami,wedding_weekend_top","Cotton,Polyester",https://i.etsystatic.com/66439541/r/il/31df6b/8239331817/il_fullxfull.8239331817_hfbb.jpg,https://i.etsystatic.com/66439541/r/il/b6e0a5/8239331701/il_fullxfull.8239331701_2ms1.jpg,https://i.etsystatic.com/66439541/r/il/cdf4d8/8239332631/il_fullxfull.8239332631_tlta.jpg,https://i.etsystatic.com/66439541/r/il/56a32d/8191406710/il_fullxfull.8191406710_2q16.jpg,https://i.etsystatic.com/66439541/r/il/3c17e6/8198189973/il_fullxfull.8198189973_5fup.jpg,https://i.etsystatic.com/66439541/r/il/3fbefa/8130478566/il_fullxfull.8130478566_amwj.jpg,https://i.etsystatic.com/66439541/r/il/28abb2/8198189967/il_fullxfull.8198189967_rn9e.jpg,https://i.etsystatic.com/66439541/r/il/2aa2a3/8150339970/il_fullxfull.8150339970_7bcg.jpg,https://i.etsystatic.com/66439541/r/il/398d71/8150339866/il_fullxfull.8150339866_fj16.jpg,https://i.etsystatic.com/66439541/r/il/45b881/8198254531/il_fullxfull.8198254531_1qw9.jpg,"Custom Property",Size,"XS,S,M,L,XL","Custom Property","YOUR CHOICE","SPAGHETTI STRAP TANK,RIB- RACER TANK,CROPTOP",TUL-010
"Custom Bride Lobster Martini Tank Top, Coastal Bachelorette Shirt, Personalized Mrs Top","Celebrate the future Mrs. with a custom bride lobster martini tank top personalized with her new surname. Featuring colorful embroidered lobster and cocktail artwork, this coastal bridal cami is perfect for bachelorette weekends, beach weddings, bridal showers, and seaside honeymoon celebrations. 🦞🍸
About Our  Tank top
Each Tank top is made to order and personalized with care. Please check the sizing chart and color options before placing your order.
Product Details
- Premium soft micro rib fabric
- Personalized embroidery or print option
- Not Vinyl
- Flattering fitted crop style
- Soft cotton/ Polyester Blend
- Pre- Shrunk Fabric
- Tear- away label
- Lightweight semi-sheer feel
- Perfect for layering or bridal Styling
 How to personalize
Please enter the following information in the personalization box
1. Font Selection number
2. Exact words to be embroidered
3. Thread color
4. Optional symbol request, if applicable
Please double- check all spelling, punctuation, names, and dates before submitting your order. We will embroider the text exactly as provided

Perfect gift for 
- Bride- to- be
- Future Mrs
- Bridal shower Gifts
- Engagement Gifts
- Bachelorette Party outfit
- Honeymoon Outfit
- Wedding morning outfit
- Bridal Getting- ready Photos
 
Processing time
 Our standard processing time is 3-5 days
Processing time begins after we receive all personalization details. Orders with missing information may be delayed until the required details are provided
During busy wedding season or holidays, processing times may vary slightly, but we always do our best to complete and ship orders as quickly as possible

Shipping times
Standard shipping usually takes approximately 5-9 business days after the order has been processed and shipped.
Please note that shipping times are estimated  and may vary depending on the carrier, destination, weather, holidays, or other delays outside of our control
Once your order has been shipped , tracking information will be provided when available

Rush Shipping Option
Need your order sooner? 
We offer a Rush shipping option, which usually arrives in approximately 3-5 business days after processing.
Please select the rush option shipping  at checkout or message us before ordering if you have a specific deadline
Rush Shipping Speeds up the delivery method, but please remember that each handkerchief is still custom embroidered and requires production time

Important Notes
- Colors may appear slightly different depending on your screen or monitor settings
- Placement and sizing of embroidery may vary slightly depending on the wording and font selected
- Personalized item are handmade, so slight variations may occur.

Return & Exchange Policy
Because this is personalized custom item, we do not accept  returns, exchanges or cancellation once production has started 
However customer satisfaction is very important to us. If there is an issue with your order, please contact us as soon as possible so we can help
We are not responsible for errors submitted in the personalization box, including spelling mistakes, incorrect dates, missing words, or wrong names. 
Please review your personalization carefully before placing order 
If we make an error on your order, please message us with photos of the item and packaging, and we will be happy to assist.

Lost, Delayed Or Return Packages
Once an order has been shipped, delivery is handled by the shipping carrier
We are not responsible for carrier delays, lost packages, incorrect address, or packages marked as delivered by the carrier
Please make sure your shipping address is correct before placing your order
If a package is returned to us due to an incorrect or incomplete address, the buyer is  responsible for any addition shipping cost to resend the item

Care Instructions
Machine Wash gently with cold water
Lay flat or tumbler dry low
Iron if needed
Do not bleach

Thank you so much for supporting our handmade shop. We are honored to create a meaningful keepsake for your special day.",26.64,USD,98,"custom_bride_tank,lobster_martini_top,personalized_cami,mrs_bride_shirt,coastal_bridal_top,bachelorette_cami,embroidered_tank,nautical_bride_gift,beach_wedding_top,lobster_bride_gift,custom_name_top,bridal_shower_gift,future_mrs_outfit","Cotton,Polyester",https://i.etsystatic.com/66439541/r/il/67404e/8239393593/il_fullxfull.8239393593_milr.jpg,https://i.etsystatic.com/66439541/r/il/256662/8191468286/il_fullxfull.8191468286_n7wx.jpg,https://i.etsystatic.com/66439541/r/il/c14df2/8191468338/il_fullxfull.8191468338_th7v.jpg,https://i.etsystatic.com/66439541/r/il/3c17e6/8198189973/il_fullxfull.8198189973_5fup.jpg,https://i.etsystatic.com/66439541/r/il/3fbefa/8130478566/il_fullxfull.8130478566_amwj.jpg,https://i.etsystatic.com/66439541/r/il/28abb2/8198189967/il_fullxfull.8198189967_rn9e.jpg,https://i.etsystatic.com/66439541/r/il/2aa2a3/8150339970/il_fullxfull.8150339970_7bcg.jpg,https://i.etsystatic.com/66439541/r/il/398d71/8150339866/il_fullxfull.8150339866_fj16.jpg,https://i.etsystatic.com/66439541/r/il/45b881/8198254531/il_fullxfull.8198254531_1qw9.jpg,https://i.etsystatic.com/66439541/r/il/acd6fe/8150274582/il_fullxfull.8150274582_ld3y.jpg,"Custom Property",Size,"XS,S,M,L,XL","Custom Property","YOUR CHOICE","SPAGHETTI STRAP TANK,RIB- RACER TANK,CROPTOP",TUL-010
"Custom Embroidered School Librarian Quarter Zip Pullover, Personalized Name Sleeve Top","Celebrate a wonderful school librarian with this custom embroidered quarter zip pullover, personalized with a name on the sleeve. Designed for library teachers, book lovers, school staff, and reading specialists, this cozy sweatshirt is perfect for back to school, Teacher Appreciation, birthdays, Christmas, and everyday library style. 📚✨

• Personalized sleeve embroidery: Add the librarian’s name, title, initials, or short custom wording to the sleeve for a thoughtful detail made especially for the recipient.

• Perfect school librarian design: A cozy quarter zip made for library days, reading lessons, book fairs, story time, classroom visits, school events, and casual staff outfits.

• Thoughtful educator gift: A meaningful present for school librarians, library teachers, media specialists, reading teachers, book club leaders, and school staff members. 🎁

• Great for back to school: Wear it for the first day of school, book fair week, library orientation, reading month, staff meetings, field trips, and everyday teaching moments.

• Comfortable and easy to style: Pair this embroidered pullover with jeans, leggings, trousers, sneakers, or classroom-friendly layers for a polished but cozy look.

• Custom details: Please enter the sleeve name or wording, garment color, size, and thread color in the personalization box, checking all spelling carefully before ordering.

• Individually embroidered: Each quarter zip is carefully positioned and stitched, so slight variations may occur and give every personalized piece its own unique character.

• Care instructions: Turn the pullover inside out before washing, use cold water on a gentle cycle, avoid harsh bleach, and air dry or tumble dry on low to protect the embroidery.
 
Processing time
 Our standard processing time is 3-5 days
Processing time begins after we receive all personalization details. Orders with missing information may be delayed until the required details are provided
During busy wedding season or holidays, processing times may vary slightly, but we always do our best to complete and ship orders as quickly as possible

Shipping times
Standard shipping usually takes approximately 5-9 business days after the order has been processed and shipped.
Please note that shipping times are estimated  and may vary depending on the carrier, destination, weather, holidays, or other delays outside of our control
Once your order has been shipped , tracking information will be provided when available

Rush Shipping Option
Need your order sooner? 
We offer a Rush shipping option, which usually arrives in approximately 3-5 business days after processing.
Please select the rush option shipping  at checkout or message us before ordering if you have a specific deadline
Rush Shipping Speeds up the delivery method, but please remember that each handkerchief is still custom embroidered and requires production time

Important Notes
- Colors may appear slightly different depending on your screen or monitor settings
- Placement and sizing of embroidery may vary slightly depending on the wording and font selected
- Personalized item are handmade, so slight variations may occur.

Return & Exchange Policy
Because this is personalized custom item, we do not accept  returns, exchanges or cancellation once production has started 
However customer satisfaction is very important to us. If there is an issue with your order, please contact us as soon as possible so we can help
We are not responsible for errors submitted in the personalization box, including spelling mistakes, incorrect dates, missing words, or wrong names. 
Please review your personalization carefully before placing order 
If we make an error on your order, please message us with photos of the item and packaging, and we will be happy to assist.

Lost, Delayed Or Return Packages
Once an order has been shipped, delivery is handled by the shipping carrier
We are not responsible for carrier delays, lost packages, incorrect address, or packages marked as delivered by the carrier
Please make sure your shipping address is correct before placing your order
If a package is returned to us due to an incorrect or incomplete address, the buyer is  responsible for any addition shipping cost to resend the item

Care Instructions
Machine Wash gently with cold water
Lay flat or tumbler dry low
Iron if needed
Do not bleach

Thank you so much for supporting our handmade shop. We are honored to create a meaningful keepsake for your special day.",35.32,USD,998,"school_librarian,librarian_gift,quarter_zip_gift,library_teacher,custom_name_sleeve,back_to_school,embroidered_zip,teacher_pullover,book_lover_gift,reading_teacher,school_staff_gift,library_staff_gift,media_specialist",Cotton,https://i.etsystatic.com/66439541/r/il/43f62a/8265619879/il_fullxfull.8265619879_qgtd.jpg,https://i.etsystatic.com/66439541/r/il/232485/8265619949/il_fullxfull.8265619949_4jl7.jpg,https://i.etsystatic.com/66439541/r/il/3fbefa/8130478566/il_fullxfull.8130478566_amwj.jpg,https://i.etsystatic.com/66439541/r/il/28abb2/8198189967/il_fullxfull.8198189967_rn9e.jpg,https://i.etsystatic.com/66439541/r/il/7fabf3/8217449210/il_fullxfull.8217449210_8hx0.jpg,https://i.etsystatic.com/66439541/r/il/1d6569/8207360470/il_fullxfull.8207360470_3l6p.jpg,https://i.etsystatic.com/66439541/r/il/3d65ee/8207360468/il_fullxfull.8207360468_17ug.jpg,https://i.etsystatic.com/66439541/r/il/2aa2a3/8150339970/il_fullxfull.8150339970_7bcg.jpg,https://i.etsystatic.com/66439541/r/il/398d71/8150339866/il_fullxfull.8150339866_fj16.jpg,https://i.etsystatic.com/66439541/r/il/45b881/8198254531/il_fullxfull.8198254531_1qw9.jpg,"Custom Property","Your choice","Gildan Sweatshirt,Tshirt Comfort Color,Gildan Hoodie,Quarter Zip,Croptop,Spaghetti Stap Tank,Rib-Racer Tank","Women's clothing size",Size,"XS,S,M,L,XL,2X,3X",TUL-010
"Embroidered Golden Retriever Sweatshirt, Autumn Leaves Dog Crewneck, Cozy Pet Lover Pullover","Celebrate cozy autumn days with this golden retriever fall sweatshirt, beautifully embroidered with three adorable dogs surrounded by colorful seasonal leaves. This cozy season crewneck is perfect for dog moms, golden retriever lovers, pumpkin patch outings, Thanksgiving gatherings, and relaxed fall outfits. 🐶🍂

• Adorable golden retriever embroidery: The design features three sweet golden retrievers with playful autumn leaves, creating a warm and charming look for every dog lover.

• Perfect cozy-season style: Pair this embroidered sweatshirt with jeans, leggings, boots, sneakers, flannels, or cardigans for an easy fall outfit.

• Thoughtful dog mom gift: A lovely present for golden retriever moms, pet lovers, dog owners, sisters, daughters, girlfriends, moms, teachers, or best friends. 🎁

• Great for autumn activities: Wear it to pumpkin patches, fall festivals, Thanksgiving gatherings, coffee dates, dog walks, bonfires, or casual weekends.

• Detailed embroidered finish: The stitched artwork adds texture, color, and lasting character, making this sweatshirt feel more special than a standard printed dog shirt.

• Cozy and versatile: This pullover is easy to layer during chilly mornings, crisp fall afternoons, and relaxed evenings at home.

• Care instructions: Turn the sweatshirt inside out before washing, use cold water on a gentle cycle, avoid harsh bleach, and air dry or tumble dry on low to help protect the embroidery.
 
Processing time
 Our standard processing time is 3-5 days
Processing time begins after we receive all personalization details. Orders with missing information may be delayed until the required details are provided
During busy wedding season or holidays, processing times may vary slightly, but we always do our best to complete and ship orders as quickly as possible

Shipping times
Standard shipping usually takes approximately 5-9 business days after the order has been processed and shipped.
Please note that shipping times are estimated  and may vary depending on the carrier, destination, weather, holidays, or other delays outside of our control
Once your order has been shipped , tracking information will be provided when available

Rush Shipping Option
Need your order sooner? 
We offer a Rush shipping option, which usually arrives in approximately 3-5 business days after processing.
Please select the rush option shipping  at checkout or message us before ordering if you have a specific deadline
Rush Shipping Speeds up the delivery method, but please remember that each handkerchief is still custom embroidered and requires production time

Important Notes
- Colors may appear slightly different depending on your screen or monitor settings
- Placement and sizing of embroidery may vary slightly depending on the wording and font selected
- Personalized item are handmade, so slight variations may occur.

Return & Exchange Policy
Because this is personalized custom item, we do not accept  returns, exchanges or cancellation once production has started 
However customer satisfaction is very important to us. If there is an issue with your order, please contact us as soon as possible so we can help
We are not responsible for errors submitted in the personalization box, including spelling mistakes, incorrect dates, missing words, or wrong names. 
Please review your personalization carefully before placing order 
If we make an error on your order, please message us with photos of the item and packaging, and we will be happy to assist.

Lost, Delayed Or Return Packages
Once an order has been shipped, delivery is handled by the shipping carrier
We are not responsible for carrier delays, lost packages, incorrect address, or packages marked as delivered by the carrier
Please make sure your shipping address is correct before placing your order
If a package is returned to us due to an incorrect or incomplete address, the buyer is  responsible for any addition shipping cost to resend the item

Care Instructions
Machine Wash gently with cold water
Lay flat or tumbler dry low
Iron if needed
Do not bleach

Thank you so much for supporting our handmade shop. We are honored to create a meaningful keepsake for your special day.",35.32,USD,998,"golden_dog_shirt,fall_sweatshirt,cozy_season_top,dog_mom_gift_idea,embroidered_dog,golden_retriever,autumn_dog_gift,pet_lover_crewneck,fall_leaves_shirt,cute_dog_sweater,cozy_dog_pullover,thanksgiving_gift,dog_lover_sweatshirt",Cotton,https://i.etsystatic.com/66439541/r/il/f8225f/8217689252/il_fullxfull.8217689252_kxe8.jpg,https://i.etsystatic.com/66439541/r/il/8fe759/8217681068/il_fullxfull.8217681068_ciea.jpg,https://i.etsystatic.com/66439541/r/il/0d4a34/8217681240/il_fullxfull.8217681240_i3g2.jpg,https://i.etsystatic.com/66439541/r/il/3fbefa/8130478566/il_fullxfull.8130478566_amwj.jpg,https://i.etsystatic.com/66439541/r/il/28abb2/8198189967/il_fullxfull.8198189967_rn9e.jpg,https://i.etsystatic.com/66439541/r/il/7fabf3/8217449210/il_fullxfull.8217449210_8hx0.jpg,https://i.etsystatic.com/66439541/r/il/1d6569/8207360470/il_fullxfull.8207360470_3l6p.jpg,https://i.etsystatic.com/66439541/r/il/3d65ee/8207360468/il_fullxfull.8207360468_17ug.jpg,https://i.etsystatic.com/66439541/r/il/2aa2a3/8150339970/il_fullxfull.8150339970_7bcg.jpg,https://i.etsystatic.com/66439541/r/il/398d71/8150339866/il_fullxfull.8150339866_fj16.jpg,"Custom Property","Your choice","Gildan Sweatshirt,Tshirt Comfort Color,Gildan Hoodie,Quarter Zip,Croptop,Spaghetti Stap Tank,Rib-Racer Tank","Women's clothing size",Size,"XS,S,M,L,XL,2X,3X",TUL-010
"Custom Math Teacher Quarter Zip Pullover, Personalized Name Sleeve, Embroidered STEM Educator Sweatshirt","Celebrate a favorite math teacher with this embroidered quarter zip pullover, personalized with a custom name on the sleeve. Designed for math classrooms, STEM teachers, algebra lovers, geometry instructors, and back-to-school outfits, this cozy teacher sweatshirt makes a thoughtful gift for educators. 📐✏️

• Personalized sleeve name: Add the teacher’s name, title, initials, or short custom wording to the sleeve for a meaningful embroidered detail made especially for them.

• Math teacher design: The front embroidery features cheerful “math teacher” lettering with calculator, apple, and classroom-inspired accents for a fun STEM educator look.

• Perfect for school days: A comfortable quarter zip for teaching math class, tutoring sessions, staff meetings, classroom photos, back-to-school events, and casual teacher workdays. 📚

• Thoughtful teacher gift: A lovely present for math teachers, algebra teachers, geometry teachers, STEM educators, professors, tutors, elementary teachers, and middle school teachers. 🎁

• Great for many occasions: Ideal for Teacher Appreciation Week, back to school, Christmas, birthdays, graduation, end-of-year gifts, or a new teaching job celebration.

• Easy classroom styling: Pair this embroidered pullover with jeans, leggings, trousers, sneakers, or school-friendly layers for a polished and comfortable educator outfit.

• Ordering instructions: Please enter the sleeve name or wording, preferred garment color, size, and thread color in the personalization box. Review spelling carefully before ordering.

• Care instructions: Turn the pullover inside out before washing, use cold water on a gentle cycle, avoid harsh bleach, and air dry or tumble dry on low to protect the embroidery.
 
Processing time
 Our standard processing time is 3-5 days
Processing time begins after we receive all personalization details. Orders with missing information may be delayed until the required details are provided
During busy wedding season or holidays, processing times may vary slightly, but we always do our best to complete and ship orders as quickly as possible

Shipping times
Standard shipping usually takes approximately 5-9 business days after the order has been processed and shipped.
Please note that shipping times are estimated  and may vary depending on the carrier, destination, weather, holidays, or other delays outside of our control
Once your order has been shipped , tracking information will be provided when available

Rush Shipping Option
Need your order sooner? 
We offer a Rush shipping option, which usually arrives in approximately 3-5 business days after processing.
Please select the rush option shipping  at checkout or message us before ordering if you have a specific deadline
Rush Shipping Speeds up the delivery method, but please remember that each handkerchief is still custom embroidered and requires production time

Important Notes
- Colors may appear slightly different depending on your screen or monitor settings
- Placement and sizing of embroidery may vary slightly depending on the wording and font selected
- Personalized item are handmade, so slight variations may occur.

Return & Exchange Policy
Because this is personalized custom item, we do not accept  returns, exchanges or cancellation once production has started 
However customer satisfaction is very important to us. If there is an issue with your order, please contact us as soon as possible so we can help
We are not responsible for errors submitted in the personalization box, including spelling mistakes, incorrect dates, missing words, or wrong names. 
Please review your personalization carefully before placing order 
If we make an error on your order, please message us with photos of the item and packaging, and we will be happy to assist.

Lost, Delayed Or Return Packages
Once an order has been shipped, delivery is handled by the shipping carrier
We are not responsible for carrier delays, lost packages, incorrect address, or packages marked as delivered by the carrier
Please make sure your shipping address is correct before placing your order
If a package is returned to us due to an incorrect or incomplete address, the buyer is  responsible for any addition shipping cost to resend the item

Care Instructions
Machine Wash gently with cold water
Lay flat or tumbler dry low
Iron if needed
Do not bleach

Thank you so much for supporting our handmade shop. We are honored to create a meaningful keepsake for your special day.",35.32,USD,998,"math_teacher_gift,quarter_zip_gift,stem_teacher_top,personalized_zip,teacher_pullover,embroidered_zip,back_to_school,algebra_teacher,geometry_teacher,math_class_shirt,custom_name_sleeve,teacher_gift_idea,educator_sweatshirt",Cotton,https://i.etsystatic.com/66439541/r/il/364200/8265578261/il_fullxfull.8265578261_ru1m.jpg,https://i.etsystatic.com/66439541/r/il/5c5023/8217650838/il_fullxfull.8217650838_8l5b.jpg,https://i.etsystatic.com/66439541/r/il/3fbefa/8130478566/il_fullxfull.8130478566_amwj.jpg,https://i.etsystatic.com/66439541/r/il/28abb2/8198189967/il_fullxfull.8198189967_rn9e.jpg,https://i.etsystatic.com/66439541/r/il/7fabf3/8217449210/il_fullxfull.8217449210_8hx0.jpg,https://i.etsystatic.com/66439541/r/il/1d6569/8207360470/il_fullxfull.8207360470_3l6p.jpg,https://i.etsystatic.com/66439541/r/il/3d65ee/8207360468/il_fullxfull.8207360468_17ug.jpg,https://i.etsystatic.com/66439541/r/il/2aa2a3/8150339970/il_fullxfull.8150339970_7bcg.jpg,https://i.etsystatic.com/66439541/r/il/398d71/8150339866/il_fullxfull.8150339866_fj16.jpg,https://i.etsystatic.com/66439541/r/il/45b881/8198254531/il_fullxfull.8198254531_1qw9.jpg,"Custom Property","Your choice","Gildan Sweatshirt,Tshirt Comfort Color,Gildan Hoodie,Quarter Zip,Croptop,Spaghetti Stap Tank,Rib-Racer Tank","Women's clothing size",Size,"XS,S,M,L,XL,2X,3X",TUL-010
"Embroidered Kinder Crew Quarter Zip Pullover, Personalized Teacher Sweatshirt, Back to School Gift","Celebrate your favorite kindergarten teacher with this embroidered Kinder Crew quarter zip pullover, personalized with a custom sleeve name. Featuring cheerful rainbow, apple, pencil, and classroom-inspired details, this cozy teacher sweatshirt is perfect for back to school, Teacher Appreciation, classroom teams, and everyday school outfits. 🌈✏️

• Personalized sleeve embroidery: Add the teacher’s name, title, initials, or short custom wording to the sleeve for a meaningful detail made especially for the recipient.

• Cute Kinder Crew design: The front embroidery features colorful “Kinder Crew” lettering with a rainbow, apple, pencil, and school-themed accents for a cheerful classroom look.

• Perfect back-to-school outfit: A cozy quarter zip for the first day of school, kindergarten activities, staff meetings, classroom photos, field trips, and casual teacher workdays. 📚

• Thoughtful teacher gift: A lovely present for kindergarten teachers, preschool teachers, teaching assistants, school staff, student teachers, and early childhood educators. 🎁

• Great for team orders: Create matching pullovers for a kindergarten team, grade-level crew, school staff group, or classroom friends with personalized names on each sleeve.

• Comfortable school style: The quarter zip design is easy to layer over tees or under jackets, making it practical for classrooms, school events, and cooler mornings.
 How to personalize
Please enter the following information in the personalization box
1. Font Selection number
2. Exact words to be embroidered
3. Thread color
4. Optional symbol request, if applicable
Please double- check all spelling, punctuation, names, and dates before submitting your order. We will embroider the text exactly as provided

Perfect gift for 
- Bride- to- be
- Future Mrs
- Bridal shower Gifts
- Engagement Gifts
- Bachelorette Party outfit
- Honeymoon Outfit
- Wedding morning outfit
- Bridal Getting- ready Photos
 
Processing time
 Our standard processing time is 3-5 days
Processing time begins after we receive all personalization details. Orders with missing information may be delayed until the required details are provided
During busy wedding season or holidays, processing times may vary slightly, but we always do our best to complete and ship orders as quickly as possible

Shipping times
Standard shipping usually takes approximately 5-9 business days after the order has been processed and shipped.
Please note that shipping times are estimated  and may vary depending on the carrier, destination, weather, holidays, or other delays outside of our control
Once your order has been shipped , tracking information will be provided when available

Rush Shipping Option
Need your order sooner? 
We offer a Rush shipping option, which usually arrives in approximately 3-5 business days after processing.
Please select the rush option shipping  at checkout or message us before ordering if you have a specific deadline
Rush Shipping Speeds up the delivery method, but please remember that each handkerchief is still custom embroidered and requires production time

Important Notes
- Colors may appear slightly different depending on your screen or monitor settings
- Placement and sizing of embroidery may vary slightly depending on the wording and font selected
- Personalized item are handmade, so slight variations may occur.

Return & Exchange Policy
Because this is personalized custom item, we do not accept  returns, exchanges or cancellation once production has started 
However customer satisfaction is very important to us. If there is an issue with your order, please contact us as soon as possible so we can help
We are not responsible for errors submitted in the personalization box, including spelling mistakes, incorrect dates, missing words, or wrong names. 
Please review your personalization carefully before placing order 
If we make an error on your order, please message us with photos of the item and packaging, and we will be happy to assist.

Lost, Delayed Or Return Packages
Once an order has been shipped, delivery is handled by the shipping carrier
We are not responsible for carrier delays, lost packages, incorrect address, or packages marked as delivered by the carrier
Please make sure your shipping address is correct before placing your order
If a package is returned to us due to an incorrect or incomplete address, the buyer is  responsible for any addition shipping cost to resend the item

Care Instructions
Machine Wash gently with cold water
Lay flat or tumbler dry low
Iron if needed
Do not bleach

Thank you so much for supporting our handmade shop. We are honored to create a meaningful keepsake for your special day.",35.32,USD,998,"kinder_crew_gift,quarter_zip_gift,teacher_pullover,kindergarten_top,custom_name_sleeve,embroidered_zip,back_to_school,teacher_gift_idea,kinder_teacher,classroom_sweater,personalized_zip,school_staff_gift,unique_gift_for",Cotton,https://i.etsystatic.com/66439541/r/il/97bb1c/8217644624/il_fullxfull.8217644624_np1j.jpg,https://i.etsystatic.com/66439541/r/il/3952df/8217642274/il_fullxfull.8217642274_t0v5.jpg,https://i.etsystatic.com/66439541/r/il/3fbefa/8130478566/il_fullxfull.8130478566_amwj.jpg,https://i.etsystatic.com/66439541/r/il/28abb2/8198189967/il_fullxfull.8198189967_rn9e.jpg,https://i.etsystatic.com/66439541/r/il/7fabf3/8217449210/il_fullxfull.8217449210_8hx0.jpg,https://i.etsystatic.com/66439541/r/il/1d6569/8207360470/il_fullxfull.8207360470_3l6p.jpg,https://i.etsystatic.com/66439541/r/il/3d65ee/8207360468/il_fullxfull.8207360468_17ug.jpg,https://i.etsystatic.com/66439541/r/il/2aa2a3/8150339970/il_fullxfull.8150339970_7bcg.jpg,https://i.etsystatic.com/66439541/r/il/398d71/8150339866/il_fullxfull.8150339866_fj16.jpg,https://i.etsystatic.com/66439541/r/il/45b881/8198254531/il_fullxfull.8198254531_1qw9.jpg,"Custom Property","Your choice","Gildan Sweatshirt,Tshirt Comfort Color,Gildan Hoodie,Quarter Zip,Croptop,Spaghetti Stap Tank,Rib-Racer Tank","Women's clothing size",Size,"XS,S,M,L,XL,2X,3X",TUL-010
"Custom Embroidered Special Ed Teacher Quarter Zip Pullover, Personalized Name Sleeve SPED Sweatshirt","Celebrate a dedicated special education teacher with this embroidered quarter zip pullover, personalized with a custom name on the sleeve. Designed for SPED educators, classroom staff, autism teachers, and school teams, this cozy teacher sweatshirt is a thoughtful back-to-school gift, appreciation present, or everyday school outfit. 💙📚

• Personalized sleeve detail: Add the teacher’s name, title, initials, or short custom wording to the sleeve for a meaningful embroidered touch made especially for the recipient.

• Special ed teacher design: The front embroidery features cheerful “special ed teacher” lettering with soft colors and sweet accents, creating a professional yet warm classroom look.

• Perfect for school days: A comfortable quarter zip for back to school, classroom lessons, student support, IEP meetings, staff events, therapy sessions, and casual teacher workdays.

• Thoughtful educator gift: A lovely choice for special education teachers, SPED teams, autism support teachers, paraprofessionals, school aides, counselors, and classroom helpers. 🎁

• Great for many occasions: Ideal for Teacher Appreciation Week, Christmas, birthdays, graduation, end-of-year thank-you gifts, last day of school, or a new teaching job celebration.

• Cozy and easy to style: Layer this pullover with jeans, leggings, trousers, sneakers, or school-friendly outfits for a polished but comfortable educator look.

• Ordering instructions: Please enter the sleeve name or wording, garment color, size, and thread color in the personalization box. Review all spelling carefully before ordering.
 How to personalize
Please enter the following information in the personalization box
1. Font Selection number
2. Exact words to be embroidered
3. Thread color
4. Optional symbol request, if applicable
Please double- check all spelling, punctuation, names, and dates before submitting your order. We will embroider the text exactly as provided

Perfect gift for 
- Bride- to- be
- Future Mrs
- Bridal shower Gifts
- Engagement Gifts
- Bachelorette Party outfit
- Honeymoon Outfit
- Wedding morning outfit
- Bridal Getting- ready Photos
 
Processing time
 Our standard processing time is 3-5 days
Processing time begins after we receive all personalization details. Orders with missing information may be delayed until the required details are provided
During busy wedding season or holidays, processing times may vary slightly, but we always do our best to complete and ship orders as quickly as possible

Shipping times
Standard shipping usually takes approximately 5-9 business days after the order has been processed and shipped.
Please note that shipping times are estimated  and may vary depending on the carrier, destination, weather, holidays, or other delays outside of our control
Once your order has been shipped , tracking information will be provided when available

Rush Shipping Option
Need your order sooner? 
We offer a Rush shipping option, which usually arrives in approximately 3-5 business days after processing.
Please select the rush option shipping  at checkout or message us before ordering if you have a specific deadline
Rush Shipping Speeds up the delivery method, but please remember that each handkerchief is still custom embroidered and requires production time

Important Notes
- Colors may appear slightly different depending on your screen or monitor settings
- Placement and sizing of embroidery may vary slightly depending on the wording and font selected
- Personalized item are handmade, so slight variations may occur.

Return & Exchange Policy
Because this is personalized custom item, we do not accept  returns, exchanges or cancellation once production has started 
However customer satisfaction is very important to us. If there is an issue with your order, please contact us as soon as possible so we can help
We are not responsible for errors submitted in the personalization box, including spelling mistakes, incorrect dates, missing words, or wrong names. 
Please review your personalization carefully before placing order 
If we make an error on your order, please message us with photos of the item and packaging, and we will be happy to assist.

Lost, Delayed Or Return Packages
Once an order has been shipped, delivery is handled by the shipping carrier
We are not responsible for carrier delays, lost packages, incorrect address, or packages marked as delivered by the carrier
Please make sure your shipping address is correct before placing your order
If a package is returned to us due to an incorrect or incomplete address, the buyer is  responsible for any addition shipping cost to resend the item

Care Instructions
Machine Wash gently with cold water
Lay flat or tumbler dry low
Iron if needed
Do not bleach

Thank you so much for supporting our handmade shop. We are honored to create a meaningful keepsake for your special day.",35.32,USD,998,"special_ed_teacher,sped_teacher_gift,teacher_quarter_zip,custom_name_sleeve,teacher_pullover,back_to_school_top,teacher_gift_idea,special_needs_gift,embroidered_zip,school_staff_gift,educator_sweatshirt,custom_teacher_top,autism_teacher_gift",Cotton,https://i.etsystatic.com/66439541/r/il/538393/8265559921/il_fullxfull.8265559921_4rbd.jpg,https://i.etsystatic.com/66439541/r/il/b9b383/8265558365/il_fullxfull.8265558365_o3jp.jpg,https://i.etsystatic.com/66439541/r/il/3fbefa/8130478566/il_fullxfull.8130478566_amwj.jpg,https://i.etsystatic.com/66439541/r/il/28abb2/8198189967/il_fullxfull.8198189967_rn9e.jpg,https://i.etsystatic.com/66439541/r/il/7fabf3/8217449210/il_fullxfull.8217449210_8hx0.jpg,https://i.etsystatic.com/66439541/r/il/1d6569/8207360470/il_fullxfull.8207360470_3l6p.jpg,https://i.etsystatic.com/66439541/r/il/3d65ee/8207360468/il_fullxfull.8207360468_17ug.jpg,https://i.etsystatic.com/66439541/r/il/2aa2a3/8150339970/il_fullxfull.8150339970_7bcg.jpg,https://i.etsystatic.com/66439541/r/il/398d71/8150339866/il_fullxfull.8150339866_fj16.jpg,https://i.etsystatic.com/66439541/r/il/45b881/8198254531/il_fullxfull.8198254531_1qw9.jpg,"Custom Property","Your choice","Gildan Sweatshirt,Tshirt Comfort Color,Gildan Hoodie,Quarter Zip,Croptop,Spaghetti Stap Tank,Rib-Racer Tank","Women's clothing size",Size,"XS,S,M,L,XL,2X,3X",TUL-010
"Custom Art Teacher Quarter Zip, Embroidered Painter Sweatshirt, Artist Gift","elebrate creativity every day with this embroidered art sweatshirt, designed for artists, painters, art teachers, and anyone who believes it is always a good day to make some art. This cozy embroidered pullover makes a thoughtful teacher gift, art lover shirt, painter outfit, or back-to-school favorite. 🎨✨

• Creative art-inspired design: The embroidered wording and painter-themed details create a cheerful look for art teachers, watercolor artists, studio owners, students, and creative souls.

• Perfect teacher gift: A thoughtful choice for art teacher appreciation, back to school, birthdays, Christmas, end-of-year gifts, graduation, or a thank-you surprise for a favorite educator. 🎁

• Cozy everyday style: Wear this embroidered sweatshirt or quarter zip with jeans, leggings, skirts, sneakers, or casual classroom outfits for a comfortable creative look.

• Great for artists and painters: Ideal for painting days, art classes, craft fairs, studio sessions, school events, museum trips, and relaxed weekends spent making something beautiful.

• Personalized option: Add a teacher name, initials, sleeve embroidery, school name, or short custom text to create a unique piece made especially for the recipient.

• Detailed embroidered finish: The stitched artwork gives the sweatshirt texture, color, and lasting character, making it feel more special than a standard printed art shirt.

• Ordering instructions: Please enter your preferred wording, name, sleeve text, garment color, size, and thread color in the personalization box. Review spelling carefully before ordering.
 How to personalize
Please enter the following information in the personalization box
1. Font Selection number
2. Exact words to be embroidered
3. Thread color
4. Optional symbol request, if applicable
Please double- check all spelling, punctuation, names, and dates before submitting your order. We will embroider the text exactly as provided

Perfect gift for 
- Bride- to- be
- Future Mrs
- Bridal shower Gifts
- Engagement Gifts
- Bachelorette Party outfit
- Honeymoon Outfit
- Wedding morning outfit
- Bridal Getting- ready Photos
 
Processing time
 Our standard processing time is 3-5 days
Processing time begins after we receive all personalization details. Orders with missing information may be delayed until the required details are provided
During busy wedding season or holidays, processing times may vary slightly, but we always do our best to complete and ship orders as quickly as possible

Shipping times
Standard shipping usually takes approximately 5-9 business days after the order has been processed and shipped.
Please note that shipping times are estimated  and may vary depending on the carrier, destination, weather, holidays, or other delays outside of our control
Once your order has been shipped , tracking information will be provided when available

Rush Shipping Option
Need your order sooner? 
We offer a Rush shipping option, which usually arrives in approximately 3-5 business days after processing.
Please select the rush option shipping  at checkout or message us before ordering if you have a specific deadline
Rush Shipping Speeds up the delivery method, but please remember that each handkerchief is still custom embroidered and requires production time

Important Notes
- Colors may appear slightly different depending on your screen or monitor settings
- Placement and sizing of embroidery may vary slightly depending on the wording and font selected
- Personalized item are handmade, so slight variations may occur.

Return & Exchange Policy
Because this is personalized custom item, we do not accept  returns, exchanges or cancellation once production has started 
However customer satisfaction is very important to us. If there is an issue with your order, please contact us as soon as possible so we can help
We are not responsible for errors submitted in the personalization box, including spelling mistakes, incorrect dates, missing words, or wrong names. 
Please review your personalization carefully before placing order 
If we make an error on your order, please message us with photos of the item and packaging, and we will be happy to assist.

Lost, Delayed Or Return Packages
Once an order has been shipped, delivery is handled by the shipping carrier
We are not responsible for carrier delays, lost packages, incorrect address, or packages marked as delivered by the carrier
Please make sure your shipping address is correct before placing your order
If a package is returned to us due to an incorrect or incomplete address, the buyer is  responsible for any addition shipping cost to resend the item

Care Instructions
Machine Wash gently with cold water
Lay flat or tumbler dry low
Iron if needed
Do not bleach

Thank you so much for supporting our handmade shop. We are honored to create a meaningful keepsake for your special day.",35.32,USD,998,"art_teacher_gift,make_art_shirt,artist_sweatshirt,embroidered_art,painter_shirt_gift,art_lover_shirt,teacher_crewneck,watercolor_artist,painting_shirt,good_day_art_tee,gift_for_teacher,cute_painter_top,art_teacher_top",Cotton,https://i.etsystatic.com/66439541/r/il/2a3672/8265515767/il_fullxfull.8265515767_rrbj.jpg,https://i.etsystatic.com/66439541/r/il/1023d6/8265513673/il_fullxfull.8265513673_7wsw.jpg,https://i.etsystatic.com/66439541/r/il/3fbefa/8130478566/il_fullxfull.8130478566_amwj.jpg,https://i.etsystatic.com/66439541/r/il/28abb2/8198189967/il_fullxfull.8198189967_rn9e.jpg,https://i.etsystatic.com/66439541/r/il/7fabf3/8217449210/il_fullxfull.8217449210_8hx0.jpg,https://i.etsystatic.com/66439541/r/il/1d6569/8207360470/il_fullxfull.8207360470_3l6p.jpg,https://i.etsystatic.com/66439541/r/il/3d65ee/8207360468/il_fullxfull.8207360468_17ug.jpg,https://i.etsystatic.com/66439541/r/il/2aa2a3/8150339970/il_fullxfull.8150339970_7bcg.jpg,https://i.etsystatic.com/66439541/r/il/398d71/8150339866/il_fullxfull.8150339866_fj16.jpg,https://i.etsystatic.com/66439541/r/il/45b881/8198254531/il_fullxfull.8198254531_1qw9.jpg,"Custom Property","Your choice","Gildan Sweatshirt,Tshirt Comfort Color,Gildan Hoodie,Quarter Zip,Croptop,Spaghetti Stap Tank,Rib-Racer Tank","Women's clothing size",Size,"XS,S,M,L,XL,2X,3X",TUL-010
"Custom Embroidered Speech Therapist Quarter Zip Pullover, Personalized SLP Teacher Sweatshirt","Celebrate a caring speech therapist or school professional with this custom embroidered quarter zip pullover, personalized with a name on the sleeve. Designed for speech therapy rooms, back-to-school outfits, teacher gifts, and everyday classroom style, this cozy sweatshirt is a thoughtful choice for SLPs, educators, and school staff. 💬📚

• Personalized sleeve detail: Add a teacher name, therapist name, title, initials, or short custom wording to the sleeve for a meaningful embroidered touch made especially for the recipient.

• Speech therapist design: The front embroidery features “speech therapist” lettering with playful speech-inspired details, creating a professional yet cheerful look for therapy sessions and school days.

• Perfect back-to-school outfit: A cozy quarter zip for the first day of school, classroom activities, therapy appointments, student meetings, staff events, and casual workdays. ✏️

• Thoughtful educator gift: A lovely present for speech language pathologists, SLP teachers, speech therapists, special education staff, school counselors, tutors, and classroom helpers. 🎁

• Great for many occasions: Ideal for Teacher Appreciation Week, graduation, birthdays, Christmas, back-to-school gifts, end-of-year thank-you gifts, or a new job celebration.

• Comfortable professional style: The quarter zip design is easy to layer over tees or under jackets, making it practical for classrooms, offices, clinics, and school hallways.
 How to personalize
Please enter the following information in the personalization box
1. Font Selection number
2. Exact words to be embroidered
3. Thread color
4. Optional symbol request, if applicable
Please double- check all spelling, punctuation, names, and dates before submitting your order. We will embroider the text exactly as provided

Perfect gift for 
- Bride- to- be
- Future Mrs
- Bridal shower Gifts
- Engagement Gifts
- Bachelorette Party outfit
- Honeymoon Outfit
- Wedding morning outfit
- Bridal Getting- ready Photos
 
Processing time
 Our standard processing time is 3-5 days
Processing time begins after we receive all personalization details. Orders with missing information may be delayed until the required details are provided
During busy wedding season or holidays, processing times may vary slightly, but we always do our best to complete and ship orders as quickly as possible

Shipping times
Standard shipping usually takes approximately 5-9 business days after the order has been processed and shipped.
Please note that shipping times are estimated  and may vary depending on the carrier, destination, weather, holidays, or other delays outside of our control
Once your order has been shipped , tracking information will be provided when available

Rush Shipping Option
Need your order sooner? 
We offer a Rush shipping option, which usually arrives in approximately 3-5 business days after processing.
Please select the rush option shipping  at checkout or message us before ordering if you have a specific deadline
Rush Shipping Speeds up the delivery method, but please remember that each handkerchief is still custom embroidered and requires production time

Important Notes
- Colors may appear slightly different depending on your screen or monitor settings
- Placement and sizing of embroidery may vary slightly depending on the wording and font selected
- Personalized item are handmade, so slight variations may occur.

Return & Exchange Policy
Because this is personalized custom item, we do not accept  returns, exchanges or cancellation once production has started 
However customer satisfaction is very important to us. If there is an issue with your order, please contact us as soon as possible so we can help
We are not responsible for errors submitted in the personalization box, including spelling mistakes, incorrect dates, missing words, or wrong names. 
Please review your personalization carefully before placing order 
If we make an error on your order, please message us with photos of the item and packaging, and we will be happy to assist.

Lost, Delayed Or Return Packages
Once an order has been shipped, delivery is handled by the shipping carrier
We are not responsible for carrier delays, lost packages, incorrect address, or packages marked as delivered by the carrier
Please make sure your shipping address is correct before placing your order
If a package is returned to us due to an incorrect or incomplete address, the buyer is  responsible for any addition shipping cost to resend the item

Care Instructions
Machine Wash gently with cold water
Lay flat or tumbler dry low
Iron if needed
Do not bleach

Thank you so much for supporting our handmade shop. We are honored to create a meaningful keepsake for your special day.",35.32,USD,998,"speech_therapist,speech_therapy,slp_teacher_gift,language_path_shirt,comfort_colors,floral_speech_tee,slp_graduation,speech_teacher,slpa_gift_idea,back_to_school,speech_team_gift,cute_speech_tee,coquette_slp_top",Cotton,https://i.etsystatic.com/66439541/r/il/de6aea/8217566304/il_fullxfull.8217566304_g38t.jpg,https://i.etsystatic.com/66439541/r/il/26f4cf/8217566302/il_fullxfull.8217566302_5avy.jpg,https://i.etsystatic.com/66439541/r/il/2daf85/8265493457/il_fullxfull.8265493457_aj7i.jpg,https://i.etsystatic.com/66439541/r/il/8072a6/8217565928/il_fullxfull.8217565928_ryy2.jpg,https://i.etsystatic.com/66439541/r/il/ab70b7/8217565916/il_fullxfull.8217565916_5dvz.jpg,https://i.etsystatic.com/66439541/r/il/f143b6/8265493431/il_fullxfull.8265493431_8s1w.jpg,https://i.etsystatic.com/66439541/r/il/9175d7/8217566170/il_fullxfull.8217566170_c98d.jpg,https://i.etsystatic.com/66439541/r/il/3fbefa/8130478566/il_fullxfull.8130478566_amwj.jpg,https://i.etsystatic.com/66439541/r/il/28abb2/8198189967/il_fullxfull.8198189967_rn9e.jpg,https://i.etsystatic.com/66439541/r/il/7fabf3/8217449210/il_fullxfull.8217449210_8hx0.jpg,"Custom Property","Your choice","Gildan Sweatshirt,Tshirt Comfort Color,Gildan Hoodie,Quarter Zip,Croptop,Spaghetti Stap Tank,Rib-Racer Tank","Women's clothing size",Size,"XS,S,M,L,XL,2X,3X",TUL-010
"Embroidered Dachshund Fall Shirt, Weenie Dog Autumn Comfort Colors Tee","Celebrate cozy autumn days with this dachshund fall embroidered Comfort Colors shirt, featuring three adorable weenie dogs surrounded by colorful falling leaves. This cute dog lover tee is perfect for pumpkin patch visits, fall festivals, casual weekends, and thoughtful gifts for dachshund moms. 🐶🍂

• Adorable dachshund embroidery: Three sweet dachshunds in warm brown tones are stitched across the front, creating a playful fall design for dog moms and weenie dog lovers.

• Cozy autumn leaf details: Colorful embroidered leaves in orange, yellow, green, and red add a seasonal touch inspired by crisp fall walks, pumpkin days, and cozy outdoor moments.

• Perfect fall outfit: Pair this Comfort Colors shirt with jeans, leggings, boots, cardigans, flannels, or denim jackets for an easy autumn look. 🎃

• Thoughtful dog lover gift: A charming present for dachshund owners, dog moms, pet lovers, sisters, daughters, girlfriends, teachers, moms, or best friends. 🎁

• Great for seasonal activities: Wear it to pumpkin patches, farmers markets, fall festivals, Thanksgiving gatherings, coffee dates, dog walks, or casual weekends.

• Detailed embroidered finish: The stitched artwork adds texture, color, and lasting character, making this shirt feel more special than a standard printed graphic tee.

• Easy seasonal layering: Wear the tee on its own during warmer fall days or layer it beneath a flannel, cardigan, or cozy jacket when temperatures cool.
 How to personalize
Please enter the following information in the personalization box
1. Font Selection number
2. Exact words to be embroidered
3. Thread color
4. Optional symbol request, if applicable
Please double- check all spelling, punctuation, names, and dates before submitting your order. We will embroider the text exactly as provided

Perfect gift for 
- Bride- to- be
- Future Mrs
- Bridal shower Gifts
- Engagement Gifts
- Bachelorette Party outfit
- Honeymoon Outfit
- Wedding morning outfit
- Bridal Getting- ready Photos
 
Processing time
 Our standard processing time is 3-5 days
Processing time begins after we receive all personalization details. Orders with missing information may be delayed until the required details are provided
During busy wedding season or holidays, processing times may vary slightly, but we always do our best to complete and ship orders as quickly as possible

Shipping times
Standard shipping usually takes approximately 5-9 business days after the order has been processed and shipped.
Please note that shipping times are estimated  and may vary depending on the carrier, destination, weather, holidays, or other delays outside of our control
Once your order has been shipped , tracking information will be provided when available

Rush Shipping Option
Need your order sooner? 
We offer a Rush shipping option, which usually arrives in approximately 3-5 business days after processing.
Please select the rush option shipping  at checkout or message us before ordering if you have a specific deadline
Rush Shipping Speeds up the delivery method, but please remember that each handkerchief is still custom embroidered and requires production time

Important Notes
- Colors may appear slightly different depending on your screen or monitor settings
- Placement and sizing of embroidery may vary slightly depending on the wording and font selected
- Personalized item are handmade, so slight variations may occur.

Return & Exchange Policy
Because this is personalized custom item, we do not accept  returns, exchanges or cancellation once production has started 
However customer satisfaction is very important to us. If there is an issue with your order, please contact us as soon as possible so we can help
We are not responsible for errors submitted in the personalization box, including spelling mistakes, incorrect dates, missing words, or wrong names. 
Please review your personalization carefully before placing order 
If we make an error on your order, please message us with photos of the item and packaging, and we will be happy to assist.

Lost, Delayed Or Return Packages
Once an order has been shipped, delivery is handled by the shipping carrier
We are not responsible for carrier delays, lost packages, incorrect address, or packages marked as delivered by the carrier
Please make sure your shipping address is correct before placing your order
If a package is returned to us due to an incorrect or incomplete address, the buyer is  responsible for any addition shipping cost to resend the item

Care Instructions
Machine Wash gently with cold water
Lay flat or tumbler dry low
Iron if needed
Do not bleach

Thank you so much for supporting our handmade shop. We are honored to create a meaningful keepsake for your special day.",35.32,USD,998,"dachshund_shirt,fall_dog_shirt,comfort_colors_tee,weenie_dog_gift,dog_mom_fall_tee,embroidered_dog,autumn_dog_shirt,dachshund_mom_gift,pumpkin_patch_tee,fall_leaves_shirt,cute_dog_tshirt,sausage_dog_top,dog_lover_gift",Cotton,https://i.etsystatic.com/66439541/r/il/e7cbaa/8217509714/il_fullxfull.8217509714_owyx.jpg,https://i.etsystatic.com/66439541/r/il/0c9277/8265437135/il_fullxfull.8265437135_6mv9.jpg,https://i.etsystatic.com/66439541/r/il/c39ee8/8265437139/il_fullxfull.8265437139_jlob.jpg,https://i.etsystatic.com/66439541/r/il/3fbefa/8130478566/il_fullxfull.8130478566_amwj.jpg,https://i.etsystatic.com/66439541/r/il/28abb2/8198189967/il_fullxfull.8198189967_rn9e.jpg,https://i.etsystatic.com/66439541/r/il/7fabf3/8217449210/il_fullxfull.8217449210_8hx0.jpg,https://i.etsystatic.com/66439541/r/il/1d6569/8207360470/il_fullxfull.8207360470_3l6p.jpg,https://i.etsystatic.com/66439541/r/il/3d65ee/8207360468/il_fullxfull.8207360468_17ug.jpg,https://i.etsystatic.com/66439541/r/il/2aa2a3/8150339970/il_fullxfull.8150339970_7bcg.jpg,https://i.etsystatic.com/66439541/r/il/398d71/8150339866/il_fullxfull.8150339866_fj16.jpg,"Custom Property","Your choice","Gildan Sweatshirt,Tshirt Comfort Color,Gildan Hoodie,Quarter Zip,Croptop,Spaghetti Stap Tank,Rib-Racer Tank","Women's clothing size",Size,"XS,S,M,L,XL,2X,3X",TUL-010
"Embroidered Dachshund Fall Shirt, Autumn Weenie Dog Leaves Tee","Celebrate cozy autumn days with this dachshund fall embroidered Comfort Colors shirt, featuring three adorable weenie dogs surrounded by colorful falling leaves. This cute dog lover tee is perfect for pumpkin patch visits, fall festivals, casual weekends, and thoughtful gifts for dachshund moms. 🐶🍂

• Adorable dachshund embroidery: Three sweet dachshunds in warm brown tones are stitched across the front, creating a playful fall design for dog moms and weenie dog lovers.

• Cozy autumn leaf details: Colorful embroidered leaves in orange, yellow, green, and red add a seasonal touch inspired by crisp fall walks, pumpkin days, and cozy outdoor moments.

• Perfect fall outfit: Pair this Comfort Colors shirt with jeans, leggings, boots, cardigans, flannels, or denim jackets for an easy autumn look. 🎃

• Thoughtful dog lover gift: A charming present for dachshund owners, dog moms, pet lovers, sisters, daughters, girlfriends, teachers, moms, or best friends. 🎁

• Great for seasonal activities: Wear it to pumpkin patches, farmers markets, fall festivals, Thanksgiving gatherings, coffee dates, dog walks, or casual weekends.

• Detailed embroidered finish: The stitched artwork adds texture, color, and lasting character, making this shirt feel more special than a standard printed graphic tee.

• Easy seasonal layering: Wear the tee on its own during warmer fall days or layer it beneath a flannel, cardigan, or cozy jacket when temperatures cool.
 How to personalize
Please enter the following information in the personalization box
1. Font Selection number
2. Exact words to be embroidered
3. Thread color
4. Optional symbol request, if applicable
Please double- check all spelling, punctuation, names, and dates before submitting your order. We will embroider the text exactly as provided

Perfect gift for 
- Bride- to- be
- Future Mrs
- Bridal shower Gifts
- Engagement Gifts
- Bachelorette Party outfit
- Honeymoon Outfit
- Wedding morning outfit
- Bridal Getting- ready Photos
 
Processing time
 Our standard processing time is 3-5 days
Processing time begins after we receive all personalization details. Orders with missing information may be delayed until the required details are provided
During busy wedding season or holidays, processing times may vary slightly, but we always do our best to complete and ship orders as quickly as possible

Shipping times
Standard shipping usually takes approximately 5-9 business days after the order has been processed and shipped.
Please note that shipping times are estimated  and may vary depending on the carrier, destination, weather, holidays, or other delays outside of our control
Once your order has been shipped , tracking information will be provided when available

Rush Shipping Option
Need your order sooner? 
We offer a Rush shipping option, which usually arrives in approximately 3-5 business days after processing.
Please select the rush option shipping  at checkout or message us before ordering if you have a specific deadline
Rush Shipping Speeds up the delivery method, but please remember that each handkerchief is still custom embroidered and requires production time

Important Notes
- Colors may appear slightly different depending on your screen or monitor settings
- Placement and sizing of embroidery may vary slightly depending on the wording and font selected
- Personalized item are handmade, so slight variations may occur.

Return & Exchange Policy
Because this is personalized custom item, we do not accept  returns, exchanges or cancellation once production has started 
However customer satisfaction is very important to us. If there is an issue with your order, please contact us as soon as possible so we can help
We are not responsible for errors submitted in the personalization box, including spelling mistakes, incorrect dates, missing words, or wrong names. 
Please review your personalization carefully before placing order 
If we make an error on your order, please message us with photos of the item and packaging, and we will be happy to assist.

Lost, Delayed Or Return Packages
Once an order has been shipped, delivery is handled by the shipping carrier
We are not responsible for carrier delays, lost packages, incorrect address, or packages marked as delivered by the carrier
Please make sure your shipping address is correct before placing your order
If a package is returned to us due to an incorrect or incomplete address, the buyer is  responsible for any addition shipping cost to resend the item

Care Instructions
Machine Wash gently with cold water
Lay flat or tumbler dry low
Iron if needed
Do not bleach

Thank you so much for supporting our handmade shop. We are honored to create a meaningful keepsake for your special day.",35.32,USD,998,"dachshund_shirt,fall_dog_shirt,comfort_colors_tee,weenie_dog_gift,dog_mom_fall_tee,embroidered_dog,autumn_dog_shirt,dachshund_mom_gift,pumpkin_patch_tee,fall_leaves_shirt,cute_dog_tshirt,sausage_dog_top,dog_lover_gift",Cotton,https://i.etsystatic.com/66439541/r/il/49b113/8265429855/il_fullxfull.8265429855_17xz.jpg,https://i.etsystatic.com/66439541/r/il/c41e1d/8217490196/il_fullxfull.8217490196_i12s.jpg,https://i.etsystatic.com/66439541/r/il/65d888/8265417069/il_fullxfull.8265417069_l15c.jpg,https://i.etsystatic.com/66439541/r/il/3fbefa/8130478566/il_fullxfull.8130478566_amwj.jpg,https://i.etsystatic.com/66439541/r/il/28abb2/8198189967/il_fullxfull.8198189967_rn9e.jpg,https://i.etsystatic.com/66439541/r/il/7fabf3/8217449210/il_fullxfull.8217449210_8hx0.jpg,https://i.etsystatic.com/66439541/r/il/1d6569/8207360470/il_fullxfull.8207360470_3l6p.jpg,https://i.etsystatic.com/66439541/r/il/3d65ee/8207360468/il_fullxfull.8207360468_17ug.jpg,https://i.etsystatic.com/66439541/r/il/2aa2a3/8150339970/il_fullxfull.8150339970_7bcg.jpg,https://i.etsystatic.com/66439541/r/il/398d71/8150339866/il_fullxfull.8150339866_fj16.jpg,"Custom Property","Your choice","Gildan Sweatshirt,Tshirt Comfort Color,Gildan Hoodie,Quarter Zip,Croptop,Spaghetti Stap Tank,Rib-Racer Tank","Women's clothing size",Size,"XS,S,M,L,XL,2X,3X",TUL-010
"Embroidered Black Cats Autumn Leaves Sweatshirt, Cozy Fall Comfort Colors Tee","Celebrate cozy autumn days with this black cat fall embroidered Comfort Colors T-shirt, featuring three adorable black cats surrounded by colorful falling leaves. This cute seasonal tee is perfect for Halloween outfits, pumpkin patch visits, fall festivals, cat lover gifts, and everyday cozy-season style. 🐈‍⬛🍂

• Adorable black cat embroidery: Three sweet black cats with golden eyes are stitched across the front, creating a playful fall design for cat moms, Halloween fans, and animal lovers.

• Beautiful autumn leaf details: Colorful embroidered leaves in warm orange, yellow, green, and red tones add a cheerful seasonal touch inspired by crisp fall days and cozy outdoor moments.

• Perfect for fall outfits: Pair this Comfort Colors T-shirt with jeans, leggings, skirts, boots, flannels, cardigans, or denim jackets for an easy autumn look. 🎃

• Great for seasonal activities: Wear it to pumpkin patches, Halloween parties, fall festivals, farmers markets, coffee dates, bonfires, classroom events, or casual weekends.

• Thoughtful cat lover gift: A charming present for cat moms, black cat owners, Halloween lovers, sisters, daughters, girlfriends, teachers, moms, or best friends. 🎁

• Cozy spooky-season style: The cute black cat design gives a festive Halloween feeling while still being simple enough to wear throughout the entire fall season.

• Detailed embroidered finish: The stitched artwork adds texture, color, and lasting character, making this shirt feel more special than a standard printed graphic tee.
 How to personalize
Please enter the following information in the personalization box
1. Font Selection number
2. Exact words to be embroidered
3. Thread color
4. Optional symbol request, if applicable
Please double- check all spelling, punctuation, names, and dates before submitting your order. We will embroider the text exactly as provided

Perfect gift for 
- Bride- to- be
- Future Mrs
- Bridal shower Gifts
- Engagement Gifts
- Bachelorette Party outfit
- Honeymoon Outfit
- Wedding morning outfit
- Bridal Getting- ready Photos
 
Processing time
 Our standard processing time is 3-5 days
Processing time begins after we receive all personalization details. Orders with missing information may be delayed until the required details are provided
During busy wedding season or holidays, processing times may vary slightly, but we always do our best to complete and ship orders as quickly as possible

Shipping times
Standard shipping usually takes approximately 5-9 business days after the order has been processed and shipped.
Please note that shipping times are estimated  and may vary depending on the carrier, destination, weather, holidays, or other delays outside of our control
Once your order has been shipped , tracking information will be provided when available

Rush Shipping Option
Need your order sooner? 
We offer a Rush shipping option, which usually arrives in approximately 3-5 business days after processing.
Please select the rush option shipping  at checkout or message us before ordering if you have a specific deadline
Rush Shipping Speeds up the delivery method, but please remember that each handkerchief is still custom embroidered and requires production time

Important Notes
- Colors may appear slightly different depending on your screen or monitor settings
- Placement and sizing of embroidery may vary slightly depending on the wording and font selected
- Personalized item are handmade, so slight variations may occur.

Return & Exchange Policy
Because this is personalized custom item, we do not accept  returns, exchanges or cancellation once production has started 
However customer satisfaction is very important to us. If there is an issue with your order, please contact us as soon as possible so we can help
We are not responsible for errors submitted in the personalization box, including spelling mistakes, incorrect dates, missing words, or wrong names. 
Please review your personalization carefully before placing order 
If we make an error on your order, please message us with photos of the item and packaging, and we will be happy to assist.

Lost, Delayed Or Return Packages
Once an order has been shipped, delivery is handled by the shipping carrier
We are not responsible for carrier delays, lost packages, incorrect address, or packages marked as delivered by the carrier
Please make sure your shipping address is correct before placing your order
If a package is returned to us due to an incorrect or incomplete address, the buyer is  responsible for any addition shipping cost to resend the item

Care Instructions
Machine Wash gently with cold water
Lay flat or tumbler dry low
Iron if needed
Do not bleach

Thank you so much for supporting our handmade shop. We are honored to create a meaningful keepsake for your special day.",35.32,USD,998,"black_cat_shirt,fall_cat_tshirt,comfort_colors,embroidered_cat,autumn_leaves_tee,halloween_cat_top,cat_lover_gift,cozy_fall_shirt,black_cat_gift,pumpkin_patch_top,spooky_season_tee,fall_outfit_women,witchy_cat_shir","Cotton,Polyester",https://i.etsystatic.com/66439541/r/il/179b76/8265390585/il_fullxfull.8265390585_62wd.jpg,https://i.etsystatic.com/66439541/r/il/f758be/8265390587/il_fullxfull.8265390587_eoq4.jpg,https://i.etsystatic.com/66439541/r/il/9c8fc3/8217463192/il_fullxfull.8217463192_8dnm.jpg,https://i.etsystatic.com/66439541/r/il/3fbefa/8130478566/il_fullxfull.8130478566_amwj.jpg,https://i.etsystatic.com/66439541/r/il/28abb2/8198189967/il_fullxfull.8198189967_rn9e.jpg,https://i.etsystatic.com/66439541/r/il/7fabf3/8217449210/il_fullxfull.8217449210_8hx0.jpg,https://i.etsystatic.com/66439541/r/il/1d6569/8207360470/il_fullxfull.8207360470_3l6p.jpg,https://i.etsystatic.com/66439541/r/il/3d65ee/8207360468/il_fullxfull.8207360468_17ug.jpg,https://i.etsystatic.com/66439541/r/il/2aa2a3/8150339970/il_fullxfull.8150339970_7bcg.jpg,https://i.etsystatic.com/66439541/r/il/398d71/8150339866/il_fullxfull.8150339866_fj16.jpg,"Custom Property","Your choice","Gildan Sweatshirt,Tshirt Comfort Color,Gildan Hoodie,Quarter Zip,Croptop,Spaghetti Stap Tank,Rib-Racer Tank","Women's clothing size",Size,"XS,S,M,L,XL,2X,3X",TUL-010
"Embroidered Crewneck Sweatshirt, ""I Could Be Meaner But Jesus Said No"" Christian Apparel","Share your faith with a little humor in this embroidered “I Could Be Meaner, but Jesus Said No” sweatshirt. Featuring elegant script lettering and a minimalist cross, this Christian crewneck makes a fun everyday layer and a thoughtful religious gift for women. ✝️🤍

• Funny Christian message: The playful phrase combines faith and personality, making this sweatshirt perfect for anyone who loves lighthearted Christian humor with a meaningful message.

• Elegant embroidered design: Black script lettering and a simple cross create a clean, timeless look that stands out beautifully against the neutral sweatshirt color.

• Thoughtful faith-based gift: A memorable present for a Christian friend, girlfriend, wife, sister, daughter, mom, church member, Bible study partner, or youth group leader. 🎁

• Perfect for everyday wear: Style this cozy crewneck with jeans, leggings, skirts, sneakers, or boots for church activities, coffee dates, errands, Bible study, and relaxed weekends.

• Great for special occasions: A meaningful choice for birthdays, Christmas, Easter, baptisms, confirmations, church retreats, religious celebrations, or encouragement gifts.
 How to personalize
Please enter the following information in the personalization box
1. Font Selection number
2. Exact words to be embroidered
3. Thread color
4. Optional symbol request, if applicable
Please double- check all spelling, punctuation, names, and dates before submitting your order. We will embroider the text exactly as provided

Perfect gift for 
- Bride- to- be
- Future Mrs
- Bridal shower Gifts
- Engagement Gifts
- Bachelorette Party outfit
- Honeymoon Outfit
- Wedding morning outfit
- Bridal Getting- ready Photos
 
Processing time
 Our standard processing time is 3-5 days
Processing time begins after we receive all personalization details. Orders with missing information may be delayed until the required details are provided
During busy wedding season or holidays, processing times may vary slightly, but we always do our best to complete and ship orders as quickly as possible

Shipping times
Standard shipping usually takes approximately 5-9 business days after the order has been processed and shipped.
Please note that shipping times are estimated  and may vary depending on the carrier, destination, weather, holidays, or other delays outside of our control
Once your order has been shipped , tracking information will be provided when available

Rush Shipping Option
Need your order sooner? 
We offer a Rush shipping option, which usually arrives in approximately 3-5 business days after processing.
Please select the rush option shipping  at checkout or message us before ordering if you have a specific deadline
Rush Shipping Speeds up the delivery method, but please remember that each handkerchief is still custom embroidered and requires production time

Important Notes
- Colors may appear slightly different depending on your screen or monitor settings
- Placement and sizing of embroidery may vary slightly depending on the wording and font selected
- Personalized item are handmade, so slight variations may occur.

Return & Exchange Policy
Because this is personalized custom item, we do not accept  returns, exchanges or cancellation once production has started 
However customer satisfaction is very important to us. If there is an issue with your order, please contact us as soon as possible so we can help
We are not responsible for errors submitted in the personalization box, including spelling mistakes, incorrect dates, missing words, or wrong names. 
Please review your personalization carefully before placing order 
If we make an error on your order, please message us with photos of the item and packaging, and we will be happy to assist.

Lost, Delayed Or Return Packages
Once an order has been shipped, delivery is handled by the shipping carrier
We are not responsible for carrier delays, lost packages, incorrect address, or packages marked as delivered by the carrier
Please make sure your shipping address is correct before placing your order
If a package is returned to us due to an incorrect or incomplete address, the buyer is  responsible for any addition shipping cost to resend the item

Care Instructions
Machine Wash gently with cold water
Lay flat or tumbler dry low
Iron if needed
Do not bleach

Thank you so much for supporting our handmade shop. We are honored to create a meaningful keepsake for your special day.",35.32,USD,998,"i_could_be_meaner,christian_sweatshirt,jesus_said_no_shirt,funny_faith_gift,religious_crewneck,embroidered_pullover,comfort_colors_top,christian_humor_gift,faith_based_apparel,gift_for_christian,jesus_lover_sweater,womens_faith_shirt,church_girl_sweater","Cotton,Polyester",https://i.etsystatic.com/66439541/r/il/0647f5/8207404578/il_fullxfull.8207404578_5vkm.jpg,https://i.etsystatic.com/66439541/r/il/ba4b68/8207404552/il_fullxfull.8207404552_8yi0.jpg,https://i.etsystatic.com/66439541/r/il/4de362/8255327571/il_fullxfull.8255327571_teq2.jpg,https://i.etsystatic.com/66439541/r/il/f9c634/8207404490/il_fullxfull.8207404490_795t.jpg,https://i.etsystatic.com/66439541/r/il/3fbefa/8130478566/il_fullxfull.8130478566_amwj.jpg,https://i.etsystatic.com/66439541/r/il/28abb2/8198189967/il_fullxfull.8198189967_rn9e.jpg,https://i.etsystatic.com/66439541/r/il/957d54/8255283127/il_fullxfull.8255283127_kukh.jpg,https://i.etsystatic.com/66439541/r/il/1d6569/8207360470/il_fullxfull.8207360470_3l6p.jpg,https://i.etsystatic.com/66439541/r/il/3d65ee/8207360468/il_fullxfull.8207360468_17ug.jpg,https://i.etsystatic.com/66439541/r/il/2aa2a3/8150339970/il_fullxfull.8150339970_7bcg.jpg,"Custom Property","Your choice","Gildan Sweatshirt,Tshirt Comfort Color,Gildan Hoodie,Quarter Zip,Croptop,Spaghetti Stap Tank,Rib-Racer Tank","Women's clothing size",Size,"XS,S,M,L,XL,2X,3X",TUL-010
"Personalized Embroidered Teacher Sweatshirt, Custom Name Classroom Crewneck","Celebrate a dedicated educator with this personalized teacher sweatshirt featuring bold, colorful “TEACHER” embroidery and a custom script name across the front. This cheerful classroom crewneck makes a thoughtful Teacher Appreciation, back-to-school, birthday, Christmas, or end-of-year gift. 🍎✏️

• Personalized teacher name: Add the recipient’s preferred title and name, such as Mrs. Harper, Ms. Carter, Miss Emily, or another short custom wording for a meaningful one-of-a-kind sweatshirt.

• Colorful classroom design: Bright multicolor varsity-style letters create a playful and uplifting look, while the elegant script name adds a polished personalized detail. 🌈

• Thoughtful educator gift: A memorable present for teachers, teaching assistants, tutors, school counselors, librarians, principals, preschool educators, or student teachers.

• Perfect for special occasions: Ideal for Teacher Appreciation Week, back-to-school celebrations, birthdays, Christmas, graduation, the first day of school, or end-of-year thank-you gifts. 🎁

• Easy classroom styling: Pair this embroidered crewneck with jeans, leggings, trousers, sneakers, or layered outfits for teaching days, school events, field trips, and relaxed weekends.

• Personalization instructions: Please enter the exact title and name you would like embroidered, along with your preferred sweatshirt color, size, and available thread options.

• Please review carefully: Check all spelling, capitalization, and punctuation before placing your order, as the embroidery will follow the personalization details provided.
 How to personalize
Please enter the following information in the personalization box
1. Font Selection number
2. Exact words to be embroidered
3. Thread color
4. Optional symbol request, if applicable
Please double- check all spelling, punctuation, names, and dates before submitting your order. We will embroider the text exactly as provided

Perfect gift for 
- Bride- to- be
- Future Mrs
- Bridal shower Gifts
- Engagement Gifts
- Bachelorette Party outfit
- Honeymoon Outfit
- Wedding morning outfit
- Bridal Getting- ready Photos
 
Processing time
 Our standard processing time is 3-5 days
Processing time begins after we receive all personalization details. Orders with missing information may be delayed until the required details are provided
During busy wedding season or holidays, processing times may vary slightly, but we always do our best to complete and ship orders as quickly as possible

Shipping times
Standard shipping usually takes approximately 5-9 business days after the order has been processed and shipped.
Please note that shipping times are estimated  and may vary depending on the carrier, destination, weather, holidays, or other delays outside of our control
Once your order has been shipped , tracking information will be provided when available

Rush Shipping Option
Need your order sooner? 
We offer a Rush shipping option, which usually arrives in approximately 3-5 business days after processing.
Please select the rush option shipping  at checkout or message us before ordering if you have a specific deadline
Rush Shipping Speeds up the delivery method, but please remember that each handkerchief is still custom embroidered and requires production time

Important Notes
- Colors may appear slightly different depending on your screen or monitor settings
- Placement and sizing of embroidery may vary slightly depending on the wording and font selected
- Personalized item are handmade, so slight variations may occur.

Return & Exchange Policy
Because this is personalized custom item, we do not accept  returns, exchanges or cancellation once production has started 
However customer satisfaction is very important to us. If there is an issue with your order, please contact us as soon as possible so we can help
We are not responsible for errors submitted in the personalization box, including spelling mistakes, incorrect dates, missing words, or wrong names. 
Please review your personalization carefully before placing order 
If we make an error on your order, please message us with photos of the item and packaging, and we will be happy to assist.

Lost, Delayed Or Return Packages
Once an order has been shipped, delivery is handled by the shipping carrier
We are not responsible for carrier delays, lost packages, incorrect address, or packages marked as delivered by the carrier
Please make sure your shipping address is correct before placing your order
If a package is returned to us due to an incorrect or incomplete address, the buyer is  responsible for any addition shipping cost to resend the item

Care Instructions
Machine Wash gently with cold water
Lay flat or tumbler dry low
Iron if needed
Do not bleach

Thank you so much for supporting our handmade shop. We are honored to create a meaningful keepsake for your special day.",35.32,USD,999,"personalized_teacher,teacher_sweatshirt,custom_name_sweater,embroidered_teacher,teacher_appreciation,back_to_school_gift,classroom_crewneck,colorful_teacher_top,educator_gift_idea,custom_teacher_name,school_staff_gift,teacher_birthday,teacher_christmas","Cotton,Polyester",https://i.etsystatic.com/66439541/r/il/98e76b/8255612359/il_fullxfull.8255612359_qsdo.jpg,https://i.etsystatic.com/66439541/r/il/9bd832/8255612223/il_fullxfull.8255612223_aqlk.jpg,https://i.etsystatic.com/66439541/r/il/72a396/8255612365/il_fullxfull.8255612365_ljgg.jpg,https://i.etsystatic.com/66439541/r/il/a96ce0/8255612251/il_fullxfull.8255612251_l39y.jpg,https://i.etsystatic.com/66439541/r/il/28abb2/8198189967/il_fullxfull.8198189967_rn9e.jpg,https://i.etsystatic.com/66439541/r/il/957d54/8255283127/il_fullxfull.8255283127_kukh.jpg,https://i.etsystatic.com/66439541/r/il/1d6569/8207360470/il_fullxfull.8207360470_3l6p.jpg,https://i.etsystatic.com/66439541/r/il/3d65ee/8207360468/il_fullxfull.8207360468_17ug.jpg,https://i.etsystatic.com/66439541/r/il/2aa2a3/8150339970/il_fullxfull.8150339970_7bcg.jpg,https://i.etsystatic.com/66439541/r/il/398d71/8150339866/il_fullxfull.8150339866_fj16.jpg,"Custom Property","Your choice","Gildan Sweatshirt,Tshirt Comfort Color,Gildan Hoodie,Quarter Zip,Croptop,Spaghetti Stap Tank,Rib-Racer Tank","Women's clothing size",Size,"XS,S,M,L,XL,2X,3X",TUL-010
"Custom Embroidered Dog Portrait Sweatshirt, Pet Line Art Crewneck, Personalized Name Shirt","Turn a favorite pet photo into a custom embroidered dog portrait sweatshirt featuring elegant line art, floral accents, and an optional personalized name. This meaningful pet lover crewneck makes a thoughtful Golden Retriever dad gift, Father’s Day present for a husband, birthday surprise, or lasting pet memorial keepsake. 🐾🌼

• Created from your pet’s photo: Submit a clear, well-lit image of your dog, and the most recognizable facial details will be transformed into a custom line-art style embroidery designed to celebrate their unique personality.

• Optional personalized name: Add your dog’s name, nickname, adoption date, memorial date, or a short meaningful phrase beneath the portrait for an extra-special finishing touch.

• Thoughtful gift for dog dads: A heartfelt choice for a husband, boyfriend, father, grandpa, pet parent, Golden Retriever owner, or anyone whose dog is an important member of the family. 🎁

• Perfect for many occasions: Give this personalized dog sweatshirt for Father’s Day, birthdays, Christmas, anniversaries, adoption celebrations, pet memorials, or as a surprise gift from the family dog.

• Elegant embroidered artwork: The stitched pet portrait, handwritten-style name, and delicate botanical details create a timeless design that feels personal while remaining easy to style.

• Photo recommendations: For the best result, choose a sharp front-facing or slightly angled photo with good natural lighting, visible facial features, and minimal blur or heavy shadows. 📷

• Personalization instructions: Please provide the pet’s name or requested wording and submit the selected photo when ordering. Double-check spelling, capitalization, and all custom details carefully.

• Comfortable everyday keepsake: Pair this embroidered crewneck with jeans, leggings, or casual layers for dog walks, family gatherings, travel days, and relaxed weekends.
 How to personalize
Please enter the following information in the personalization box
1. Font Selection number
2. Exact words to be embroidered
3. Thread color
4. Optional symbol request, if applicable
Please double- check all spelling, punctuation, names, and dates before submitting your order. We will embroider the text exactly as provided

Perfect gift for 
- Bride- to- be
- Future Mrs
- Bridal shower Gifts
- Engagement Gifts
- Bachelorette Party outfit
- Honeymoon Outfit
- Wedding morning outfit
- Bridal Getting- ready Photos
 
Processing time
 Our standard processing time is 3-5 days
Processing time begins after we receive all personalization details. Orders with missing information may be delayed until the required details are provided
During busy wedding season or holidays, processing times may vary slightly, but we always do our best to complete and ship orders as quickly as possible

Shipping times
Standard shipping usually takes approximately 5-9 business days after the order has been processed and shipped.
Please note that shipping times are estimated  and may vary depending on the carrier, destination, weather, holidays, or other delays outside of our control
Once your order has been shipped , tracking information will be provided when available

Rush Shipping Option
Need your order sooner? 
We offer a Rush shipping option, which usually arrives in approximately 3-5 business days after processing.
Please select the rush option shipping  at checkout or message us before ordering if you have a specific deadline
Rush Shipping Speeds up the delivery method, but please remember that each handkerchief is still custom embroidered and requires production time

Important Notes
- Colors may appear slightly different depending on your screen or monitor settings
- Placement and sizing of embroidery may vary slightly depending on the wording and font selected
- Personalized item are handmade, so slight variations may occur.

Return & Exchange Policy
Because this is personalized custom item, we do not accept  returns, exchanges or cancellation once production has started 
However customer satisfaction is very important to us. If there is an issue with your order, please contact us as soon as possible so we can help
We are not responsible for errors submitted in the personalization box, including spelling mistakes, incorrect dates, missing words, or wrong names. 
Please review your personalization carefully before placing order 
If we make an error on your order, please message us with photos of the item and packaging, and we will be happy to assist.

Lost, Delayed Or Return Packages
Once an order has been shipped, delivery is handled by the shipping carrier
We are not responsible for carrier delays, lost packages, incorrect address, or packages marked as delivered by the carrier
Please make sure your shipping address is correct before placing your order
If a package is returned to us due to an incorrect or incomplete address, the buyer is  responsible for any addition shipping cost to resend the item

Care Instructions
Machine Wash gently with cold water
Lay flat or tumbler dry low
Iron if needed
Do not bleach

Thank you so much for supporting our handmade shop. We are honored to create a meaningful keepsake for your special day.",35.32,USD,999,"custom_dog_portrait,dog_photo_sweatshirt,embroidered_pet_art,personalized_dog,golden_retriever,dog_dad_gift_idea,fathers_day_dog,pet_memorial_gift,custom_name_shirt,line_art_dog_tee,husband_dog_gift,pet_lover_crewneck,dog_portrait_shirt","Cotton,Polyester",https://i.etsystatic.com/66439541/r/il/76e917/8255607781/il_fullxfull.8255607781_3ylt.jpg,https://i.etsystatic.com/66439541/r/il/d39562/8255607765/il_fullxfull.8255607765_c29c.jpg,https://i.etsystatic.com/66439541/r/il/1c5e6a/8207476466/il_fullxfull.8207476466_jdb0.jpg,https://i.etsystatic.com/66439541/r/il/f00ad6/8255398411/il_fullxfull.8255398411_1izp.jpg,https://i.etsystatic.com/66439541/r/il/452dfa/8255397395/il_fullxfull.8255397395_k8x9.jpg,https://i.etsystatic.com/66439541/r/il/a3aa6b/8255398417/il_fullxfull.8255398417_sfio.jpg,https://i.etsystatic.com/66439541/r/il/de34a1/8207474294/il_fullxfull.8207474294_dmff.jpg,https://i.etsystatic.com/66439541/r/il/2cff1d/8255397237/il_fullxfull.8255397237_pxz0.jpg,https://i.etsystatic.com/66439541/r/il/ba6892/8207436454/il_fullxfull.8207436454_hjjw.jpg,https://i.etsystatic.com/66439541/r/il/28abb2/8198189967/il_fullxfull.8198189967_rn9e.jpg,"Custom Property","Your choice","Gildan Sweatshirt,Tshirt Comfort Color,Gildan Hoodie,Quarter Zip,Croptop,Spaghetti Stap Tank,Rib-Racer Tank","Women's clothing size",Size,"XS,S,M,L,XL,2X,3X",TUL-010
"Embroidered Pumpkin T Shirt, Neutral Halloween Fall Tee, Cozy Autumn Comfort Colors","How to personalize
Please enter the following information in the personalization box
1. Font Selection number
2. Exact words to be embroidered
3. Thread color
4. Optional symbol request, if applicable
Please double- check all spelling, punctuation, names, and dates before submitting your order. We will embroider the text exactly as provided

Perfect gift for 
- Bride- to- be
- Future Mrs
- Bridal shower Gifts
- Engagement Gifts
- Bachelorette Party outfit
- Honeymoon Outfit
- Wedding morning outfit
- Bridal Getting- ready Photos
 
Processing time
 Our standard processing time is 3-5 days
Processing time begins after we receive all personalization details. Orders with missing information may be delayed until the required details are provided
During busy wedding season or holidays, processing times may vary slightly, but we always do our best to complete and ship orders as quickly as possible

Shipping times
Standard shipping usually takes approximately 5-9 business days after the order has been processed and shipped.
Please note that shipping times are estimated  and may vary depending on the carrier, destination, weather, holidays, or other delays outside of our control
Once your order has been shipped , tracking information will be provided when available

Rush Shipping Option
Need your order sooner? 
We offer a Rush shipping option, which usually arrives in approximately 3-5 business days after processing.
Please select the rush option shipping  at checkout or message us before ordering if you have a specific deadline
Rush Shipping Speeds up the delivery method, but please remember that each handkerchief is still custom embroidered and requires production time

Important Notes
- Colors may appear slightly different depending on your screen or monitor settings
- Placement and sizing of embroidery may vary slightly depending on the wording and font selected
- Personalized item are handmade, so slight variations may occur.

Return & Exchange Policy
Because this is personalized custom item, we do not accept  returns, exchanges or cancellation once production has started 
However customer satisfaction is very important to us. If there is an issue with your order, please contact us as soon as possible so we can help
We are not responsible for errors submitted in the personalization box, including spelling mistakes, incorrect dates, missing words, or wrong names. 
Please review your personalization carefully before placing order 
If we make an error on your order, please message us with photos of the item and packaging, and we will be happy to assist.

Lost, Delayed Or Return Packages
Once an order has been shipped, delivery is handled by the shipping carrier
We are not responsible for carrier delays, lost packages, incorrect address, or packages marked as delivered by the carrier
Please make sure your shipping address is correct before placing your order
If a package is returned to us due to an incorrect or incomplete address, the buyer is  responsible for any addition shipping cost to resend the item

Care Instructions
Machine Wash gently with cold water
Lay flat or tumbler dry low
Iron if needed
Do not bleach

Thank you so much for supporting our handmade shop. We are honored to create a meaningful keepsake for your special day.",35.32,USD,999,"minimalist_pumpkin,pumpkin_tshirt,comfort_colors_tee,embroidered_pumpkin,neutral_halloween,jack_o_lantern_tee,fall_comfort_shirt,cozy_autumn_gift,spooky_season_tee,halloween_outfit,minimalist_fall_tee,pumpkin_lover_gift,autumn_embroidered","Cotton,Polyester",https://i.etsystatic.com/66439541/r/il/1b2c34/8207675798/il_fullxfull.8207675798_aeia.jpg,https://i.etsystatic.com/66439541/r/il/1c1854/8207675762/il_fullxfull.8207675762_lqk1.jpg,https://i.etsystatic.com/66439541/r/il/3fbefa/8130478566/il_fullxfull.8130478566_amwj.jpg,https://i.etsystatic.com/66439541/r/il/28abb2/8198189967/il_fullxfull.8198189967_rn9e.jpg,https://i.etsystatic.com/66439541/r/il/957d54/8255283127/il_fullxfull.8255283127_kukh.jpg,https://i.etsystatic.com/66439541/r/il/1d6569/8207360470/il_fullxfull.8207360470_3l6p.jpg,https://i.etsystatic.com/66439541/r/il/3d65ee/8207360468/il_fullxfull.8207360468_17ug.jpg,https://i.etsystatic.com/66439541/r/il/2aa2a3/8150339970/il_fullxfull.8150339970_7bcg.jpg,https://i.etsystatic.com/66439541/r/il/398d71/8150339866/il_fullxfull.8150339866_fj16.jpg,https://i.etsystatic.com/66439541/r/il/45b881/8198254531/il_fullxfull.8198254531_1qw9.jpg,"Custom Property","Your choice","Gildan Sweatshirt,Tshirt Comfort Color,Gildan Hoodie,Quarter Zip,Croptop,Spaghetti Stap Tank,Rib-Racer Tank","Women's clothing size",Size,"XS,S,M,L,XL,2X,3X",TUL-010
"Embroidered Strawberry Daisy Comfort Colors Shirt, Cottagecore Garden Tee","Add a sweet botanical touch to your everyday wardrobe with this strawberry embroidered Comfort Colors shirt. Featuring four bright red berries with leafy green tops, this cheerful fruit tee is perfect for cottagecore outfits, farmers market visits, garden lovers, and relaxed spring and summer styling. 🍓🌿

• Charming strawberry embroidery: Four colorful strawberries create a simple, cheerful design inspired by sunny gardens, berry-picking days, and fresh seasonal fruit.

• Relaxed everyday style: Pair this embroidered shirt with jeans, denim shorts, skirts, sneakers, sandals, or lightweight layers for an easy casual outfit.

• Perfect for warm-weather activities: Wear it to farmers markets, picnics, garden parties, cafés, vacations, festivals, fruit-picking trips, and laid-back weekends. ☀️

• Cottagecore-inspired look: The miniature berry motif complements botanical, garden, farmhouse, foodie, preppy, and nature-inspired wardrobes.

• Thoughtful gift for her: A cheerful present for strawberry lovers, gardeners, farmers market fans, foodies, sisters, daughters, girlfriends, teachers, or best friends. 🎁

• Detailed embroidered finish: The stitched strawberries add texture, color, and lasting character, creating a distinctive alternative to an ordinary printed fruit shirt.
How to personalize
Please enter the following information in the personalization box
1. Font Selection number
2. Exact words to be embroidered
3. Thread color
4. Optional symbol request, if applicable
Please double- check all spelling, punctuation, names, and dates before submitting your order. We will embroider the text exactly as provided

Perfect gift for 
- Bride- to- be
- Future Mrs
- Bridal shower Gifts
- Engagement Gifts
- Bachelorette Party outfit
- Honeymoon Outfit
- Wedding morning outfit
- Bridal Getting- ready Photos
 
Processing time
 Our standard processing time is 3-5 days
Processing time begins after we receive all personalization details. Orders with missing information may be delayed until the required details are provided
During busy wedding season or holidays, processing times may vary slightly, but we always do our best to complete and ship orders as quickly as possible

Shipping times
Standard shipping usually takes approximately 5-9 business days after the order has been processed and shipped.
Please note that shipping times are estimated  and may vary depending on the carrier, destination, weather, holidays, or other delays outside of our control
Once your order has been shipped , tracking information will be provided when available

Rush Shipping Option
Need your order sooner? 
We offer a Rush shipping option, which usually arrives in approximately 3-5 business days after processing.
Please select the rush option shipping  at checkout or message us before ordering if you have a specific deadline
Rush Shipping Speeds up the delivery method, but please remember that each handkerchief is still custom embroidered and requires production time

Important Notes
- Colors may appear slightly different depending on your screen or monitor settings
- Placement and sizing of embroidery may vary slightly depending on the wording and font selected
- Personalized item are handmade, so slight variations may occur.

Return & Exchange Policy
Because this is personalized custom item, we do not accept  returns, exchanges or cancellation once production has started 
However customer satisfaction is very important to us. If there is an issue with your order, please contact us as soon as possible so we can help
We are not responsible for errors submitted in the personalization box, including spelling mistakes, incorrect dates, missing words, or wrong names. 
Please review your personalization carefully before placing order 
If we make an error on your order, please message us with photos of the item and packaging, and we will be happy to assist.

Lost, Delayed Or Return Packages
Once an order has been shipped, delivery is handled by the shipping carrier
We are not responsible for carrier delays, lost packages, incorrect address, or packages marked as delivered by the carrier
Please make sure your shipping address is correct before placing your order
If a package is returned to us due to an incorrect or incomplete address, the buyer is  responsible for any addition shipping cost to resend the item

Care Instructions
Machine Wash gently with cold water
Lay flat or tumbler dry low
Iron if needed
Do not bleach

Thank you so much for supporting our handmade shop. We are honored to create a meaningful keepsake for your special day.",35.32,USD,999,"strawberry_shirt,embroidered_fruit,comfort_colors_tee,cottagecore_top,summer_fruit_shirt,garden_lover_gift,cute_berry_top,womens_casual_tee,botanical_clothing,foodie_gift_for_her,strawberry_lover,embroidered_tshirt,trendy_comfort","Cotton,Polyester",https://i.etsystatic.com/66439541/r/il/a7a7f7/8207672810/il_fullxfull.8207672810_15w8.jpg,https://i.etsystatic.com/66439541/r/il/2da9f3/8255595463/il_fullxfull.8255595463_qx6h.jpg,https://i.etsystatic.com/66439541/r/il/e5a0cc/8255595479/il_fullxfull.8255595479_7st5.jpg,https://i.etsystatic.com/66439541/r/il/3fbefa/8130478566/il_fullxfull.8130478566_amwj.jpg,https://i.etsystatic.com/66439541/r/il/28abb2/8198189967/il_fullxfull.8198189967_rn9e.jpg,https://i.etsystatic.com/66439541/r/il/957d54/8255283127/il_fullxfull.8255283127_kukh.jpg,https://i.etsystatic.com/66439541/r/il/1d6569/8207360470/il_fullxfull.8207360470_3l6p.jpg,https://i.etsystatic.com/66439541/r/il/3d65ee/8207360468/il_fullxfull.8207360468_17ug.jpg,https://i.etsystatic.com/66439541/r/il/2aa2a3/8150339970/il_fullxfull.8150339970_7bcg.jpg,https://i.etsystatic.com/66439541/r/il/398d71/8150339866/il_fullxfull.8150339866_fj16.jpg,"Custom Property","Your choice","Gildan Sweatshirt,Tshirt Comfort Color,Gildan Hoodie,Quarter Zip,Croptop,Spaghetti Stap Tank,Rib-Racer Tank","Women's clothing size",Size,"XS,S,M,L,XL,2X,3X",TUL-010
"Embroidered Strawberry Comfort Colors Shirt, Cottagecore Fruit Tee, Garden Lover Casual Top","Add a sweet botanical touch to your everyday wardrobe with this strawberry embroidered Comfort Colors shirt. Featuring four bright red berries with leafy green tops, this cheerful fruit tee is perfect for cottagecore outfits, farmers market visits, garden lovers, and relaxed spring and summer styling. 🍓🌿

• Charming strawberry embroidery: Four colorful strawberries create a simple, cheerful design inspired by sunny gardens, berry-picking days, and fresh seasonal fruit.

• Relaxed everyday style: Pair this embroidered shirt with jeans, denim shorts, skirts, sneakers, sandals, or lightweight layers for an easy casual outfit.

• Perfect for warm-weather activities: Wear it to farmers markets, picnics, garden parties, cafés, vacations, festivals, fruit-picking trips, and laid-back weekends. ☀️

• Cottagecore-inspired look: The miniature berry motif complements botanical, garden, farmhouse, foodie, preppy, and nature-inspired wardrobes.

• Thoughtful gift for her: A cheerful present for strawberry lovers, gardeners, farmers market fans, foodies, sisters, daughters, girlfriends, teachers, or best friends. 🎁

• Detailed embroidered finish: The stitched strawberries add texture, color, and lasting character, creating a distinctive alternative to an ordinary printed fruit shirt.
How to personalize
Please enter the following information in the personalization box
1. Font Selection number
2. Exact words to be embroidered
3. Thread color
4. Optional symbol request, if applicable
Please double- check all spelling, punctuation, names, and dates before submitting your order. We will embroider the text exactly as provided

Perfect gift for 
- Bride- to- be
- Future Mrs
- Bridal shower Gifts
- Engagement Gifts
- Bachelorette Party outfit
- Honeymoon Outfit
- Wedding morning outfit
- Bridal Getting- ready Photos
 
Processing time
 Our standard processing time is 3-5 days
Processing time begins after we receive all personalization details. Orders with missing information may be delayed until the required details are provided
During busy wedding season or holidays, processing times may vary slightly, but we always do our best to complete and ship orders as quickly as possible

Shipping times
Standard shipping usually takes approximately 5-9 business days after the order has been processed and shipped.
Please note that shipping times are estimated  and may vary depending on the carrier, destination, weather, holidays, or other delays outside of our control
Once your order has been shipped , tracking information will be provided when available

Rush Shipping Option
Need your order sooner? 
We offer a Rush shipping option, which usually arrives in approximately 3-5 business days after processing.
Please select the rush option shipping  at checkout or message us before ordering if you have a specific deadline
Rush Shipping Speeds up the delivery method, but please remember that each handkerchief is still custom embroidered and requires production time

Important Notes
- Colors may appear slightly different depending on your screen or monitor settings
- Placement and sizing of embroidery may vary slightly depending on the wording and font selected
- Personalized item are handmade, so slight variations may occur.

Return & Exchange Policy
Because this is personalized custom item, we do not accept  returns, exchanges or cancellation once production has started 
However customer satisfaction is very important to us. If there is an issue with your order, please contact us as soon as possible so we can help
We are not responsible for errors submitted in the personalization box, including spelling mistakes, incorrect dates, missing words, or wrong names. 
Please review your personalization carefully before placing order 
If we make an error on your order, please message us with photos of the item and packaging, and we will be happy to assist.

Lost, Delayed Or Return Packages
Once an order has been shipped, delivery is handled by the shipping carrier
We are not responsible for carrier delays, lost packages, incorrect address, or packages marked as delivered by the carrier
Please make sure your shipping address is correct before placing your order
If a package is returned to us due to an incorrect or incomplete address, the buyer is  responsible for any addition shipping cost to resend the item

Care Instructions
Machine Wash gently with cold water
Lay flat or tumbler dry low
Iron if needed
Do not bleach

Thank you so much for supporting our handmade shop. We are honored to create a meaningful keepsake for your special day.",35.32,USD,999,"strawberry_shirt,embroidered_fruit,comfort_colors_tee,cottagecore_top,summer_fruit_shirt,garden_lover_gift,cute_berry_top,womens_casual_tee,botanical_clothing,foodie_gift_for_her,strawberry_lover,embroidered_tshirt,spring_summer_top","Cotton,Polyester",https://i.etsystatic.com/66439541/r/il/d3d0bd/8255579659/il_fullxfull.8255579659_65t5.jpg,https://i.etsystatic.com/66439541/r/il/d5e5ff/8207657032/il_fullxfull.8207657032_rj2k.jpg,https://i.etsystatic.com/66439541/r/il/e7b64f/8255579655/il_fullxfull.8255579655_knb1.jpg,https://i.etsystatic.com/66439541/r/il/3fbefa/8130478566/il_fullxfull.8130478566_amwj.jpg,https://i.etsystatic.com/66439541/r/il/28abb2/8198189967/il_fullxfull.8198189967_rn9e.jpg,https://i.etsystatic.com/66439541/r/il/957d54/8255283127/il_fullxfull.8255283127_kukh.jpg,https://i.etsystatic.com/66439541/r/il/1d6569/8207360470/il_fullxfull.8207360470_3l6p.jpg,https://i.etsystatic.com/66439541/r/il/3d65ee/8207360468/il_fullxfull.8207360468_17ug.jpg,https://i.etsystatic.com/66439541/r/il/2aa2a3/8150339970/il_fullxfull.8150339970_7bcg.jpg,https://i.etsystatic.com/66439541/r/il/398d71/8150339866/il_fullxfull.8150339866_fj16.jpg,"Custom Property","Your choice","Gildan Sweatshirt,Tshirt Comfort Color,Gildan Hoodie,Quarter Zip,Croptop,Spaghetti Stap Tank,Rib-Racer Tank","Women's clothing size",Size,"XS,S,M,L,XL,2X,3X",TUL-010
"Custom Future Mrs Halloween Sweatshirt, Personalized Bridal Crewneck, Spooky Bachelorette Sweater","Celebrate the bride-to-be during spooky season with a custom Future Mrs Halloween sweatshirt personalized with her new surname. Featuring orange gothic embroidery, a cheerful jack-o’-lantern, and optional sleeve initials, this black bridal crewneck is perfect for fall weddings, bachelorette parties, engagement gifts, and Halloween celebrations. 🎃🖤

• Personalized future surname: Customize the front embroidery with “Future Mrs.” and the bride’s new last name to create a memorable keepsake celebrating her upcoming marriage.

• Spooky bridal design: Gothic-inspired lettering and a smiling pumpkin create a festive Halloween look that is playful, bold, and perfect for an autumn bride.

• Optional sleeve initials: Add the couple’s initials, wedding date, engagement date, or another short custom detail near the cuff for an extra-personal finishing touch. ✨

• Perfect for bridal events: Wear this embroidered sweatshirt for a Halloween bachelorette party, fall bridal shower, engagement celebration, wedding-planning day, rehearsal weekend, or honeymoon travel.

• Thoughtful bride-to-be gift: Surprise your fiancée, girlfriend, daughter, sister, best friend, or future daughter-in-law with a personalized sweater made especially for her. 🎁

• Easy seasonal styling: Pair the black crewneck with jeans, leggings, boots, a plaid scarf, or Halloween accessories for a comfortable and photo-ready autumn outfit.

• Personalization instructions: Please enter the future surname, optional sleeve initials or date, preferred embroidery color, sweatshirt size, and any additional details in the personalization box.
How to personalize
Please enter the following information in the personalization box
1. Font Selection number
2. Exact words to be embroidered
3. Thread color
4. Optional symbol request, if applicable
Please double- check all spelling, punctuation, names, and dates before submitting your order. We will embroider the text exactly as provided

Perfect gift for 
- Bride- to- be
- Future Mrs
- Bridal shower Gifts
- Engagement Gifts
- Bachelorette Party outfit
- Honeymoon Outfit
- Wedding morning outfit
- Bridal Getting- ready Photos
 
Processing time
 Our standard processing time is 3-5 days
Processing time begins after we receive all personalization details. Orders with missing information may be delayed until the required details are provided
During busy wedding season or holidays, processing times may vary slightly, but we always do our best to complete and ship orders as quickly as possible

Shipping times
Standard shipping usually takes approximately 5-9 business days after the order has been processed and shipped.
Please note that shipping times are estimated  and may vary depending on the carrier, destination, weather, holidays, or other delays outside of our control
Once your order has been shipped , tracking information will be provided when available

Rush Shipping Option
Need your order sooner? 
We offer a Rush shipping option, which usually arrives in approximately 3-5 business days after processing.
Please select the rush option shipping  at checkout or message us before ordering if you have a specific deadline
Rush Shipping Speeds up the delivery method, but please remember that each handkerchief is still custom embroidered and requires production time

Important Notes
- Colors may appear slightly different depending on your screen or monitor settings
- Placement and sizing of embroidery may vary slightly depending on the wording and font selected
- Personalized item are handmade, so slight variations may occur.

Return & Exchange Policy
Because this is personalized custom item, we do not accept  returns, exchanges or cancellation once production has started 
However customer satisfaction is very important to us. If there is an issue with your order, please contact us as soon as possible so we can help
We are not responsible for errors submitted in the personalization box, including spelling mistakes, incorrect dates, missing words, or wrong names. 
Please review your personalization carefully before placing order 
If we make an error on your order, please message us with photos of the item and packaging, and we will be happy to assist.

Lost, Delayed Or Return Packages
Once an order has been shipped, delivery is handled by the shipping carrier
We are not responsible for carrier delays, lost packages, incorrect address, or packages marked as delivered by the carrier
Please make sure your shipping address is correct before placing your order
If a package is returned to us due to an incorrect or incomplete address, the buyer is  responsible for any addition shipping cost to resend the item

Care Instructions
Machine Wash gently with cold water
Lay flat or tumbler dry low
Iron if needed
Do not bleach

Thank you so much for supporting our handmade shop. We are honored to create a meaningful keepsake for your special day.",35.32,USD,999,"future_mrs_sweater,halloween_bride_top,custom_bride_gift,pumpkin_sweatshirt,spooky_bride_shirt,embroidered_bride,bachelorette_gift,personalized_mrs_top,bridal_crewneck,fall_wedding_gift,gothic_bride_top,custom_surname_top,halloween_crewneck","Cotton,Polyester",https://i.etsystatic.com/66439541/r/il/679dc6/8207653418/il_fullxfull.8207653418_efqy.jpg,https://i.etsystatic.com/66439541/r/il/7f7bd4/8255575453/il_fullxfull.8255575453_eaid.jpg,https://i.etsystatic.com/66439541/r/il/b8bcbe/8207650864/il_fullxfull.8207650864_sjvg.jpg,https://i.etsystatic.com/66439541/r/il/3fbefa/8130478566/il_fullxfull.8130478566_amwj.jpg,https://i.etsystatic.com/66439541/r/il/28abb2/8198189967/il_fullxfull.8198189967_rn9e.jpg,https://i.etsystatic.com/66439541/r/il/957d54/8255283127/il_fullxfull.8255283127_kukh.jpg,https://i.etsystatic.com/66439541/r/il/1d6569/8207360470/il_fullxfull.8207360470_3l6p.jpg,https://i.etsystatic.com/66439541/r/il/3d65ee/8207360468/il_fullxfull.8207360468_17ug.jpg,https://i.etsystatic.com/66439541/r/il/2aa2a3/8150339970/il_fullxfull.8150339970_7bcg.jpg,https://i.etsystatic.com/66439541/r/il/398d71/8150339866/il_fullxfull.8150339866_fj16.jpg,"Custom Property","Your choice","Gildan Sweatshirt,Tshirt Comfort Color,Gildan Hoodie,Quarter Zip,Croptop,Spaghetti Stap Tank,Rib-Racer Tank","Women's clothing size",Size,"XS,S,M,L,XL,2X,3X",TUL-010
"Embroidered Pumpkin Leaf Shirt, Comfort Colors Autumn Tee, Gildan Sweatshirt, Cozy Fall Apparel","Welcome cozy season with this minimalist fall pumpkin and maple leaf embroidered shirt. Available as a Comfort Colors T-shirt or Gildan sweatshirt, this simple autumn design is perfect for pumpkin patch visits, Thanksgiving gatherings, fall festivals, and relaxed seasonal outfits. 🍂🎃

• Minimalist autumn embroidery: A clean row of outlined pumpkins and maple leaves creates a timeless fall design that feels festive without being overly bold.

• Choose your garment style: Select a relaxed Comfort Colors T-shirt for mild autumn days or a cozy Gildan sweatshirt for chilly mornings, bonfires, and seasonal layering.

• Perfect fall outfit: Pair it with jeans, leggings, corduroy pants, boots, sneakers, or a cardigan for an effortless pumpkin-season look.

• Made for seasonal activities: Wear it to pumpkin patches, farmers markets, harvest festivals, Thanksgiving dinners, family gatherings, coffee dates, and nature walks. 🍁

• Thoughtful autumn gift: A charming present for a wife, girlfriend, mom, sister, daughter, teacher, best friend, pumpkin lover, or anyone who enjoys minimalist fall fashion. 🎁

• Neutral embroidered style: The simple line-art design and warm thread color coordinate beautifully with earthy, rustic, cottagecore, farmhouse, and understated wardrobes.

• Detailed stitched finish: The embroidery adds texture and lasting character, creating a polished alternative to an ordinary printed fall shirt.
How to personalize
Please enter the following information in the personalization box
1. Font Selection number
2. Exact words to be embroidered
3. Thread color
4. Optional symbol request, if applicable
Please double- check all spelling, punctuation, names, and dates before submitting your order. We will embroider the text exactly as provided

Perfect gift for 
- Bride- to- be
- Future Mrs
- Bridal shower Gifts
- Engagement Gifts
- Bachelorette Party outfit
- Honeymoon Outfit
- Wedding morning outfit
- Bridal Getting- ready Photos
 
Processing time
 Our standard processing time is 3-5 days
Processing time begins after we receive all personalization details. Orders with missing information may be delayed until the required details are provided
During busy wedding season or holidays, processing times may vary slightly, but we always do our best to complete and ship orders as quickly as possible

Shipping times
Standard shipping usually takes approximately 5-9 business days after the order has been processed and shipped.
Please note that shipping times are estimated  and may vary depending on the carrier, destination, weather, holidays, or other delays outside of our control
Once your order has been shipped , tracking information will be provided when available

Rush Shipping Option
Need your order sooner? 
We offer a Rush shipping option, which usually arrives in approximately 3-5 business days after processing.
Please select the rush option shipping  at checkout or message us before ordering if you have a specific deadline
Rush Shipping Speeds up the delivery method, but please remember that each handkerchief is still custom embroidered and requires production time

Important Notes
- Colors may appear slightly different depending on your screen or monitor settings
- Placement and sizing of embroidery may vary slightly depending on the wording and font selected
- Personalized item are handmade, so slight variations may occur.

Return & Exchange Policy
Because this is personalized custom item, we do not accept  returns, exchanges or cancellation once production has started 
However customer satisfaction is very important to us. If there is an issue with your order, please contact us as soon as possible so we can help
We are not responsible for errors submitted in the personalization box, including spelling mistakes, incorrect dates, missing words, or wrong names. 
Please review your personalization carefully before placing order 
If we make an error on your order, please message us with photos of the item and packaging, and we will be happy to assist.

Lost, Delayed Or Return Packages
Once an order has been shipped, delivery is handled by the shipping carrier
We are not responsible for carrier delays, lost packages, incorrect address, or packages marked as delivered by the carrier
Please make sure your shipping address is correct before placing your order
If a package is returned to us due to an incorrect or incomplete address, the buyer is  responsible for any addition shipping cost to resend the item

Care Instructions
Machine Wash gently with cold water
Lay flat or tumbler dry low
Iron if needed
Do not bleach

Thank you so much for supporting our handmade shop. We are honored to create a meaningful keepsake for your special day.",35.32,USD,999,"minimalist_fall,pumpkin_leaf_shirt,embroidered_autumn,comfort_colors_tee,gildan_sweatshirt,fall_vibes_shirt,cozy_season_top,thanksgiving_tee,autumn_nature_gift,pumpkin_sweatshirt,minimalist_pumpkin,fall_leaves_top,gift_for_her_fall","Cotton,Polyester",https://i.etsystatic.com/66439541/r/il/821fe6/8207643628/il_fullxfull.8207643628_1eq1.jpg,https://i.etsystatic.com/66439541/r/il/6696a1/8255566225/il_fullxfull.8255566225_4g84.jpg,https://i.etsystatic.com/66439541/r/il/92c67e/8255566227/il_fullxfull.8255566227_3kvj.jpg,https://i.etsystatic.com/66439541/r/il/3fbefa/8130478566/il_fullxfull.8130478566_amwj.jpg,https://i.etsystatic.com/66439541/r/il/28abb2/8198189967/il_fullxfull.8198189967_rn9e.jpg,https://i.etsystatic.com/66439541/r/il/957d54/8255283127/il_fullxfull.8255283127_kukh.jpg,https://i.etsystatic.com/66439541/r/il/1d6569/8207360470/il_fullxfull.8207360470_3l6p.jpg,https://i.etsystatic.com/66439541/r/il/3d65ee/8207360468/il_fullxfull.8207360468_17ug.jpg,https://i.etsystatic.com/66439541/r/il/2aa2a3/8150339970/il_fullxfull.8150339970_7bcg.jpg,https://i.etsystatic.com/66439541/r/il/398d71/8150339866/il_fullxfull.8150339866_fj16.jpg,"Custom Property","Your choice","Gildan Sweatshirt,Tshirt Comfort Color,Gildan Hoodie,Quarter Zip,Croptop,Spaghetti Stap Tank,Rib-Racer Tank","Women's clothing size",Size,"XS,S,M,L,XL,2X,3X",TUL-010
"Custom Future Mrs Embroidered Sweatshirt, Personalized Bridal Crewneck with Initials","Celebrate her journey to “I do” with a custom Future Mrs embroidered sweatshirt personalized with her future surname and optional sleeve initials. This elegant bridal crewneck makes a meaningful engagement gift, bridal shower surprise, bachelorette outfit, honeymoon layer, and lasting keepsake for the bride-to-be. 💍🤍

• Personalized future surname: Customize the front with “Soon to be Mrs.” followed by the bride’s future last name, creating a special sweatshirt that celebrates her upcoming marriage.

• Optional sleeve embroidery: Add the couple’s initials, wedding date, engagement date, or another short detail near the cuff for an extra personal finishing touch.

• Elegant bridal design: Delicate lettering and a small embroidered heart create a timeless, romantic look suitable for engagement photos, wedding planning days, and bridal celebrations.

• Thoughtful engagement gift: Surprise your fiancée, girlfriend, daughter, sister, best friend, or future daughter-in-law with a personalized keepsake made especially for her. 🎁

• Perfect for bridal events: Wear this custom crewneck to the bridal shower, bachelorette weekend, rehearsal activities, wedding morning, honeymoon travel, or newlywed celebrations.

• Easy to style: Pair the sweatshirt with jeans, leggings, bridal pajamas, shorts, or lounge pants for a comfortable and photo-ready bride-to-be outfit.

• Personalization instructions: Please enter the future surname, optional sleeve initials or date, preferred sweatshirt color, thread color, and size in the personalization box.
How to personalize
Please enter the following information in the personalization box
1. Font Selection number
2. Exact words to be embroidered
3. Thread color
4. Optional symbol request, if applicable
Please double- check all spelling, punctuation, names, and dates before submitting your order. We will embroider the text exactly as provided

Perfect gift for 
- Bride- to- be
- Future Mrs
- Bridal shower Gifts
- Engagement Gifts
- Bachelorette Party outfit
- Honeymoon Outfit
- Wedding morning outfit
- Bridal Getting- ready Photos
 
Processing time
 Our standard processing time is 3-5 days
Processing time begins after we receive all personalization details. Orders with missing information may be delayed until the required details are provided
During busy wedding season or holidays, processing times may vary slightly, but we always do our best to complete and ship orders as quickly as possible

Shipping times
Standard shipping usually takes approximately 5-9 business days after the order has been processed and shipped.
Please note that shipping times are estimated  and may vary depending on the carrier, destination, weather, holidays, or other delays outside of our control
Once your order has been shipped , tracking information will be provided when available

Rush Shipping Option
Need your order sooner? 
We offer a Rush shipping option, which usually arrives in approximately 3-5 business days after processing.
Please select the rush option shipping  at checkout or message us before ordering if you have a specific deadline
Rush Shipping Speeds up the delivery method, but please remember that each handkerchief is still custom embroidered and requires production time

Important Notes
- Colors may appear slightly different depending on your screen or monitor settings
- Placement and sizing of embroidery may vary slightly depending on the wording and font selected
- Personalized item are handmade, so slight variations may occur.

Return & Exchange Policy
Because this is personalized custom item, we do not accept  returns, exchanges or cancellation once production has started 
However customer satisfaction is very important to us. If there is an issue with your order, please contact us as soon as possible so we can help
We are not responsible for errors submitted in the personalization box, including spelling mistakes, incorrect dates, missing words, or wrong names. 
Please review your personalization carefully before placing order 
If we make an error on your order, please message us with photos of the item and packaging, and we will be happy to assist.

Lost, Delayed Or Return Packages
Once an order has been shipped, delivery is handled by the shipping carrier
We are not responsible for carrier delays, lost packages, incorrect address, or packages marked as delivered by the carrier
Please make sure your shipping address is correct before placing your order
If a package is returned to us due to an incorrect or incomplete address, the buyer is  responsible for any addition shipping cost to resend the item

Care Instructions
Machine Wash gently with cold water
Lay flat or tumbler dry low
Iron if needed
Do not bleach

Thank you so much for supporting our handmade shop. We are honored to create a meaningful keepsake for your special day.",35.32,USD,999,"custom_bride_sweater,future_mrs_gift,embroidered_bride,personalized_mrs,engagement_sweater,bridal_shower_gift,bride_crewneck,wedding_date_sleeve,newly_engaged_gift,future_wife_sweater,custom_name_shirt,bride_to_be_gift,honeymoon_sweatshirt","Cotton,Polyester",https://i.etsystatic.com/66439541/r/il/a92b66/8255558223/il_fullxfull.8255558223_1z07.jpg,https://i.etsystatic.com/66439541/r/il/a91f80/8207635278/il_fullxfull.8207635278_c95j.jpg,https://i.etsystatic.com/66439541/r/il/ee5d00/8255558225/il_fullxfull.8255558225_majk.jpg,https://i.etsystatic.com/66439541/r/il/3fbefa/8130478566/il_fullxfull.8130478566_amwj.jpg,https://i.etsystatic.com/66439541/r/il/28abb2/8198189967/il_fullxfull.8198189967_rn9e.jpg,https://i.etsystatic.com/66439541/r/il/957d54/8255283127/il_fullxfull.8255283127_kukh.jpg,https://i.etsystatic.com/66439541/r/il/1d6569/8207360470/il_fullxfull.8207360470_3l6p.jpg,https://i.etsystatic.com/66439541/r/il/3d65ee/8207360468/il_fullxfull.8207360468_17ug.jpg,https://i.etsystatic.com/66439541/r/il/2aa2a3/8150339970/il_fullxfull.8150339970_7bcg.jpg,https://i.etsystatic.com/66439541/r/il/398d71/8150339866/il_fullxfull.8150339866_fj16.jpg,"Custom Property","Your choice","Gildan Sweatshirt,Tshirt Comfort Color,Gildan Hoodie,Quarter Zip,Croptop,Spaghetti Stap Tank,Rib-Racer Tank","Women's clothing size",Size,"XS,S,M,L,XL,2X,3X",TUL-010
"Custom Teacher Name Pumpkin Bow Sweatshirt, Embroidered Fall Classroom Apparel","Celebrate spooky season in the classroom with a custom teacher name sweatshirt featuring an embroidered pumpkin bow and playful candy corn details. This personalized Halloween teacher crewneck makes a thoughtful fall gift for educators, school staff, and classroom helpers. 🎃🍬

• Personalized teacher name: Customize the embroidery with the recipient’s preferred title and name, such as “Mrs. Taylor,” “Ms. Carter,” “Miss Emily,” or another short custom phrase.

• Festive pumpkin bow design: The bright orange bow features a miniature pumpkin center and candy corn-inspired tips for a cheerful Halloween look that is fun rather than frightening.

• Perfect classroom outfit: Pair this embroidered crewneck with jeans, leggings, skirts, sneakers, or boots for teaching days, school parties, pumpkin activities, and fall field trips.

• Thoughtful educator gift: A memorable present for teachers, teaching assistants, tutors, principals, librarians, counselors, daycare providers, or student teachers. 🎁

• Ideal for seasonal occasions: Great for Halloween, Teacher Appreciation, October birthdays, back-to-school surprises, fall festivals, classroom celebrations, or staff gifts.

• Custom color choices: Select your preferred sweatshirt color, lettering color, and available embroidery options to create a personalized piece that suits the teacher’s style.

• Ordering instructions: Enter the exact title and name you would like embroidered, along with the sweatshirt color, size, and thread preferences. Please review all spelling and capitalization carefully.

• Individually embroidered: Each sweatshirt is carefully positioned and stitched, so slight variations may occur and give every personalized garment its own unique character.
How to personalize
Please enter the following information in the personalization box
1. Font Selection number
2. Exact words to be embroidered
3. Thread color
4. Optional symbol request, if applicable
Please double- check all spelling, punctuation, names, and dates before submitting your order. We will embroider the text exactly as provided

Perfect gift for 
- Bride- to- be
- Future Mrs
- Bridal shower Gifts
- Engagement Gifts
- Bachelorette Party outfit
- Honeymoon Outfit
- Wedding morning outfit
- Bridal Getting- ready Photos
 
Processing time
 Our standard processing time is 3-5 days
Processing time begins after we receive all personalization details. Orders with missing information may be delayed until the required details are provided
During busy wedding season or holidays, processing times may vary slightly, but we always do our best to complete and ship orders as quickly as possible

Shipping times
Standard shipping usually takes approximately 5-9 business days after the order has been processed and shipped.
Please note that shipping times are estimated  and may vary depending on the carrier, destination, weather, holidays, or other delays outside of our control
Once your order has been shipped , tracking information will be provided when available

Rush Shipping Option
Need your order sooner? 
We offer a Rush shipping option, which usually arrives in approximately 3-5 business days after processing.
Please select the rush option shipping  at checkout or message us before ordering if you have a specific deadline
Rush Shipping Speeds up the delivery method, but please remember that each handkerchief is still custom embroidered and requires production time

Important Notes
- Colors may appear slightly different depending on your screen or monitor settings
- Placement and sizing of embroidery may vary slightly depending on the wording and font selected
- Personalized item are handmade, so slight variations may occur.

Return & Exchange Policy
Because this is personalized custom item, we do not accept  returns, exchanges or cancellation once production has started 
However customer satisfaction is very important to us. If there is an issue with your order, please contact us as soon as possible so we can help
We are not responsible for errors submitted in the personalization box, including spelling mistakes, incorrect dates, missing words, or wrong names. 
Please review your personalization carefully before placing order 
If we make an error on your order, please message us with photos of the item and packaging, and we will be happy to assist.

Lost, Delayed Or Return Packages
Once an order has been shipped, delivery is handled by the shipping carrier
We are not responsible for carrier delays, lost packages, incorrect address, or packages marked as delivered by the carrier
Please make sure your shipping address is correct before placing your order
If a package is returned to us due to an incorrect or incomplete address, the buyer is  responsible for any addition shipping cost to resend the item

Care Instructions
Machine Wash gently with cold water
Lay flat or tumbler dry low
Iron if needed
Do not bleach

Thank you so much for supporting our handmade shop. We are honored to create a meaningful keepsake for your special day.",35.32,USD,999,"custom_teacher_name,pumpkin_bow_shirt,halloween_teacher,teacher_sweatshirt,embroidered_teacher,fall_classroom_gift,teacher_gift_idea,personalized_name,pumpkin_teacher_gift,spooky_teacher_top,custom_name_crewneck,candy_corn_bow,autumn_teacher_top","Cotton,Polyester",https://i.etsystatic.com/66439541/r/il/b32a7d/8207626026/il_fullxfull.8207626026_munx.jpg,https://i.etsystatic.com/66439541/r/il/9f611e/8207626024/il_fullxfull.8207626024_n7cj.jpg,https://i.etsystatic.com/66439541/r/il/10faf3/8255549055/il_fullxfull.8255549055_bmd4.jpg,https://i.etsystatic.com/66439541/r/il/112820/8255549047/il_fullxfull.8255549047_g0js.jpg,https://i.etsystatic.com/66439541/r/il/4d3933/8255549049/il_fullxfull.8255549049_mlq3.jpg,https://i.etsystatic.com/66439541/r/il/3fbefa/8130478566/il_fullxfull.8130478566_amwj.jpg,https://i.etsystatic.com/66439541/r/il/28abb2/8198189967/il_fullxfull.8198189967_rn9e.jpg,https://i.etsystatic.com/66439541/r/il/957d54/8255283127/il_fullxfull.8255283127_kukh.jpg,https://i.etsystatic.com/66439541/r/il/1d6569/8207360470/il_fullxfull.8207360470_3l6p.jpg,https://i.etsystatic.com/66439541/r/il/3d65ee/8207360468/il_fullxfull.8207360468_17ug.jpg,"Custom Property","Your choice","Gildan Sweatshirt,Tshirt Comfort Color,Gildan Hoodie,Quarter Zip,Croptop,Spaghetti Stap Tank,Rib-Racer Tank","Women's clothing size",Size,"XS,S,M,L,XL,2X,3X",TUL-010
"Custom Embroidered Teacher Name Sweatshirt, Apple Crewneck Gift","Celebrate a dedicated educator with a custom teacher name sweatshirt featuring personalized embroidery and a cheerful red apple. This cozy teacher crewneck makes a thoughtful Teacher Appreciation, back-to-school, birthday, Christmas, or end-of-year gift for the special educator in your life. 🍎✏️

• Personalized teacher name: Customize the embroidery with a teacher’s preferred title and name, such as “Ms. Carter,” “Mrs. Smith,” “Mr. Brown,” or another short custom wording.

• Charming apple detail: A bright embroidered apple adds a classic classroom-inspired accent that beautifully complements the custom black lettering.

• Thoughtful educator gift: A meaningful present for teachers, teaching assistants, tutors, school staff, principals, librarians, counselors, or student teachers. 🎁

• Perfect for many occasions: Ideal for Teacher Appreciation Week, the first day of school, back-to-school celebrations, birthdays, Christmas, graduation, or end-of-year thank-you gifts.

• Easy classroom styling: Pair this embroidered crewneck with jeans, leggings, trousers, sneakers, or layered outfits for teaching days, school events, field trips, and relaxed weekends.

• Choose your preferred look: Select from the available sweatshirt colors, sizes, and embroidery options to create a personalized piece that suits the recipient’s style.

• Ordering instructions: Enter the exact title and name you would like embroidered, along with your sweatshirt color, size, and any available customization choices. Please review spelling and capitalization carefully.

• Individually embroidered: Each sweatshirt is carefully positioned and stitched, so minor variations may occur and contribute to the unique character of your personalized item.
How to personalize
Please enter the following information in the personalization box
1. Font Selection number
2. Exact words to be embroidered
3. Thread color
4. Optional symbol request, if applicable
Please double- check all spelling, punctuation, names, and dates before submitting your order. We will embroider the text exactly as provided

Perfect gift for 
- Bride- to- be
- Future Mrs
- Bridal shower Gifts
- Engagement Gifts
- Bachelorette Party outfit
- Honeymoon Outfit
- Wedding morning outfit
- Bridal Getting- ready Photos
 
Processing time
 Our standard processing time is 3-5 days
Processing time begins after we receive all personalization details. Orders with missing information may be delayed until the required details are provided
During busy wedding season or holidays, processing times may vary slightly, but we always do our best to complete and ship orders as quickly as possible

Shipping times
Standard shipping usually takes approximately 5-9 business days after the order has been processed and shipped.
Please note that shipping times are estimated  and may vary depending on the carrier, destination, weather, holidays, or other delays outside of our control
Once your order has been shipped , tracking information will be provided when available

Rush Shipping Option
Need your order sooner? 
We offer a Rush shipping option, which usually arrives in approximately 3-5 business days after processing.
Please select the rush option shipping  at checkout or message us before ordering if you have a specific deadline
Rush Shipping Speeds up the delivery method, but please remember that each handkerchief is still custom embroidered and requires production time

Important Notes
- Colors may appear slightly different depending on your screen or monitor settings
- Placement and sizing of embroidery may vary slightly depending on the wording and font selected
- Personalized item are handmade, so slight variations may occur.

Return & Exchange Policy
Because this is personalized custom item, we do not accept  returns, exchanges or cancellation once production has started 
However customer satisfaction is very important to us. If there is an issue with your order, please contact us as soon as possible so we can help
We are not responsible for errors submitted in the personalization box, including spelling mistakes, incorrect dates, missing words, or wrong names. 
Please review your personalization carefully before placing order 
If we make an error on your order, please message us with photos of the item and packaging, and we will be happy to assist.

Lost, Delayed Or Return Packages
Once an order has been shipped, delivery is handled by the shipping carrier
We are not responsible for carrier delays, lost packages, incorrect address, or packages marked as delivered by the carrier
Please make sure your shipping address is correct before placing your order
If a package is returned to us due to an incorrect or incomplete address, the buyer is  responsible for any addition shipping cost to resend the item

Care Instructions
Machine Wash gently with cold water
Lay flat or tumbler dry low
Iron if needed
Do not bleach

Thank you so much for supporting our handmade shop. We are honored to create a meaningful keepsake for your special day.",35.32,USD,999,"custom_teacher_name,teacher_sweatshirt,apple_embroidered,teacher_gift_idea,back_to_school_gift,personalized_teacher,teacher_appreciation,apple_teacher_gift,embroidered_crewneck,classroom_gift,first_grade,second_grade,teacher_gift_bulk","Cotton,Polyester",https://i.etsystatic.com/66439541/r/il/f0a8d0/8207609816/il_fullxfull.8207609816_7uuk.jpg,https://i.etsystatic.com/66439541/r/il/27db59/8255532641/il_fullxfull.8255532641_9kjs.jpg,https://i.etsystatic.com/66439541/r/il/2cdc15/8207609778/il_fullxfull.8207609778_sh99.jpg,https://i.etsystatic.com/66439541/r/il/3fbefa/8130478566/il_fullxfull.8130478566_amwj.jpg,https://i.etsystatic.com/66439541/r/il/28abb2/8198189967/il_fullxfull.8198189967_rn9e.jpg,https://i.etsystatic.com/66439541/r/il/957d54/8255283127/il_fullxfull.8255283127_kukh.jpg,https://i.etsystatic.com/66439541/r/il/1d6569/8207360470/il_fullxfull.8207360470_3l6p.jpg,https://i.etsystatic.com/66439541/r/il/3d65ee/8207360468/il_fullxfull.8207360468_17ug.jpg,https://i.etsystatic.com/66439541/r/il/2aa2a3/8150339970/il_fullxfull.8150339970_7bcg.jpg,https://i.etsystatic.com/66439541/r/il/398d71/8150339866/il_fullxfull.8150339866_fj16.jpg,"Custom Property","Your choice","Gildan Sweatshirt,Tshirt Comfort Color,Gildan Hoodie,Quarter Zip,Croptop,Spaghetti Stap Tank,Rib-Racer Tank","Women's clothing size",Size,"XS,S,M,L,XL,2X,3X",TUL-010
"Coffee First Jesus Always Embroidered Sweatshirt, Comfort Colors Christian Apparel","elebrate faith and your love of coffee with this “Coffee First, Jesus Always” embroidered shirt. Featuring delicate lettering, a takeaway coffee cup, heart, and cross, this Christian design is available as a Comfort Colors T-shirt or cozy Gildan sweatshirt for Bible study, church events, coffee dates, and everyday wear. ☕✝️

• Meaningful Christian design: The “Coffee First, Jesus Always” message combines a love of morning coffee with an uplifting reminder to keep faith at the center of every day.

• Choose your garment style: Select a relaxed Comfort Colors T-shirt for casual everyday outfits or a warm Gildan sweatshirt for cozy fall mornings, winter layering, and cool church gatherings.

• Beautiful embroidered details: Delicate script lettering, classic text, a coffee cup with a heart, and a simple cross create a clean faith-inspired design with lasting texture.

• Perfect for everyday wear: Pair it with jeans, leggings, skirts, sneakers, or boots for Bible study, Sunday service, coffee shop visits, errands, retreats, and relaxed weekends.

• Thoughtful Christian gift: A meaningful present for a wife, girlfriend, mom, sister, daughter, best friend, pastor’s wife, church volunteer, or coffee-loving believer. 🎁

• Great for special occasions: Ideal for birthdays, Christmas, Easter, Mother’s Day, baptisms, confirmations, church retreats, Bible study groups, and encouragement gifts. How to personalize
Please enter the following information in the personalization box
1. Font Selection number
2. Exact words to be embroidered
3. Thread color
4. Optional symbol request, if applicable
Please double- check all spelling, punctuation, names, and dates before submitting your order. We will embroider the text exactly as provided

Perfect gift for 
- Bride- to- be
- Future Mrs
- Bridal shower Gifts
- Engagement Gifts
- Bachelorette Party outfit
- Honeymoon Outfit
- Wedding morning outfit
- Bridal Getting- ready Photos
 
Processing time
 Our standard processing time is 3-5 days
Processing time begins after we receive all personalization details. Orders with missing information may be delayed until the required details are provided
During busy wedding season or holidays, processing times may vary slightly, but we always do our best to complete and ship orders as quickly as possible

Shipping times
Standard shipping usually takes approximately 5-9 business days after the order has been processed and shipped.
Please note that shipping times are estimated  and may vary depending on the carrier, destination, weather, holidays, or other delays outside of our control
Once your order has been shipped , tracking information will be provided when available

Rush Shipping Option
Need your order sooner? 
We offer a Rush shipping option, which usually arrives in approximately 3-5 business days after processing.
Please select the rush option shipping  at checkout or message us before ordering if you have a specific deadline
Rush Shipping Speeds up the delivery method, but please remember that each handkerchief is still custom embroidered and requires production time

Important Notes
- Colors may appear slightly different depending on your screen or monitor settings
- Placement and sizing of embroidery may vary slightly depending on the wording and font selected
- Personalized item are handmade, so slight variations may occur.

Return & Exchange Policy
Because this is personalized custom item, we do not accept  returns, exchanges or cancellation once production has started 
However customer satisfaction is very important to us. If there is an issue with your order, please contact us as soon as possible so we can help
We are not responsible for errors submitted in the personalization box, including spelling mistakes, incorrect dates, missing words, or wrong names. 
Please review your personalization carefully before placing order 
If we make an error on your order, please message us with photos of the item and packaging, and we will be happy to assist.

Lost, Delayed Or Return Packages
Once an order has been shipped, delivery is handled by the shipping carrier
We are not responsible for carrier delays, lost packages, incorrect address, or packages marked as delivered by the carrier
Please make sure your shipping address is correct before placing your order
If a package is returned to us due to an incorrect or incomplete address, the buyer is  responsible for any addition shipping cost to resend the item

Care Instructions
Machine Wash gently with cold water
Lay flat or tumbler dry low
Iron if needed
Do not bleach

Thank you so much for supporting our handmade shop. We are honored to create a meaningful keepsake for your special day.",35.32,USD,999,"coffee_first_shirt,jesus_always_tee,christian_coffee,comfort_colors_tee,gildan_sweatshirt,faith_based_shirt,embroidered_faith,coffee_lover_gift,christian_gift_her,jesus_lover_shirt,religious_sweater,church_girl_gift,bible_study_shirt","Cotton,Polyester",https://i.etsystatic.com/66439541/r/il/4c250d/8255522223/il_fullxfull.8255522223_n6bf.jpg,https://i.etsystatic.com/66439541/r/il/7291d8/8255522249/il_fullxfull.8255522249_6uv3.jpg,https://i.etsystatic.com/66439541/r/il/f7a72f/8255522251/il_fullxfull.8255522251_t9r8.jpg,https://i.etsystatic.com/66439541/r/il/3fbefa/8130478566/il_fullxfull.8130478566_amwj.jpg,https://i.etsystatic.com/66439541/r/il/28abb2/8198189967/il_fullxfull.8198189967_rn9e.jpg,https://i.etsystatic.com/66439541/r/il/957d54/8255283127/il_fullxfull.8255283127_kukh.jpg,https://i.etsystatic.com/66439541/r/il/1d6569/8207360470/il_fullxfull.8207360470_3l6p.jpg,https://i.etsystatic.com/66439541/r/il/3d65ee/8207360468/il_fullxfull.8207360468_17ug.jpg,https://i.etsystatic.com/66439541/r/il/2aa2a3/8150339970/il_fullxfull.8150339970_7bcg.jpg,https://i.etsystatic.com/66439541/r/il/398d71/8150339866/il_fullxfull.8150339866_fj16.jpg,"Custom Property","Your choice","Gildan Sweatshirt,Tshirt Comfort Color,Gildan Hoodie,Quarter Zip,Croptop,Spaghetti Stap Tank,Rib-Racer Tank","Women's clothing size",Size,"XS,S,M,L,XL,2X,3X",TUL-010
"Embroidered Cozy Season Sweatshirt, Autumn Pumpkin Tea Crewneck, Botanical Cottagecore Pullover","Welcome crisp mornings and cozy evenings with this Cozy Season embroidered sweatshirt. Featuring a charming autumn arrangement of pumpkins, warm drinks, leafy accents, and cottage-inspired details, this fall crewneck is perfect for Thanksgiving gatherings, pumpkin patch visits, coffee dates, and relaxed seasonal outfits. 🍂☕

• Charming autumn embroidery: The design combines a pumpkin, steaming mug, coffee pot, teapot, leaves, and sewing-inspired details beneath elegant “cozy season” lettering.

• Perfect fall wardrobe piece: Pair this embroidered sweatshirt with jeans, leggings, corduroy pants, boots, or sneakers for an effortless autumn outfit.

• Made for cozy activities: Wear it while reading, crafting, enjoying tea, visiting a farmers market, decorating for fall, or relaxing during a quiet weekend at home. 🧶

• Lovely seasonal occasions: A comfortable choice for pumpkin patch trips, harvest festivals, Thanksgiving gatherings, bonfires, coffee dates, and family photos.

• Thoughtful gift for her: Surprise a wife, girlfriend, mom, sister, daughter, teacher, crafter, tea lover, or best friend who enjoys cozy autumn style. 🎁

• Cottagecore-inspired look: The warm neutral colors and delicate botanical embroidery complement cottagecore, farmhouse, rustic, and nature-inspired wardrobes
 How to personalize
Please enter the following information in the personalization box
1. Font Selection number
2. Exact words to be embroidered
3. Thread color
4. Optional symbol request, if applicable
Please double- check all spelling, punctuation, names, and dates before submitting your order. We will embroider the text exactly as provided

Perfect gift for 
- Bride- to- be
- Future Mrs
- Bridal shower Gifts
- Engagement Gifts
- Bachelorette Party outfit
- Honeymoon Outfit
- Wedding morning outfit
- Bridal Getting- ready Photos
 
Processing time
 Our standard processing time is 3-5 days
Processing time begins after we receive all personalization details. Orders with missing information may be delayed until the required details are provided
During busy wedding season or holidays, processing times may vary slightly, but we always do our best to complete and ship orders as quickly as possible

Shipping times
Standard shipping usually takes approximately 5-9 business days after the order has been processed and shipped.
Please note that shipping times are estimated  and may vary depending on the carrier, destination, weather, holidays, or other delays outside of our control
Once your order has been shipped , tracking information will be provided when available

Rush Shipping Option
Need your order sooner? 
We offer a Rush shipping option, which usually arrives in approximately 3-5 business days after processing.
Please select the rush option shipping  at checkout or message us before ordering if you have a specific deadline
Rush Shipping Speeds up the delivery method, but please remember that each handkerchief is still custom embroidered and requires production time

Important Notes
- Colors may appear slightly different depending on your screen or monitor settings
- Placement and sizing of embroidery may vary slightly depending on the wording and font selected
- Personalized item are handmade, so slight variations may occur.

Return & Exchange Policy
Because this is personalized custom item, we do not accept  returns, exchanges or cancellation once production has started 
However customer satisfaction is very important to us. If there is an issue with your order, please contact us as soon as possible so we can help
We are not responsible for errors submitted in the personalization box, including spelling mistakes, incorrect dates, missing words, or wrong names. 
Please review your personalization carefully before placing order 
If we make an error on your order, please message us with photos of the item and packaging, and we will be happy to assist.

Lost, Delayed Or Return Packages
Once an order has been shipped, delivery is handled by the shipping carrier
We are not responsible for carrier delays, lost packages, incorrect address, or packages marked as delivered by the carrier
Please make sure your shipping address is correct before placing your order
If a package is returned to us due to an incorrect or incomplete address, the buyer is  responsible for any addition shipping cost to resend the item

Care Instructions
Machine Wash gently with cold water
Lay flat or tumbler dry low
Iron if needed
Do not bleach

Thank you so much for supporting our handmade shop. We are honored to create a meaningful keepsake for your special day.",35.32,USD,999,"cozy_season_shirt,embroidered_fall,pumpkin_tea_shirt,autumn_crewneck,fall_botanical_top,thanksgiving_gift,cottagecore_fall,cozy_autumn_gift,pumpkin_sweatshirt,tea_lover_sweater,fall_nature_shirt,embroidered_cozy,autumn_gift_her","Cotton,Polyester",https://i.etsystatic.com/66439541/r/il/fb57a5/8207547844/il_fullxfull.8207547844_d9pl.jpg,https://i.etsystatic.com/66439541/r/il/797698/8255467017/il_fullxfull.8255467017_ju2s.jpg,https://i.etsystatic.com/66439541/r/il/3c3ed1/8255466999/il_fullxfull.8255466999_3883.jpg,https://i.etsystatic.com/66439541/r/il/3fbefa/8130478566/il_fullxfull.8130478566_amwj.jpg,https://i.etsystatic.com/66439541/r/il/28abb2/8198189967/il_fullxfull.8198189967_rn9e.jpg,https://i.etsystatic.com/66439541/r/il/957d54/8255283127/il_fullxfull.8255283127_kukh.jpg,https://i.etsystatic.com/66439541/r/il/1d6569/8207360470/il_fullxfull.8207360470_3l6p.jpg,https://i.etsystatic.com/66439541/r/il/3d65ee/8207360468/il_fullxfull.8207360468_17ug.jpg,https://i.etsystatic.com/66439541/r/il/2aa2a3/8150339970/il_fullxfull.8150339970_7bcg.jpg,https://i.etsystatic.com/66439541/r/il/398d71/8150339866/il_fullxfull.8150339866_fj16.jpg,"Custom Property","Your choice","Gildan Sweatshirt,Tshirt Comfort Color,Gildan Hoodie,Quarter Zip,Croptop,Spaghetti Stap Tank,Rib-Racer Tank","Women's clothing size",Size,"XS,S,M,L,XL,2X,3X",TUL-010
"Embroidered Fall Icons Comfort Colors T-Shirt, Autumn Acorn Pumpkin Leaf Mushroom Tee","Celebrate crisp autumn days with this cozy season embroidered Comfort Colors T-shirt featuring an acorn, maple leaf, pumpkin, and woodland mushroom. This fall vibes tee is a charming choice for pumpkin patch visits, Thanksgiving gatherings, nature walks, and relaxed seasonal outfits. 🍂🎃

• Whimsical autumn embroidery: A warm row of embroidered fall icons—including an acorn, orange maple leaf, pumpkin, and spotted mushroom—creates a cheerful woodland-inspired design.

• Perfect cozy-season outfit: Pair this embroidered tee with jeans, leggings, corduroy pants, boots, sneakers, or a cardigan for effortless fall styling.

• Made for autumn activities: Wear it to pumpkin patches, farmers markets, harvest festivals, Thanksgiving gatherings, bonfires, coffee dates, and weekend nature walks. 🍁

• Thoughtful fall gift: A charming present for nature lovers, gardeners, mushroom fans, pumpkin enthusiasts, teachers, friends, sisters, daughters, or anyone who loves autumn. 🎁

• Comfort Colors style: The relaxed, casual look makes this shirt easy to incorporate into everyday wardrobes throughout fall and beyond.

• Detailed embroidered finish: The stitched seasonal artwork adds texture, color, and lasting character, offering a distinctive alternative to an ordinary printed fall shirt.

• Versatile seasonal layer: Wear the tee on its own during mild weather or layer it beneath a flannel, denim jacket, cardigan, or cozy sweater when temperatures drop.
 How to personalize
Please enter the following information in the personalization box
1. Font Selection number
2. Exact words to be embroidered
3. Thread color
4. Optional symbol request, if applicable
Please double- check all spelling, punctuation, names, and dates before submitting your order. We will embroider the text exactly as provided

Perfect gift for 
- Bride- to- be
- Future Mrs
- Bridal shower Gifts
- Engagement Gifts
- Bachelorette Party outfit
- Honeymoon Outfit
- Wedding morning outfit
- Bridal Getting- ready Photos
 
Processing time
 Our standard processing time is 3-5 days
Processing time begins after we receive all personalization details. Orders with missing information may be delayed until the required details are provided
During busy wedding season or holidays, processing times may vary slightly, but we always do our best to complete and ship orders as quickly as possible

Shipping times
Standard shipping usually takes approximately 5-9 business days after the order has been processed and shipped.
Please note that shipping times are estimated  and may vary depending on the carrier, destination, weather, holidays, or other delays outside of our control
Once your order has been shipped , tracking information will be provided when available

Rush Shipping Option
Need your order sooner? 
We offer a Rush shipping option, which usually arrives in approximately 3-5 business days after processing.
Please select the rush option shipping  at checkout or message us before ordering if you have a specific deadline
Rush Shipping Speeds up the delivery method, but please remember that each handkerchief is still custom embroidered and requires production time

Important Notes
- Colors may appear slightly different depending on your screen or monitor settings
- Placement and sizing of embroidery may vary slightly depending on the wording and font selected
- Personalized item are handmade, so slight variations may occur.

Return & Exchange Policy
Because this is personalized custom item, we do not accept  returns, exchanges or cancellation once production has started 
However customer satisfaction is very important to us. If there is an issue with your order, please contact us as soon as possible so we can help
We are not responsible for errors submitted in the personalization box, including spelling mistakes, incorrect dates, missing words, or wrong names. 
Please review your personalization carefully before placing order 
If we make an error on your order, please message us with photos of the item and packaging, and we will be happy to assist.

Lost, Delayed Or Return Packages
Once an order has been shipped, delivery is handled by the shipping carrier
We are not responsible for carrier delays, lost packages, incorrect address, or packages marked as delivered by the carrier
Please make sure your shipping address is correct before placing your order
If a package is returned to us due to an incorrect or incomplete address, the buyer is  responsible for any addition shipping cost to resend the item

Care Instructions
Machine Wash gently with cold water
Lay flat or tumbler dry low
Iron if needed
Do not bleach

Thank you so much for supporting our handmade shop. We are honored to create a meaningful keepsake for your special day.",35.32,USD,999,"cozy_season_shirt,comfort_colors_tee,embroidered_fall_tee,fall_vibes_tshirt,pumpkin_autumn_tee,maple_leaf_shirt,mushroom_fall_top,acorn_nature_shirt,autumn_nature_gift,cozy_fall_outfit,fall_botanical_tee,thanksgiving_shirt,nature_lover_gift","Cotton,Polyester",https://i.etsystatic.com/66439541/r/il/9f82a8/8207521950/il_fullxfull.8207521950_8pi5.jpg,https://i.etsystatic.com/66439541/r/il/3b1d9e/8255445511/il_fullxfull.8255445511_7gim.jpg,https://i.etsystatic.com/66439541/r/il/294566/8255445393/il_fullxfull.8255445393_2rr5.jpg,https://i.etsystatic.com/66439541/r/il/3fbefa/8130478566/il_fullxfull.8130478566_amwj.jpg,https://i.etsystatic.com/66439541/r/il/28abb2/8198189967/il_fullxfull.8198189967_rn9e.jpg,https://i.etsystatic.com/66439541/r/il/957d54/8255283127/il_fullxfull.8255283127_kukh.jpg,https://i.etsystatic.com/66439541/r/il/1d6569/8207360470/il_fullxfull.8207360470_3l6p.jpg,https://i.etsystatic.com/66439541/r/il/3d65ee/8207360468/il_fullxfull.8207360468_17ug.jpg,https://i.etsystatic.com/66439541/r/il/2aa2a3/8150339970/il_fullxfull.8150339970_7bcg.jpg,https://i.etsystatic.com/66439541/r/il/398d71/8150339866/il_fullxfull.8150339866_fj16.jpg,"Custom Property","Your choice","Gildan Sweatshirt,Tshirt Comfort Color,Gildan Hoodie,Quarter Zip,Croptop,Spaghetti Stap Tank,Rib-Racer Tank","Women's clothing size",Size,"XS,S,M,L,XL,2X,3X",TUL-010
"Custom Embroidered Comfort Colors T-Shirt, Minimalist Text Logo Tee","Create a one-of-a-kind Comfort Colors T-shirt featuring your custom embroidery. Personalize this minimalist unisex tee with a name, phrase, initials, business logo, or meaningful text for an everyday wardrobe piece or thoughtful custom gift. 🧵✨

• Your design, embroidered: Add a name, favorite saying, special date, initials, organization, business name, or short phrase to create a shirt that reflects your personality or brand.

• Minimalist custom style: Clean lettering and carefully stitched embroidery create a timeless design that pairs easily with jeans, shorts, skirts, jackets, and casual layers.

• Custom logo option: Submit a clear, high-quality image of your logo or simple artwork for review. Highly detailed designs may require simplification to produce a clean embroidered result.

• Thoughtful personalized gift: A meaningful choice for birthdays, graduations, anniversaries, holidays, bridal parties, teachers, coworkers, small-business owners, friends, and family members. 🎁

• Perfect for groups: Order coordinating embroidered shirts for teams, clubs, family reunions, company staff, school organizations, friendship groups, events, or matching vacation outfits.

• Ordering instructions: Please provide the exact wording, capitalization, font choice, thread color, shirt color, size, and preferred embroidery placement in the personalization box.

• Artwork submission: For custom logos or graphics, send a clear file through Etsy Messages after ordering. Designs will be reviewed for embroidery suitability before production.
 How to personalize
Please enter the following information in the personalization box
1. Font Selection number
2. Exact words to be embroidered
3. Thread color
4. Optional symbol request, if applicable
Please double- check all spelling, punctuation, names, and dates before submitting your order. We will embroider the text exactly as provided

Perfect gift for 
- Bride- to- be
- Future Mrs
- Bridal shower Gifts
- Engagement Gifts
- Bachelorette Party outfit
- Honeymoon Outfit
- Wedding morning outfit
- Bridal Getting- ready Photos
 
Processing time
 Our standard processing time is 3-5 days
Processing time begins after we receive all personalization details. Orders with missing information may be delayed until the required details are provided
During busy wedding season or holidays, processing times may vary slightly, but we always do our best to complete and ship orders as quickly as possible

Shipping times
Standard shipping usually takes approximately 5-9 business days after the order has been processed and shipped.
Please note that shipping times are estimated  and may vary depending on the carrier, destination, weather, holidays, or other delays outside of our control
Once your order has been shipped , tracking information will be provided when available

Rush Shipping Option
Need your order sooner? 
We offer a Rush shipping option, which usually arrives in approximately 3-5 business days after processing.
Please select the rush option shipping  at checkout or message us before ordering if you have a specific deadline
Rush Shipping Speeds up the delivery method, but please remember that each handkerchief is still custom embroidered and requires production time

Important Notes
- Colors may appear slightly different depending on your screen or monitor settings
- Placement and sizing of embroidery may vary slightly depending on the wording and font selected
- Personalized item are handmade, so slight variations may occur.

Return & Exchange Policy
Because this is personalized custom item, we do not accept  returns, exchanges or cancellation once production has started 
However customer satisfaction is very important to us. If there is an issue with your order, please contact us as soon as possible so we can help
We are not responsible for errors submitted in the personalization box, including spelling mistakes, incorrect dates, missing words, or wrong names. 
Please review your personalization carefully before placing order 
If we make an error on your order, please message us with photos of the item and packaging, and we will be happy to assist.

Lost, Delayed Or Return Packages
Once an order has been shipped, delivery is handled by the shipping carrier
We are not responsible for carrier delays, lost packages, incorrect address, or packages marked as delivered by the carrier
Please make sure your shipping address is correct before placing your order
If a package is returned to us due to an incorrect or incomplete address, the buyer is  responsible for any addition shipping cost to resend the item

Care Instructions
Machine Wash gently with cold water
Lay flat or tumbler dry low
Iron if needed
Do not bleach

Thank you so much for supporting our handmade shop. We are honored to create a meaningful keepsake for your special day.",35.32,USD,999,"custom_embroidery,comfort_colors_tee,personalized_shirt,custom_text_tshirt,minimalist_tee_gift,embroidered_tee,custom_logo_shirt,unisex_custom_top,name_embroidery,small_business_tee,personalized_gift,custom_phrase_tee,embroidered_tshirt","Cotton,Polyester",https://i.etsystatic.com/66439541/r/il/a85fb3/8255427741/il_fullxfull.8255427741_39d3.jpg,https://i.etsystatic.com/66439541/r/il/57ea5d/8207502782/il_fullxfull.8207502782_sjrf.jpg,https://i.etsystatic.com/66439541/r/il/31caf3/8255425893/il_fullxfull.8255425893_2sfs.jpg,https://i.etsystatic.com/66439541/r/il/764082/8207495544/il_fullxfull.8207495544_l1sy.jpg,https://i.etsystatic.com/66439541/r/il/33a666/8207495484/il_fullxfull.8207495484_pumc.jpg,https://i.etsystatic.com/66439541/r/il/b12c26/8255418563/il_fullxfull.8255418563_tq9d.jpg,https://i.etsystatic.com/66439541/r/il/15a7a9/8255418623/il_fullxfull.8255418623_2tj8.jpg,https://i.etsystatic.com/66439541/r/il/205abc/8255418677/il_fullxfull.8255418677_8ggy.jpg,https://i.etsystatic.com/66439541/r/il/925b9d/8255418675/il_fullxfull.8255418675_1a2h.jpg,https://i.etsystatic.com/66439541/r/il/1680f3/8255418635/il_fullxfull.8255418635_2glz.jpg,"Custom Property","Your choice","Gildan Sweatshirt,Tshirt Comfort Color,Gildan Hoodie,Quarter Zip,Croptop,Spaghetti Stap Tank,Rib-Racer Tank","Women's clothing size",Size,"XS,S,M,L,XL,2X,3X",TUL-010
"Custom Embroidered Sweatshirt, Personalized Text Hoodie, Cozy Autumn Pullover","Create a cozy seasonal favorite with this custom embroidered sweatshirt personalized with your own text, phrase, or name. Perfect for fall outfits, pumpkin season, family gatherings, and thoughtful gifts, this personalized hoodie turns your words into a unique embroidered keepsake. 🍂🎃

• Add your custom wording: Personalize the sweatshirt with a name, favorite phrase, seasonal saying, family nickname, business name, or another short message that reflects your personality.

• Perfect for autumn style: Choose phrases such as “Fall Vibes,” “Hello Pumpkin,” “Cozy Season,” or provide your own wording for pumpkin patch trips, bonfires, Thanksgiving gatherings, and everyday fall outfits.

• Quality embroidered finish: Your selected text is stitched directly onto the garment, creating a textured and polished design that offers lasting character beyond standard printed apparel.

• Choose your preferred look: Select the sweatshirt color, embroidery thread color, lettering style, size, and custom wording to create a combination that feels completely personal. 🎨

• Thoughtful personalized gift: A cozy present for a wife, girlfriend, mom, sister, daughter, best friend, coworker, teacher, or anyone who loves custom clothing and autumn celebrations. 🎁

• Great for matching groups: Order coordinated sweatshirts for family gatherings, girls’ weekends, pumpkin patch visits, fall birthdays, team events, small businesses, or holiday photographs.

• Easy seasonal styling: Pair your personalized crewneck or hoodie with jeans, leggings, boots, sneakers, or layered jackets for relaxed weekends, errands, travel, and outdoor autumn activities.
 How to personalize
Please enter the following information in the personalization box
1. Font Selection number
2. Exact words to be embroidered
3. Thread color
4. Optional symbol request, if applicable
Please double- check all spelling, punctuation, names, and dates before submitting your order. We will embroider the text exactly as provided

Perfect gift for 
- Bride- to- be
- Future Mrs
- Bridal shower Gifts
- Engagement Gifts
- Bachelorette Party outfit
- Honeymoon Outfit
- Wedding morning outfit
- Bridal Getting- ready Photos
 
Processing time
 Our standard processing time is 3-5 days
Processing time begins after we receive all personalization details. Orders with missing information may be delayed until the required details are provided
During busy wedding season or holidays, processing times may vary slightly, but we always do our best to complete and ship orders as quickly as possible

Shipping times
Standard shipping usually takes approximately 5-9 business days after the order has been processed and shipped.
Please note that shipping times are estimated  and may vary depending on the carrier, destination, weather, holidays, or other delays outside of our control
Once your order has been shipped , tracking information will be provided when available

Rush Shipping Option
Need your order sooner? 
We offer a Rush shipping option, which usually arrives in approximately 3-5 business days after processing.
Please select the rush option shipping  at checkout or message us before ordering if you have a specific deadline
Rush Shipping Speeds up the delivery method, but please remember that each handkerchief is still custom embroidered and requires production time

Important Notes
- Colors may appear slightly different depending on your screen or monitor settings
- Placement and sizing of embroidery may vary slightly depending on the wording and font selected
- Personalized item are handmade, so slight variations may occur.

Return & Exchange Policy
Because this is personalized custom item, we do not accept  returns, exchanges or cancellation once production has started 
However customer satisfaction is very important to us. If there is an issue with your order, please contact us as soon as possible so we can help
We are not responsible for errors submitted in the personalization box, including spelling mistakes, incorrect dates, missing words, or wrong names. 
Please review your personalization carefully before placing order 
If we make an error on your order, please message us with photos of the item and packaging, and we will be happy to assist.

Lost, Delayed Or Return Packages
Once an order has been shipped, delivery is handled by the shipping carrier
We are not responsible for carrier delays, lost packages, incorrect address, or packages marked as delivered by the carrier
Please make sure your shipping address is correct before placing your order
If a package is returned to us due to an incorrect or incomplete address, the buyer is  responsible for any addition shipping cost to resend the item

Care Instructions
Machine Wash gently with cold water
Lay flat or tumbler dry low
Iron if needed
Do not bleach

Thank you so much for supporting our handmade shop. We are honored to create a meaningful keepsake for your special day.",35.32,USD,999,"custom_sweatshirt,embroidered_hoodie,personalized_text,custom_fall_shirt,cozy_season_top,autumn_pullover,custom_wording_gift,fall_vibes_hoodie,hello_pumpkin_top,embroidered_crewneck,personalized_hoodie,custom_phrase_shirt,cozy_autumn_gift","Cotton,Polyester",https://i.etsystatic.com/66439541/r/il/9d2dee/8255418591/il_fullxfull.8255418591_ga7m.jpg,https://i.etsystatic.com/66439541/r/il/764082/8207495544/il_fullxfull.8207495544_l1sy.jpg,https://i.etsystatic.com/66439541/r/il/33a666/8207495484/il_fullxfull.8207495484_pumc.jpg,https://i.etsystatic.com/66439541/r/il/b12c26/8255418563/il_fullxfull.8255418563_tq9d.jpg,https://i.etsystatic.com/66439541/r/il/15a7a9/8255418623/il_fullxfull.8255418623_2tj8.jpg,https://i.etsystatic.com/66439541/r/il/205abc/8255418677/il_fullxfull.8255418677_8ggy.jpg,https://i.etsystatic.com/66439541/r/il/0c8822/8207494760/il_fullxfull.8207494760_39d3.jpg,https://i.etsystatic.com/66439541/r/il/925b9d/8255418675/il_fullxfull.8255418675_1a2h.jpg,https://i.etsystatic.com/66439541/r/il/1680f3/8255418635/il_fullxfull.8255418635_2glz.jpg,https://i.etsystatic.com/66439541/r/il/3fbefa/8130478566/il_fullxfull.8130478566_amwj.jpg,"Custom Property","Your choice","Gildan Sweatshirt,Tshirt Comfort Color,Gildan Hoodie,Quarter Zip,Croptop,Spaghetti Stap Tank,Rib-Racer Tank","Women's clothing size",Size,"XS,S,M,L,XL,2X,3X",TUL-010
"Custom Embroidered Dog Portrait Sweatshirt, Pet Line Art Crewneck, Personalized Name Shirt","Turn a favorite pet photo into a custom embroidered dog portrait sweatshirt featuring elegant line art, floral accents, and an optional personalized name. This meaningful pet lover crewneck makes a thoughtful Golden Retriever dad gift, Father’s Day present for a husband, birthday surprise, or lasting pet memorial keepsake. 🐾🌼

• Created from your pet’s photo: Submit a clear, well-lit image of your dog, and the most recognizable facial details will be transformed into a custom line-art style embroidery designed to celebrate their unique personality.

• Optional personalized name: Add your dog’s name, nickname, adoption date, memorial date, or a short meaningful phrase beneath the portrait for an extra-special finishing touch.

• Thoughtful gift for dog dads: A heartfelt choice for a husband, boyfriend, father, grandpa, pet parent, Golden Retriever owner, or anyone whose dog is an important member of the family. 🎁

• Perfect for many occasions: Give this personalized dog sweatshirt for Father’s Day, birthdays, Christmas, anniversaries, adoption celebrations, pet memorials, or as a surprise gift from the family dog.

• Elegant embroidered artwork: The stitched pet portrait, handwritten-style name, and delicate botanical details create a timeless design that feels personal while remaining easy to style.

• Photo recommendations: For the best result, choose a sharp front-facing or slightly angled photo with good natural lighting, visible facial features, and minimal blur or heavy shadows. 📷

• Personalization instructions: Please provide the pet’s name or requested wording and submit the selected photo when ordering. Double-check spelling, capitalization, and all custom details carefully.

• Comfortable everyday keepsake: Pair this embroidered crewneck with jeans, leggings, or casual layers for dog walks, family gatherings, travel days, and relaxed weekends.
 How to personalize
Please enter the following information in the personalization box
1. Font Selection number
2. Exact words to be embroidered
3. Thread color
4. Optional symbol request, if applicable
Please double- check all spelling, punctuation, names, and dates before submitting your order. We will embroider the text exactly as provided

Perfect gift for 
- Bride- to- be
- Future Mrs
- Bridal shower Gifts
- Engagement Gifts
- Bachelorette Party outfit
- Honeymoon Outfit
- Wedding morning outfit
- Bridal Getting- ready Photos
 
Processing time
 Our standard processing time is 3-5 days
Processing time begins after we receive all personalization details. Orders with missing information may be delayed until the required details are provided
During busy wedding season or holidays, processing times may vary slightly, but we always do our best to complete and ship orders as quickly as possible

Shipping times
Standard shipping usually takes approximately 5-9 business days after the order has been processed and shipped.
Please note that shipping times are estimated  and may vary depending on the carrier, destination, weather, holidays, or other delays outside of our control
Once your order has been shipped , tracking information will be provided when available

Rush Shipping Option
Need your order sooner? 
We offer a Rush shipping option, which usually arrives in approximately 3-5 business days after processing.
Please select the rush option shipping  at checkout or message us before ordering if you have a specific deadline
Rush Shipping Speeds up the delivery method, but please remember that each handkerchief is still custom embroidered and requires production time

Important Notes
- Colors may appear slightly different depending on your screen or monitor settings
- Placement and sizing of embroidery may vary slightly depending on the wording and font selected
- Personalized item are handmade, so slight variations may occur.

Return & Exchange Policy
Because this is personalized custom item, we do not accept  returns, exchanges or cancellation once production has started 
However customer satisfaction is very important to us. If there is an issue with your order, please contact us as soon as possible so we can help
We are not responsible for errors submitted in the personalization box, including spelling mistakes, incorrect dates, missing words, or wrong names. 
Please review your personalization carefully before placing order 
If we make an error on your order, please message us with photos of the item and packaging, and we will be happy to assist.

Lost, Delayed Or Return Packages
Once an order has been shipped, delivery is handled by the shipping carrier
We are not responsible for carrier delays, lost packages, incorrect address, or packages marked as delivered by the carrier
Please make sure your shipping address is correct before placing your order
If a package is returned to us due to an incorrect or incomplete address, the buyer is  responsible for any addition shipping cost to resend the item

Care Instructions
Machine Wash gently with cold water
Lay flat or tumbler dry low
Iron if needed
Do not bleach

Thank you so much for supporting our handmade shop. We are honored to create a meaningful keepsake for your special day.",35.32,USD,999,"custom_dog_portrait,dog_photo_sweatshirt,embroidered_pet_art,personalized_dog,golden_retriever,dog_dad_gift_idea,fathers_day_dog,pet_memorial_gift,custom_name_shirt,line_art_dog_tee,husband_dog_gift,pet_lover_crewneck,dog_portrait_shirt","Cotton,Polyester",https://i.etsystatic.com/66439541/r/il/1c5e6a/8207476466/il_fullxfull.8207476466_jdb0.jpg,https://i.etsystatic.com/66439541/r/il/f00ad6/8255398411/il_fullxfull.8255398411_1izp.jpg,https://i.etsystatic.com/66439541/r/il/452dfa/8255397395/il_fullxfull.8255397395_k8x9.jpg,https://i.etsystatic.com/66439541/r/il/a3aa6b/8255398417/il_fullxfull.8255398417_sfio.jpg,https://i.etsystatic.com/66439541/r/il/de34a1/8207474294/il_fullxfull.8207474294_dmff.jpg,https://i.etsystatic.com/66439541/r/il/2cff1d/8255397237/il_fullxfull.8255397237_pxz0.jpg,https://i.etsystatic.com/66439541/r/il/ba6892/8207436454/il_fullxfull.8207436454_hjjw.jpg,https://i.etsystatic.com/66439541/r/il/28abb2/8198189967/il_fullxfull.8198189967_rn9e.jpg,https://i.etsystatic.com/66439541/r/il/957d54/8255283127/il_fullxfull.8255283127_kukh.jpg,https://i.etsystatic.com/66439541/r/il/1d6569/8207360470/il_fullxfull.8207360470_3l6p.jpg,"Custom Property","Your choice","Gildan Sweatshirt,Tshirt Comfort Color,Gildan Hoodie,Quarter Zip,Croptop,Spaghetti Stap Tank,Rib-Racer Tank","Women's clothing size",Size,"XS,S,M,L,XL,2X,3X",TUL-010
"Custom Embroidered Dog Portrait Sweatshirt, Pet Line Art Crewneck, Personalized Name Shirt","Turn a favorite pet photo into a custom embroidered dog portrait sweatshirt featuring elegant line art, floral accents, and an optional personalized name. This meaningful pet lover crewneck makes a thoughtful Golden Retriever dad gift, Father’s Day present for a husband, birthday surprise, or lasting pet memorial keepsake. 🐾🌼

• Created from your pet’s photo: Submit a clear, well-lit image of your dog, and the most recognizable facial details will be transformed into a custom line-art style embroidery designed to celebrate their unique personality.

• Optional personalized name: Add your dog’s name, nickname, adoption date, memorial date, or a short meaningful phrase beneath the portrait for an extra-special finishing touch.

• Thoughtful gift for dog dads: A heartfelt choice for a husband, boyfriend, father, grandpa, pet parent, Golden Retriever owner, or anyone whose dog is an important member of the family. 🎁

• Perfect for many occasions: Give this personalized dog sweatshirt for Father’s Day, birthdays, Christmas, anniversaries, adoption celebrations, pet memorials, or as a surprise gift from the family dog.

• Elegant embroidered artwork: The stitched pet portrait, handwritten-style name, and delicate botanical details create a timeless design that feels personal while remaining easy to style.

• Photo recommendations: For the best result, choose a sharp front-facing or slightly angled photo with good natural lighting, visible facial features, and minimal blur or heavy shadows. 📷

• Personalization instructions: Please provide the pet’s name or requested wording and submit the selected photo when ordering. Double-check spelling, capitalization, and all custom details carefully.

• Comfortable everyday keepsake: Pair this embroidered crewneck with jeans, leggings, or casual layers for dog walks, family gatherings, travel days, and relaxed weekends.
 How to personalize
Please enter the following information in the personalization box
1. Font Selection number
2. Exact words to be embroidered
3. Thread color
4. Optional symbol request, if applicable
Please double- check all spelling, punctuation, names, and dates before submitting your order. We will embroider the text exactly as provided

Perfect gift for 
- Bride- to- be
- Future Mrs
- Bridal shower Gifts
- Engagement Gifts
- Bachelorette Party outfit
- Honeymoon Outfit
- Wedding morning outfit
- Bridal Getting- ready Photos
 
Processing time
 Our standard processing time is 3-5 days
Processing time begins after we receive all personalization details. Orders with missing information may be delayed until the required details are provided
During busy wedding season or holidays, processing times may vary slightly, but we always do our best to complete and ship orders as quickly as possible

Shipping times
Standard shipping usually takes approximately 5-9 business days after the order has been processed and shipped.
Please note that shipping times are estimated  and may vary depending on the carrier, destination, weather, holidays, or other delays outside of our control
Once your order has been shipped , tracking information will be provided when available

Rush Shipping Option
Need your order sooner? 
We offer a Rush shipping option, which usually arrives in approximately 3-5 business days after processing.
Please select the rush option shipping  at checkout or message us before ordering if you have a specific deadline
Rush Shipping Speeds up the delivery method, but please remember that each handkerchief is still custom embroidered and requires production time

Important Notes
- Colors may appear slightly different depending on your screen or monitor settings
- Placement and sizing of embroidery may vary slightly depending on the wording and font selected
- Personalized item are handmade, so slight variations may occur.

Return & Exchange Policy
Because this is personalized custom item, we do not accept  returns, exchanges or cancellation once production has started 
However customer satisfaction is very important to us. If there is an issue with your order, please contact us as soon as possible so we can help
We are not responsible for errors submitted in the personalization box, including spelling mistakes, incorrect dates, missing words, or wrong names. 
Please review your personalization carefully before placing order 
If we make an error on your order, please message us with photos of the item and packaging, and we will be happy to assist.

Lost, Delayed Or Return Packages
Once an order has been shipped, delivery is handled by the shipping carrier
We are not responsible for carrier delays, lost packages, incorrect address, or packages marked as delivered by the carrier
Please make sure your shipping address is correct before placing your order
If a package is returned to us due to an incorrect or incomplete address, the buyer is  responsible for any addition shipping cost to resend the item

Care Instructions
Machine Wash gently with cold water
Lay flat or tumbler dry low
Iron if needed
Do not bleach

Thank you so much for supporting our handmade shop. We are honored to create a meaningful keepsake for your special day.",35.32,USD,999,"custom_dog_portrait,dog_photo_sweatshirt,embroidered_pet_art,personalized_dog,golden_retriever,dog_dad_gift_idea,fathers_day_dog,pet_memorial_gift,custom_name_shirt,line_art_dog_tee,husband_dog_gift,pet_lover_crewneck,dog_portrait_shirt","Cotton,Polyester",https://i.etsystatic.com/66439541/r/il/c3ef2c/8255392981/il_fullxfull.8255392981_ftc9.jpg,https://i.etsystatic.com/66439541/r/il/4901e9/8207465876/il_fullxfull.8207465876_1ovs.jpg,https://i.etsystatic.com/66439541/r/il/381e91/8207465878/il_fullxfull.8207465878_e35u.jpg,https://i.etsystatic.com/66439541/r/il/ba6892/8207436454/il_fullxfull.8207436454_hjjw.jpg,https://i.etsystatic.com/66439541/r/il/28abb2/8198189967/il_fullxfull.8198189967_rn9e.jpg,https://i.etsystatic.com/66439541/r/il/957d54/8255283127/il_fullxfull.8255283127_kukh.jpg,https://i.etsystatic.com/66439541/r/il/1d6569/8207360470/il_fullxfull.8207360470_3l6p.jpg,https://i.etsystatic.com/66439541/r/il/3d65ee/8207360468/il_fullxfull.8207360468_17ug.jpg,https://i.etsystatic.com/66439541/r/il/2aa2a3/8150339970/il_fullxfull.8150339970_7bcg.jpg,https://i.etsystatic.com/66439541/r/il/398d71/8150339866/il_fullxfull.8150339866_fj16.jpg,"Custom Property","Your choice","Gildan Sweatshirt,Tshirt Comfort Color,Gildan Hoodie,Quarter Zip,Croptop,Spaghetti Stap Tank,Rib-Racer Tank","Women's clothing size",Size,"XS,S,M,L,XL,2X,3X",TUL-010
"Custom Embroidered Dog Portrait Sweatshirt, Pet Line Art Crewneck, Personalized Name Shirt","Turn a favorite pet photo into a custom embroidered dog portrait sweatshirt featuring elegant line art, floral accents, and an optional personalized name. This meaningful pet lover crewneck makes a thoughtful Golden Retriever dad gift, Father’s Day present for a husband, birthday surprise, or lasting pet memorial keepsake. 🐾🌼

• Created from your pet’s photo: Submit a clear, well-lit image of your dog, and the most recognizable facial details will be transformed into a custom line-art style embroidery designed to celebrate their unique personality.

• Optional personalized name: Add your dog’s name, nickname, adoption date, memorial date, or a short meaningful phrase beneath the portrait for an extra-special finishing touch.

• Thoughtful gift for dog dads: A heartfelt choice for a husband, boyfriend, father, grandpa, pet parent, Golden Retriever owner, or anyone whose dog is an important member of the family. 🎁

• Perfect for many occasions: Give this personalized dog sweatshirt for Father’s Day, birthdays, Christmas, anniversaries, adoption celebrations, pet memorials, or as a surprise gift from the family dog.

• Elegant embroidered artwork: The stitched pet portrait, handwritten-style name, and delicate botanical details create a timeless design that feels personal while remaining easy to style.

• Photo recommendations: For the best result, choose a sharp front-facing or slightly angled photo with good natural lighting, visible facial features, and minimal blur or heavy shadows. 📷

• Personalization instructions: Please provide the pet’s name or requested wording and submit the selected photo when ordering. Double-check spelling, capitalization, and all custom details carefully.

• Comfortable everyday keepsake: Pair this embroidered crewneck with jeans, leggings, or casual layers for dog walks, family gatherings, travel days, and relaxed weekends.
 How to personalize
Please enter the following information in the personalization box
1. Font Selection number
2. Exact words to be embroidered
3. Thread color
4. Optional symbol request, if applicable
Please double- check all spelling, punctuation, names, and dates before submitting your order. We will embroider the text exactly as provided

Perfect gift for 
- Bride- to- be
- Future Mrs
- Bridal shower Gifts
- Engagement Gifts
- Bachelorette Party outfit
- Honeymoon Outfit
- Wedding morning outfit
- Bridal Getting- ready Photos
 
Processing time
 Our standard processing time is 3-5 days
Processing time begins after we receive all personalization details. Orders with missing information may be delayed until the required details are provided
During busy wedding season or holidays, processing times may vary slightly, but we always do our best to complete and ship orders as quickly as possible

Shipping times
Standard shipping usually takes approximately 5-9 business days after the order has been processed and shipped.
Please note that shipping times are estimated  and may vary depending on the carrier, destination, weather, holidays, or other delays outside of our control
Once your order has been shipped , tracking information will be provided when available

Rush Shipping Option
Need your order sooner? 
We offer a Rush shipping option, which usually arrives in approximately 3-5 business days after processing.
Please select the rush option shipping  at checkout or message us before ordering if you have a specific deadline
Rush Shipping Speeds up the delivery method, but please remember that each handkerchief is still custom embroidered and requires production time

Important Notes
- Colors may appear slightly different depending on your screen or monitor settings
- Placement and sizing of embroidery may vary slightly depending on the wording and font selected
- Personalized item are handmade, so slight variations may occur.

Return & Exchange Policy
Because this is personalized custom item, we do not accept  returns, exchanges or cancellation once production has started 
However customer satisfaction is very important to us. If there is an issue with your order, please contact us as soon as possible so we can help
We are not responsible for errors submitted in the personalization box, including spelling mistakes, incorrect dates, missing words, or wrong names. 
Please review your personalization carefully before placing order 
If we make an error on your order, please message us with photos of the item and packaging, and we will be happy to assist.

Lost, Delayed Or Return Packages
Once an order has been shipped, delivery is handled by the shipping carrier
We are not responsible for carrier delays, lost packages, incorrect address, or packages marked as delivered by the carrier
Please make sure your shipping address is correct before placing your order
If a package is returned to us due to an incorrect or incomplete address, the buyer is  responsible for any addition shipping cost to resend the item

Care Instructions
Machine Wash gently with cold water
Lay flat or tumbler dry low
Iron if needed
Do not bleach

Thank you so much for supporting our handmade shop. We are honored to create a meaningful keepsake for your special day.",35.32,USD,999,"custom_dog_portrait,dog_photo_sweatshirt,embroidered_pet_art,personalized_dog,golden_retriever,dog_dad_gift_idea,fathers_day_dog,pet_memorial_gift,custom_name_shirt,line_art_dog_tee,husband_dog_gift,pet_lover_crewneck,dog_portrait_shirt","Cotton,Polyester",https://i.etsystatic.com/66439541/r/il/dbb504/8255364063/il_fullxfull.8255364063_8514.jpg,https://i.etsystatic.com/66439541/r/il/de27d4/8207436536/il_fullxfull.8207436536_84hb.jpg,https://i.etsystatic.com/66439541/r/il/314140/8207436496/il_fullxfull.8207436496_outv.jpg,https://i.etsystatic.com/66439541/r/il/1ba8f0/8207436538/il_fullxfull.8207436538_r592.jpg,https://i.etsystatic.com/66439541/r/il/f60299/8255361067/il_fullxfull.8255361067_s8pv.jpg,https://i.etsystatic.com/66439541/r/il/ba6892/8207436454/il_fullxfull.8207436454_hjjw.jpg,https://i.etsystatic.com/66439541/r/il/28abb2/8198189967/il_fullxfull.8198189967_rn9e.jpg,https://i.etsystatic.com/66439541/r/il/957d54/8255283127/il_fullxfull.8255283127_kukh.jpg,https://i.etsystatic.com/66439541/r/il/1d6569/8207360470/il_fullxfull.8207360470_3l6p.jpg,https://i.etsystatic.com/66439541/r/il/3d65ee/8207360468/il_fullxfull.8207360468_17ug.jpg,"Custom Property","Your choice","Gildan Sweatshirt,Tshirt Comfort Color,Gildan Hoodie,Quarter Zip,Croptop,Spaghetti Stap Tank,Rib-Racer Tank","Women's clothing size",Size,"XS,S,M,L,XL,2X,3X",TUL-010
"Custom Varsity Letter Sweatshirt, Personalized Embroidered Pullover, Collegiate Style Name Top","Create a one-of-a-kind custom text embroidered sweatshirt with bold varsity-style lettering and your chosen wording. This personalized collegiate crewneck is perfect for school clubs, sports teams, businesses, family groups, student organizations, matching events, or meaningful everyday gifts. 🎓✨

• Personalized with your wording: Add a name, school, city, team, club, organization, business, family phrase, or short custom message to create an embroidered sweatshirt designed especially for you.

• Classic varsity lettering: The bold collegiate-style font gives the sweatshirt a timeless campus-inspired appearance that works beautifully for school spirit, team apparel, and casual everyday outfits.

• Optional second text line: Include a smaller line beneath the main wording for a graduation year, department, location, slogan, nickname, or another meaningful detail.

• Choose your colors: Select your preferred sweatshirt shade and embroidery thread combination to match school colors, team branding, group themes, or personal style. 🎨

• Perfect for matching groups: A great option for college clubs, sororities, fraternities, sports teams, dance groups, bridal parties, family reunions, staff uniforms, and friendship gifts.

• Thoughtful personalized present: Surprise a student, graduate, teacher, coach, teammate, coworker, friend, sibling, or loved one with a custom crewneck made just for them. 🎁

• Easy everyday styling: Pair this embroidered varsity sweatshirt with jeans, leggings, shorts, sneakers, or layered outfits for campus days, sporting events, travel, and relaxed weekends
 How to personalize
Please enter the following information in the personalization box
1. Font Selection number
2. Exact words to be embroidered
3. Thread color
4. Optional symbol request, if applicable
Please double- check all spelling, punctuation, names, and dates before submitting your order. We will embroider the text exactly as provided

Perfect gift for 
- Bride- to- be
- Future Mrs
- Bridal shower Gifts
- Engagement Gifts
- Bachelorette Party outfit
- Honeymoon Outfit
- Wedding morning outfit
- Bridal Getting- ready Photos
 
Processing time
 Our standard processing time is 3-5 days
Processing time begins after we receive all personalization details. Orders with missing information may be delayed until the required details are provided
During busy wedding season or holidays, processing times may vary slightly, but we always do our best to complete and ship orders as quickly as possible

Shipping times
Standard shipping usually takes approximately 5-9 business days after the order has been processed and shipped.
Please note that shipping times are estimated  and may vary depending on the carrier, destination, weather, holidays, or other delays outside of our control
Once your order has been shipped , tracking information will be provided when available

Rush Shipping Option
Need your order sooner? 
We offer a Rush shipping option, which usually arrives in approximately 3-5 business days after processing.
Please select the rush option shipping  at checkout or message us before ordering if you have a specific deadline
Rush Shipping Speeds up the delivery method, but please remember that each handkerchief is still custom embroidered and requires production time

Important Notes
- Colors may appear slightly different depending on your screen or monitor settings
- Placement and sizing of embroidery may vary slightly depending on the wording and font selected
- Personalized item are handmade, so slight variations may occur.

Return & Exchange Policy
Because this is personalized custom item, we do not accept  returns, exchanges or cancellation once production has started 
However customer satisfaction is very important to us. If there is an issue with your order, please contact us as soon as possible so we can help
We are not responsible for errors submitted in the personalization box, including spelling mistakes, incorrect dates, missing words, or wrong names. 
Please review your personalization carefully before placing order 
If we make an error on your order, please message us with photos of the item and packaging, and we will be happy to assist.

Lost, Delayed Or Return Packages
Once an order has been shipped, delivery is handled by the shipping carrier
We are not responsible for carrier delays, lost packages, incorrect address, or packages marked as delivered by the carrier
Please make sure your shipping address is correct before placing your order
If a package is returned to us due to an incorrect or incomplete address, the buyer is  responsible for any addition shipping cost to resend the item

Care Instructions
Machine Wash gently with cold water
Lay flat or tumbler dry low
Iron if needed
Do not bleach

Thank you so much for supporting our handmade shop. We are honored to create a meaningful keepsake for your special day.",35.32,USD,999,"custom_sweatshirt,embroidered_text,varsity_crewneck,college_style_top,personalized_name,custom_text_shirt,collegiate_sweater,team_spirit_gift,student_gift_idea,school_club_shirt,matching_group_top,embroidered_pullover,custom_college_gift","Cotton,Polyester",https://i.etsystatic.com/66439541/r/il/181f1f/8255348921/il_fullxfull.8255348921_dytw.jpg,https://i.etsystatic.com/66439541/r/il/26c065/8207425516/il_fullxfull.8207425516_d9jb.jpg,https://i.etsystatic.com/66439541/r/il/818eea/8255348919/il_fullxfull.8255348919_naal.jpg,https://i.etsystatic.com/66439541/r/il/928542/8255348913/il_fullxfull.8255348913_a1df.jpg,https://i.etsystatic.com/66439541/r/il/3fbefa/8130478566/il_fullxfull.8130478566_amwj.jpg,https://i.etsystatic.com/66439541/r/il/28abb2/8198189967/il_fullxfull.8198189967_rn9e.jpg,https://i.etsystatic.com/66439541/r/il/957d54/8255283127/il_fullxfull.8255283127_kukh.jpg,https://i.etsystatic.com/66439541/r/il/1d6569/8207360470/il_fullxfull.8207360470_3l6p.jpg,https://i.etsystatic.com/66439541/r/il/3d65ee/8207360468/il_fullxfull.8207360468_17ug.jpg,https://i.etsystatic.com/66439541/r/il/2aa2a3/8150339970/il_fullxfull.8150339970_7bcg.jpg,"Custom Property","Your choice","Gildan Sweatshirt,Tshirt Comfort Color,Gildan Hoodie,Quarter Zip,Croptop,Spaghetti Stap Tank,Rib-Racer Tank","Women's clothing size",Size,"XS,S,M,L,XL,2X,3X",TUL-010
"Custom Future Mrs Embroidered Sweatshirt, Personalized Bride Sweater with Date","Celebrate her new chapter with a custom Future Mrs embroidered sweatshirt personalized with the bride’s future surname and an optional special date on the sleeve. This cozy bridal sweater is a thoughtful engagement gift, bridal shower surprise, bachelorette outfit, honeymoon layer, and keepsake for the future Mrs. 💍🤍

• Personalized future surname: Customize the front embroidery with “Mrs.” and the bride’s future last name to create a meaningful sweater made especially for her wedding journey.

• Optional date on the sleeve: Add the engagement date, wedding date, or another memorable date to the sleeve for an extra personal detail she can treasure long after the celebration.

• Elegant embroidered finish: The combination of delicate script and timeless surname lettering creates a polished bridal design with texture and lasting character.

• Perfect engagement gift: Surprise your fiancée, girlfriend, daughter, sister, best friend, or future daughter-in-law with a personalized keepsake celebrating her exciting new title. 🎁
 How to personalize
Please enter the following information in the personalization box
1. Font Selection number
2. Exact words to be embroidered
3. Thread color
4. Optional symbol request, if applicable
Please double- check all spelling, punctuation, names, and dates before submitting your order. We will embroider the text exactly as provided

Perfect gift for 
- Bride- to- be
- Future Mrs
- Bridal shower Gifts
- Engagement Gifts
- Bachelorette Party outfit
- Honeymoon Outfit
- Wedding morning outfit
- Bridal Getting- ready Photos
 
Processing time
 Our standard processing time is 3-5 days
Processing time begins after we receive all personalization details. Orders with missing information may be delayed until the required details are provided
During busy wedding season or holidays, processing times may vary slightly, but we always do our best to complete and ship orders as quickly as possible

Shipping times
Standard shipping usually takes approximately 5-9 business days after the order has been processed and shipped.
Please note that shipping times are estimated  and may vary depending on the carrier, destination, weather, holidays, or other delays outside of our control
Once your order has been shipped , tracking information will be provided when available

Rush Shipping Option
Need your order sooner? 
We offer a Rush shipping option, which usually arrives in approximately 3-5 business days after processing.
Please select the rush option shipping  at checkout or message us before ordering if you have a specific deadline
Rush Shipping Speeds up the delivery method, but please remember that each handkerchief is still custom embroidered and requires production time

Important Notes
- Colors may appear slightly different depending on your screen or monitor settings
- Placement and sizing of embroidery may vary slightly depending on the wording and font selected
- Personalized item are handmade, so slight variations may occur.

Return & Exchange Policy
Because this is personalized custom item, we do not accept  returns, exchanges or cancellation once production has started 
However customer satisfaction is very important to us. If there is an issue with your order, please contact us as soon as possible so we can help
We are not responsible for errors submitted in the personalization box, including spelling mistakes, incorrect dates, missing words, or wrong names. 
Please review your personalization carefully before placing order 
If we make an error on your order, please message us with photos of the item and packaging, and we will be happy to assist.

Lost, Delayed Or Return Packages
Once an order has been shipped, delivery is handled by the shipping carrier
We are not responsible for carrier delays, lost packages, incorrect address, or packages marked as delivered by the carrier
Please make sure your shipping address is correct before placing your order
If a package is returned to us due to an incorrect or incomplete address, the buyer is  responsible for any addition shipping cost to resend the item

Care Instructions
Machine Wash gently with cold water
Lay flat or tumbler dry low
Iron if needed
Do not bleach

Thank you so much for supporting our handmade shop. We are honored to create a meaningful keepsake for your special day.",35.32,USD,999,"future_mrs_sweater,custom_bride_hoodie,embroidered_bride,personalized_mrs,engagement_gift,bridal_shower_gift,gift_for_fiancee,date_sleeve_sweater,just_married_top,honeymoon_sweater,bride_to_be_gift,mrs_name_sweatshirt,bachelorette_gift","Cotton,Polyester",https://i.etsystatic.com/66439541/r/il/a2974b/8255287981/il_fullxfull.8255287981_15ch.jpg,https://i.etsystatic.com/66439541/r/il/4045f3/8255283967/il_fullxfull.8255283967_pd45.jpg,https://i.etsystatic.com/66439541/r/il/39952e/8207361158/il_fullxfull.8207361158_klnj.jpg,https://i.etsystatic.com/66439541/r/il/9959eb/8255283989/il_fullxfull.8255283989_258m.jpg,https://i.etsystatic.com/66439541/r/il/3fbefa/8130478566/il_fullxfull.8130478566_amwj.jpg,https://i.etsystatic.com/66439541/r/il/28abb2/8198189967/il_fullxfull.8198189967_rn9e.jpg,https://i.etsystatic.com/66439541/r/il/957d54/8255283127/il_fullxfull.8255283127_kukh.jpg,https://i.etsystatic.com/66439541/r/il/1d6569/8207360470/il_fullxfull.8207360470_3l6p.jpg,https://i.etsystatic.com/66439541/r/il/3d65ee/8207360468/il_fullxfull.8207360468_17ug.jpg,https://i.etsystatic.com/66439541/r/il/2aa2a3/8150339970/il_fullxfull.8150339970_7bcg.jpg,"Custom Property","Your choice","Gildan Sweatshirt,Tshirt Comfort Color,Gildan Hoodie,Quarter Zip,Croptop,Spaghetti Stap Tank,Rib-Racer Tank","Women's clothing size",Size,"XS,S,M,L,XL,2X,3X",TUL-010
"Embroidered ""Will Yap About Books"" Cami, Literary Reader Spaghetti Strap Shirt","Show off your love of reading with this embroidered “Will Yap About Books” tank top. Featuring playful blue lettering and a tiny open-book design, this white spaghetti strap cami is a charming summer outfit and thoughtful gift for readers, bookworms, librarians, and book club friends. 📚💙
About Our  Tank top
Each Tank top is made to order and personalized with care. Please check the sizing chart and color options before placing your order.
Product Details
- Premium soft micro rib fabric
- Personalized embroidery or print option
- Not Vinyl
- Flattering fitted crop style
- Soft cotton/ Polyester Blend
- Pre- Shrunk Fabric
- Tear- away label
- Lightweight semi-sheer feel
- Perfect for layering or bridal Styling
 How to personalize
Please enter the following information in the personalization box
1. Font Selection number
2. Exact words to be embroidered
3. Thread color
4. Optional symbol request, if applicable
Please double- check all spelling, punctuation, names, and dates before submitting your order. We will embroider the text exactly as provided

Perfect gift for 
- Bride- to- be
- Future Mrs
- Bridal shower Gifts
- Engagement Gifts
- Bachelorette Party outfit
- Honeymoon Outfit
- Wedding morning outfit
- Bridal Getting- ready Photos
 
Processing time
 Our standard processing time is 3-5 days
Processing time begins after we receive all personalization details. Orders with missing information may be delayed until the required details are provided
During busy wedding season or holidays, processing times may vary slightly, but we always do our best to complete and ship orders as quickly as possible

Shipping times
Standard shipping usually takes approximately 5-9 business days after the order has been processed and shipped.
Please note that shipping times are estimated  and may vary depending on the carrier, destination, weather, holidays, or other delays outside of our control
Once your order has been shipped , tracking information will be provided when available

Rush Shipping Option
Need your order sooner? 
We offer a Rush shipping option, which usually arrives in approximately 3-5 business days after processing.
Please select the rush option shipping  at checkout or message us before ordering if you have a specific deadline
Rush Shipping Speeds up the delivery method, but please remember that each handkerchief is still custom embroidered and requires production time

Important Notes
- Colors may appear slightly different depending on your screen or monitor settings
- Placement and sizing of embroidery may vary slightly depending on the wording and font selected
- Personalized item are handmade, so slight variations may occur.

Return & Exchange Policy
Because this is personalized custom item, we do not accept  returns, exchanges or cancellation once production has started 
However customer satisfaction is very important to us. If there is an issue with your order, please contact us as soon as possible so we can help
We are not responsible for errors submitted in the personalization box, including spelling mistakes, incorrect dates, missing words, or wrong names. 
Please review your personalization carefully before placing order 
If we make an error on your order, please message us with photos of the item and packaging, and we will be happy to assist.

Lost, Delayed Or Return Packages
Once an order has been shipped, delivery is handled by the shipping carrier
We are not responsible for carrier delays, lost packages, incorrect address, or packages marked as delivered by the carrier
Please make sure your shipping address is correct before placing your order
If a package is returned to us due to an incorrect or incomplete address, the buyer is  responsible for any addition shipping cost to resend the item

Care Instructions
Machine Wash gently with cold water
Lay flat or tumbler dry low
Iron if needed
Do not bleach

Thank you so much for supporting our handmade shop. We are honored to create a meaningful keepsake for your special day.",26.64,USD,99,"book_lover_tank_top,embroidered_reader,will_yap_books_top,literary_cami_top,reading_gift_for_her,spaghetti_strap_top,cute_bookish_shirt,bookworm_summer_top,reader_outfit_women,library_lover_gift,book_club_tank_top,embroidered_book_top,bibliophile_cami","Cotton,Polyester",https://i.etsystatic.com/66439541/r/il/75e978/8255277927/il_fullxfull.8255277927_tdw1.jpg,https://i.etsystatic.com/66439541/r/il/d75226/8255276375/il_fullxfull.8255276375_bbvd.jpg,https://i.etsystatic.com/66439541/r/il/3c17e6/8198189973/il_fullxfull.8198189973_5fup.jpg,https://i.etsystatic.com/66439541/r/il/3fbefa/8130478566/il_fullxfull.8130478566_amwj.jpg,https://i.etsystatic.com/66439541/r/il/28abb2/8198189967/il_fullxfull.8198189967_rn9e.jpg,https://i.etsystatic.com/66439541/r/il/2aa2a3/8150339970/il_fullxfull.8150339970_7bcg.jpg,https://i.etsystatic.com/66439541/r/il/398d71/8150339866/il_fullxfull.8150339866_fj16.jpg,https://i.etsystatic.com/66439541/r/il/45b881/8198254531/il_fullxfull.8198254531_1qw9.jpg,https://i.etsystatic.com/66439541/r/il/acd6fe/8150274582/il_fullxfull.8150274582_ld3y.jpg,https://i.etsystatic.com/66439541/r/il/03134d/8130478676/il_fullxfull.8130478676_lee2.jpg,"Custom Property",Size,"XS,S,M,L,XL","Custom Property","YOUR CHOICE","SPAGHETTI STRAP TANK,RIB- RACER TANK,CROPTOP",TUL-010
"Custom Future Mrs Halloween Tank Top, Gothic Bachelorette Cami, Spooky Wedding Gift","Celebrate the bride-to-be with a custom Future Mrs Halloween tank top personalized with her new surname. Featuring bold orange gothic embroidery on a black spaghetti strap cami, this spooky bridal top is perfect for Halloween bachelorette parties, fall wedding events, and memorable bride gifts. 🎃🖤
About Our  Tank top
Each Tank top is made to order and personalized with care. Please check the sizing chart and color options before placing your order.
Product Details
- Premium soft micro rib fabric
- Personalized embroidery or print option
- Not Vinyl
- Flattering fitted crop style
- Soft cotton/ Polyester Blend
- Pre- Shrunk Fabric
- Tear- away label
- Lightweight semi-sheer feel
- Perfect for layering or bridal Styling
 How to personalize
Please enter the following information in the personalization box
1. Font Selection number
2. Exact words to be embroidered
3. Thread color
4. Optional symbol request, if applicable
Please double- check all spelling, punctuation, names, and dates before submitting your order. We will embroider the text exactly as provided

Perfect gift for 
- Bride- to- be
- Future Mrs
- Bridal shower Gifts
- Engagement Gifts
- Bachelorette Party outfit
- Honeymoon Outfit
- Wedding morning outfit
- Bridal Getting- ready Photos
 
Processing time
 Our standard processing time is 3-5 days
Processing time begins after we receive all personalization details. Orders with missing information may be delayed until the required details are provided
During busy wedding season or holidays, processing times may vary slightly, but we always do our best to complete and ship orders as quickly as possible

Shipping times
Standard shipping usually takes approximately 5-9 business days after the order has been processed and shipped.
Please note that shipping times are estimated  and may vary depending on the carrier, destination, weather, holidays, or other delays outside of our control
Once your order has been shipped , tracking information will be provided when available

Rush Shipping Option
Need your order sooner? 
We offer a Rush shipping option, which usually arrives in approximately 3-5 business days after processing.
Please select the rush option shipping  at checkout or message us before ordering if you have a specific deadline
Rush Shipping Speeds up the delivery method, but please remember that each handkerchief is still custom embroidered and requires production time

Important Notes
- Colors may appear slightly different depending on your screen or monitor settings
- Placement and sizing of embroidery may vary slightly depending on the wording and font selected
- Personalized item are handmade, so slight variations may occur.

Return & Exchange Policy
Because this is personalized custom item, we do not accept  returns, exchanges or cancellation once production has started 
However customer satisfaction is very important to us. If there is an issue with your order, please contact us as soon as possible so we can help
We are not responsible for errors submitted in the personalization box, including spelling mistakes, incorrect dates, missing words, or wrong names. 
Please review your personalization carefully before placing order 
If we make an error on your order, please message us with photos of the item and packaging, and we will be happy to assist.

Lost, Delayed Or Return Packages
Once an order has been shipped, delivery is handled by the shipping carrier
We are not responsible for carrier delays, lost packages, incorrect address, or packages marked as delivered by the carrier
Please make sure your shipping address is correct before placing your order
If a package is returned to us due to an incorrect or incomplete address, the buyer is  responsible for any addition shipping cost to resend the item

Care Instructions
Machine Wash gently with cold water
Lay flat or tumbler dry low
Iron if needed
Do not bleach

Thank you so much for supporting our handmade shop. We are honored to create a meaningful keepsake for your special day.",26.64,USD,99,"future_mrs_tank,halloween_bride,custom_bride_top,spooky_bridal_cami,gothic_bride_shirt,bachelorette_tank,personalized_cami,embroidered_bride,future_bride_gift,halloween_wedding,black_bridal_top,custom_surname_top,spooky_season_top","Cotton,Polyester",https://i.etsystatic.com/66439541/r/il/2bf99c/8203315292/il_fullxfull.8203315292_o1ba.jpg,https://i.etsystatic.com/66439541/r/il/d2d7bc/8251232073/il_fullxfull.8251232073_q82k.jpg,https://i.etsystatic.com/66439541/r/il/9a8933/8251232249/il_fullxfull.8251232249_hd3n.jpg,https://i.etsystatic.com/66439541/r/il/3c17e6/8198189973/il_fullxfull.8198189973_5fup.jpg,https://i.etsystatic.com/66439541/r/il/3fbefa/8130478566/il_fullxfull.8130478566_amwj.jpg,https://i.etsystatic.com/66439541/r/il/28abb2/8198189967/il_fullxfull.8198189967_rn9e.jpg,https://i.etsystatic.com/66439541/r/il/2aa2a3/8150339970/il_fullxfull.8150339970_7bcg.jpg,https://i.etsystatic.com/66439541/r/il/398d71/8150339866/il_fullxfull.8150339866_fj16.jpg,https://i.etsystatic.com/66439541/r/il/45b881/8198254531/il_fullxfull.8198254531_1qw9.jpg,https://i.etsystatic.com/66439541/r/il/acd6fe/8150274582/il_fullxfull.8150274582_ld3y.jpg,"Custom Property",Size,"XS,S,M,L,XL","Custom Property","YOUR CHOICE","SPAGHETTI STRAP TANK,RIB- RACER TANK,CROPTOP",TUL-010
"Embroidered Western Icon Tank Top, Cowboy Hat Longhorn Cactus Horseshoe Cami","Create your perfect country-inspired outfit with a custom western icon tank top featuring your choice of embroidered cowboy hat, bluebonnet flowers, Texas longhorn, cactus, or horseshoe. Available in versatile colors, this spaghetti strap cowgirl cami is perfect for rodeos, country concerts, western vacations, and everyday summer style. 🤠🌵
About Our  Tank top
Each Tank top is made to order and personalized with care. Please check the sizing chart and color options before placing your order.
Product Details
- Premium soft micro rib fabric
- Personalized embroidery or print option
- Not Vinyl
- Flattering fitted crop style
- Soft cotton/ Polyester Blend
- Pre- Shrunk Fabric
- Tear- away label
- Lightweight semi-sheer feel
- Perfect for layering or bridal Styling
 How to personalize
Please enter the following information in the personalization box
1. Font Selection number
2. Exact words to be embroidered
3. Thread color
4. Optional symbol request, if applicable
Please double- check all spelling, punctuation, names, and dates before submitting your order. We will embroider the text exactly as provided

Perfect gift for 
- Bride- to- be
- Future Mrs
- Bridal shower Gifts
- Engagement Gifts
- Bachelorette Party outfit
- Honeymoon Outfit
- Wedding morning outfit
- Bridal Getting- ready Photos
 
Processing time
 Our standard processing time is 3-5 days
Processing time begins after we receive all personalization details. Orders with missing information may be delayed until the required details are provided
During busy wedding season or holidays, processing times may vary slightly, but we always do our best to complete and ship orders as quickly as possible

Shipping times
Standard shipping usually takes approximately 5-9 business days after the order has been processed and shipped.
Please note that shipping times are estimated  and may vary depending on the carrier, destination, weather, holidays, or other delays outside of our control
Once your order has been shipped , tracking information will be provided when available

Rush Shipping Option
Need your order sooner? 
We offer a Rush shipping option, which usually arrives in approximately 3-5 business days after processing.
Please select the rush option shipping  at checkout or message us before ordering if you have a specific deadline
Rush Shipping Speeds up the delivery method, but please remember that each handkerchief is still custom embroidered and requires production time

Important Notes
- Colors may appear slightly different depending on your screen or monitor settings
- Placement and sizing of embroidery may vary slightly depending on the wording and font selected
- Personalized item are handmade, so slight variations may occur.

Return & Exchange Policy
Because this is personalized custom item, we do not accept  returns, exchanges or cancellation once production has started 
However customer satisfaction is very important to us. If there is an issue with your order, please contact us as soon as possible so we can help
We are not responsible for errors submitted in the personalization box, including spelling mistakes, incorrect dates, missing words, or wrong names. 
Please review your personalization carefully before placing order 
If we make an error on your order, please message us with photos of the item and packaging, and we will be happy to assist.

Lost, Delayed Or Return Packages
Once an order has been shipped, delivery is handled by the shipping carrier
We are not responsible for carrier delays, lost packages, incorrect address, or packages marked as delivered by the carrier
Please make sure your shipping address is correct before placing your order
If a package is returned to us due to an incorrect or incomplete address, the buyer is  responsible for any addition shipping cost to resend the item

Care Instructions
Machine Wash gently with cold water
Lay flat or tumbler dry low
Iron if needed
Do not bleach

Thank you so much for supporting our handmade shop. We are honored to create a meaningful keepsake for your special day.",26.64,USD,99,"custom_western_top,cowgirl_tank_top,embroidered_cami,cowboy_hat_shirt,western_icon_top,rodeo_gift_for_her,cactus_tank_top,longhorn_cowgirl,horseshoe_cami,western_summer_top,personalized_tank,country_girl_gift,western_rodeo_shirt","Cotton,Polyester",https://i.etsystatic.com/66439541/r/il/96ca44/8251181899/il_fullxfull.8251181899_92w1.jpg,https://i.etsystatic.com/66439541/r/il/240c1b/8251181941/il_fullxfull.8251181941_9tss.jpg,https://i.etsystatic.com/66439541/r/il/3c17e6/8198189973/il_fullxfull.8198189973_5fup.jpg,https://i.etsystatic.com/66439541/r/il/3fbefa/8130478566/il_fullxfull.8130478566_amwj.jpg,https://i.etsystatic.com/66439541/r/il/28abb2/8198189967/il_fullxfull.8198189967_rn9e.jpg,https://i.etsystatic.com/66439541/r/il/2aa2a3/8150339970/il_fullxfull.8150339970_7bcg.jpg,https://i.etsystatic.com/66439541/r/il/398d71/8150339866/il_fullxfull.8150339866_fj16.jpg,https://i.etsystatic.com/66439541/r/il/45b881/8198254531/il_fullxfull.8198254531_1qw9.jpg,https://i.etsystatic.com/66439541/r/il/acd6fe/8150274582/il_fullxfull.8150274582_ld3y.jpg,https://i.etsystatic.com/66439541/r/il/03134d/8130478676/il_fullxfull.8130478676_lee2.jpg,"Custom Property",Size,"XS,S,M,L,XL","Custom Property","YOUR CHOICE","SPAGHETTI STRAP TANK,RIB- RACER TANK,CROPTOP",TUL-010
"Embroidered Ladybug Tank Top, Ribbed Spaghetti Strap Cami, Cottagecore Summer Shirt, Nature Lover Gift","Add a cheerful garden-inspired touch to your wardrobe with this ladybug embroidered tank top. Featuring a charming red and black insect design on a white ribbed spaghetti strap cami, this cute summer shirt is perfect for cottagecore outfits, sunny adventures, and thoughtful gifts for nature lovers. 🐞🌿
About Our  Tank top
Each Tank top is made to order and personalized with care. Please check the sizing chart and color options before placing your order.
Product Details
- Premium soft micro rib fabric
- Personalized embroidery or print option
- Not Vinyl
- Flattering fitted crop style
- Soft cotton/ Polyester Blend
- Pre- Shrunk Fabric
- Tear- away label
- Lightweight semi-sheer feel
- Perfect for layering or bridal Styling
 How to personalize
Please enter the following information in the personalization box
1. Font Selection number
2. Exact words to be embroidered
3. Thread color
4. Optional symbol request, if applicable
Please double- check all spelling, punctuation, names, and dates before submitting your order. We will embroider the text exactly as provided

Perfect gift for 
- Bride- to- be
- Future Mrs
- Bridal shower Gifts
- Engagement Gifts
- Bachelorette Party outfit
- Honeymoon Outfit
- Wedding morning outfit
- Bridal Getting- ready Photos
 
Processing time
 Our standard processing time is 3-5 days
Processing time begins after we receive all personalization details. Orders with missing information may be delayed until the required details are provided
During busy wedding season or holidays, processing times may vary slightly, but we always do our best to complete and ship orders as quickly as possible

Shipping times
Standard shipping usually takes approximately 5-9 business days after the order has been processed and shipped.
Please note that shipping times are estimated  and may vary depending on the carrier, destination, weather, holidays, or other delays outside of our control
Once your order has been shipped , tracking information will be provided when available

Rush Shipping Option
Need your order sooner? 
We offer a Rush shipping option, which usually arrives in approximately 3-5 business days after processing.
Please select the rush option shipping  at checkout or message us before ordering if you have a specific deadline
Rush Shipping Speeds up the delivery method, but please remember that each handkerchief is still custom embroidered and requires production time

Important Notes
- Colors may appear slightly different depending on your screen or monitor settings
- Placement and sizing of embroidery may vary slightly depending on the wording and font selected
- Personalized item are handmade, so slight variations may occur.

Return & Exchange Policy
Because this is personalized custom item, we do not accept  returns, exchanges or cancellation once production has started 
However customer satisfaction is very important to us. If there is an issue with your order, please contact us as soon as possible so we can help
We are not responsible for errors submitted in the personalization box, including spelling mistakes, incorrect dates, missing words, or wrong names. 
Please review your personalization carefully before placing order 
If we make an error on your order, please message us with photos of the item and packaging, and we will be happy to assist.

Lost, Delayed Or Return Packages
Once an order has been shipped, delivery is handled by the shipping carrier
We are not responsible for carrier delays, lost packages, incorrect address, or packages marked as delivered by the carrier
Please make sure your shipping address is correct before placing your order
If a package is returned to us due to an incorrect or incomplete address, the buyer is  responsible for any addition shipping cost to resend the item

Care Instructions
Machine Wash gently with cold water
Lay flat or tumbler dry low
Iron if needed
Do not bleach

Thank you so much for supporting our handmade shop. We are honored to create a meaningful keepsake for your special day.",26.64,USD,99,"insect_jar_top,ladybug_tank_top,embroidered_cami,cottagecore_shirt,nature_lover_gift,bug_lover_clothing,spaghetti_strap_top,garden_insect_top,cute_summer_cami,whimsical_bug_top,entomology_gift,floral_insect_shirt,jar_embroidery_top","Cotton,Polyester",https://i.etsystatic.com/66439541/r/il/f3867d/8203252806/il_fullxfull.8203252806_624k.jpg,https://i.etsystatic.com/66439541/r/il/b8ac50/8251172911/il_fullxfull.8251172911_mp3a.jpg,https://i.etsystatic.com/66439541/r/il/3c17e6/8198189973/il_fullxfull.8198189973_5fup.jpg,https://i.etsystatic.com/66439541/r/il/3fbefa/8130478566/il_fullxfull.8130478566_amwj.jpg,https://i.etsystatic.com/66439541/r/il/28abb2/8198189967/il_fullxfull.8198189967_rn9e.jpg,https://i.etsystatic.com/66439541/r/il/2aa2a3/8150339970/il_fullxfull.8150339970_7bcg.jpg,https://i.etsystatic.com/66439541/r/il/398d71/8150339866/il_fullxfull.8150339866_fj16.jpg,https://i.etsystatic.com/66439541/r/il/45b881/8198254531/il_fullxfull.8198254531_1qw9.jpg,https://i.etsystatic.com/66439541/r/il/acd6fe/8150274582/il_fullxfull.8150274582_ld3y.jpg,https://i.etsystatic.com/66439541/r/il/03134d/8130478676/il_fullxfull.8130478676_lee2.jpg,"Custom Property",Size,"XS,S,M,L,XL","Custom Property","YOUR CHOICE","SPAGHETTI STRAP TANK,RIB- RACER TANK,CROPTOP",TUL-010
"Embroidered Ladybug Tank Top, Floral Insect Cami, Y2K Spaghetti Strap Shirt","Add a playful pop of color to your wardrobe with this preppy pink ladybug tank top. Featuring a whimsical embroidered insect decorated with floral details, this white ribbed spaghetti strap cami is perfect for Y2K outfits, coquette styling, summer adventures, and cheerful gifts for nature lovers. 🐞🌸
About Our  Tank top
Each Tank top is made to order and personalized with care. Please check the sizing chart and color options before placing your order.
Product Details
- Premium soft micro rib fabric
- Personalized embroidery or print option
- Not Vinyl
- Flattering fitted crop style
- Soft cotton/ Polyester Blend
- Pre- Shrunk Fabric
- Tear- away label
- Lightweight semi-sheer feel
- Perfect for layering or bridal Styling
 How to personalize
Please enter the following information in the personalization box
1. Font Selection number
2. Exact words to be embroidered
3. Thread color
4. Optional symbol request, if applicable
Please double- check all spelling, punctuation, names, and dates before submitting your order. We will embroider the text exactly as provided

Perfect gift for 
- Bride- to- be
- Future Mrs
- Bridal shower Gifts
- Engagement Gifts
- Bachelorette Party outfit
- Honeymoon Outfit
- Wedding morning outfit
- Bridal Getting- ready Photos
 
Processing time
 Our standard processing time is 3-5 days
Processing time begins after we receive all personalization details. Orders with missing information may be delayed until the required details are provided
During busy wedding season or holidays, processing times may vary slightly, but we always do our best to complete and ship orders as quickly as possible

Shipping times
Standard shipping usually takes approximately 5-9 business days after the order has been processed and shipped.
Please note that shipping times are estimated  and may vary depending on the carrier, destination, weather, holidays, or other delays outside of our control
Once your order has been shipped , tracking information will be provided when available

Rush Shipping Option
Need your order sooner? 
We offer a Rush shipping option, which usually arrives in approximately 3-5 business days after processing.
Please select the rush option shipping  at checkout or message us before ordering if you have a specific deadline
Rush Shipping Speeds up the delivery method, but please remember that each handkerchief is still custom embroidered and requires production time

Important Notes
- Colors may appear slightly different depending on your screen or monitor settings
- Placement and sizing of embroidery may vary slightly depending on the wording and font selected
- Personalized item are handmade, so slight variations may occur.

Return & Exchange Policy
Because this is personalized custom item, we do not accept  returns, exchanges or cancellation once production has started 
However customer satisfaction is very important to us. If there is an issue with your order, please contact us as soon as possible so we can help
We are not responsible for errors submitted in the personalization box, including spelling mistakes, incorrect dates, missing words, or wrong names. 
Please review your personalization carefully before placing order 
If we make an error on your order, please message us with photos of the item and packaging, and we will be happy to assist.

Lost, Delayed Or Return Packages
Once an order has been shipped, delivery is handled by the shipping carrier
We are not responsible for carrier delays, lost packages, incorrect address, or packages marked as delivered by the carrier
Please make sure your shipping address is correct before placing your order
If a package is returned to us due to an incorrect or incomplete address, the buyer is  responsible for any addition shipping cost to resend the item

Care Instructions
Machine Wash gently with cold water
Lay flat or tumbler dry low
Iron if needed
Do not bleach

Thank you so much for supporting our handmade shop. We are honored to create a meaningful keepsake for your special day.",26.64,USD,99,"preppy_ladybug_top,pink_bug_tank_top,embroidered_insect,y2k_summer_cami,floral_beetle_top,spaghetti_strap_top,coquette_tank_top,cute_garden_shirt,nature_lover_gift,pink_floral_cami,bug_lover_clothing,preppy_summer_top,embroidered_cami","Cotton,Polyester",https://i.etsystatic.com/66439541/r/il/2c958e/8203232940/il_fullxfull.8203232940_f1dy.jpg,https://i.etsystatic.com/66439541/r/il/66eb8a/8251153535/il_fullxfull.8251153535_gh6v.jpg,https://i.etsystatic.com/66439541/r/il/3c17e6/8198189973/il_fullxfull.8198189973_5fup.jpg,https://i.etsystatic.com/66439541/r/il/cbda36/8203232974/il_fullxfull.8203232974_m0k4.jpg,https://i.etsystatic.com/66439541/r/il/3fbefa/8130478566/il_fullxfull.8130478566_amwj.jpg,https://i.etsystatic.com/66439541/r/il/28abb2/8198189967/il_fullxfull.8198189967_rn9e.jpg,https://i.etsystatic.com/66439541/r/il/2aa2a3/8150339970/il_fullxfull.8150339970_7bcg.jpg,https://i.etsystatic.com/66439541/r/il/398d71/8150339866/il_fullxfull.8150339866_fj16.jpg,https://i.etsystatic.com/66439541/r/il/45b881/8198254531/il_fullxfull.8198254531_1qw9.jpg,https://i.etsystatic.com/66439541/r/il/acd6fe/8150274582/il_fullxfull.8150274582_ld3y.jpg,"Custom Property",Size,"XS,S,M,L,XL","Custom Property","YOUR CHOICE","SPAGHETTI STRAP TANK,RIB- RACER TANK,CROPTOP",TUL-010
"Embroidered Trout Ribbed Tank Top, Outdoorsy Summer Cami, Lake Girl Shirt, Coastal Vacation Outfit","Bring a playful outdoor touch to your summer wardrobe with this embroidered trout ribbed tank top. Featuring three colorful fish in a clean stacked design, this lake girl cami is perfect for fishing trips, cabin weekends, coastal vacations, and relaxed warm-weather outfits. 🎣🐟
About Our  Tank top
Each Tank top is made to order and personalized with care. Please check the sizing chart and color options before placing your order.
Product Details
- Premium soft micro rib fabric
- Personalized embroidery or print option
- Not Vinyl
- Flattering fitted crop style
- Soft cotton/ Polyester Blend
- Pre- Shrunk Fabric
- Tear- away label
- Lightweight semi-sheer feel
- Perfect for layering or bridal Styling
 How to personalize
Please enter the following information in the personalization box
1. Font Selection number
2. Exact words to be embroidered
3. Thread color
4. Optional symbol request, if applicable
Please double- check all spelling, punctuation, names, and dates before submitting your order. We will embroider the text exactly as provided

Perfect gift for 
- Bride- to- be
- Future Mrs
- Bridal shower Gifts
- Engagement Gifts
- Bachelorette Party outfit
- Honeymoon Outfit
- Wedding morning outfit
- Bridal Getting- ready Photos
 
Processing time
 Our standard processing time is 3-5 days
Processing time begins after we receive all personalization details. Orders with missing information may be delayed until the required details are provided
During busy wedding season or holidays, processing times may vary slightly, but we always do our best to complete and ship orders as quickly as possible

Shipping times
Standard shipping usually takes approximately 5-9 business days after the order has been processed and shipped.
Please note that shipping times are estimated  and may vary depending on the carrier, destination, weather, holidays, or other delays outside of our control
Once your order has been shipped , tracking information will be provided when available

Rush Shipping Option
Need your order sooner? 
We offer a Rush shipping option, which usually arrives in approximately 3-5 business days after processing.
Please select the rush option shipping  at checkout or message us before ordering if you have a specific deadline
Rush Shipping Speeds up the delivery method, but please remember that each handkerchief is still custom embroidered and requires production time

Important Notes
- Colors may appear slightly different depending on your screen or monitor settings
- Placement and sizing of embroidery may vary slightly depending on the wording and font selected
- Personalized item are handmade, so slight variations may occur.

Return & Exchange Policy
Because this is personalized custom item, we do not accept  returns, exchanges or cancellation once production has started 
However customer satisfaction is very important to us. If there is an issue with your order, please contact us as soon as possible so we can help
We are not responsible for errors submitted in the personalization box, including spelling mistakes, incorrect dates, missing words, or wrong names. 
Please review your personalization carefully before placing order 
If we make an error on your order, please message us with photos of the item and packaging, and we will be happy to assist.

Lost, Delayed Or Return Packages
Once an order has been shipped, delivery is handled by the shipping carrier
We are not responsible for carrier delays, lost packages, incorrect address, or packages marked as delivered by the carrier
Please make sure your shipping address is correct before placing your order
If a package is returned to us due to an incorrect or incomplete address, the buyer is  responsible for any addition shipping cost to resend the item

Care Instructions
Machine Wash gently with cold water
Lay flat or tumbler dry low
Iron if needed
Do not bleach

Thank you so much for supporting our handmade shop. We are honored to create a meaningful keepsake for your special day.",26.64,USD,99,"embroidered_trout,ribbed_fishing_top,outdoorsy_tank_top,lake_girl_shirt,fishing_lover_gift,trout_summer_cami,nature_lover_top,camping_outfit_top,cabin_weekend_shirt,freshwater_fish_top,angler_gift_for_her,coastal_casual_top,summer_lake_outfit","Cotton,Polyester",https://i.etsystatic.com/66439541/r/il/45135d/8251148449/il_fullxfull.8251148449_8hr1.jpg,https://i.etsystatic.com/66439541/r/il/a1a55f/8203225400/il_fullxfull.8203225400_hxnv.jpg,https://i.etsystatic.com/66439541/r/il/e0ed3a/8203225670/il_fullxfull.8203225670_pvfb.jpg,https://i.etsystatic.com/66439541/r/il/3c17e6/8198189973/il_fullxfull.8198189973_5fup.jpg,https://i.etsystatic.com/66439541/r/il/3fbefa/8130478566/il_fullxfull.8130478566_amwj.jpg,https://i.etsystatic.com/66439541/r/il/28abb2/8198189967/il_fullxfull.8198189967_rn9e.jpg,https://i.etsystatic.com/66439541/r/il/2aa2a3/8150339970/il_fullxfull.8150339970_7bcg.jpg,https://i.etsystatic.com/66439541/r/il/398d71/8150339866/il_fullxfull.8150339866_fj16.jpg,https://i.etsystatic.com/66439541/r/il/45b881/8198254531/il_fullxfull.8198254531_1qw9.jpg,https://i.etsystatic.com/66439541/r/il/acd6fe/8150274582/il_fullxfull.8150274582_ld3y.jpg,"Custom Property",Size,"XS,S,M,L,XL","Custom Property","YOUR CHOICE","SPAGHETTI STRAP TANK,RIB- RACER TANK,CROPTOP",TUL-010
"Custom City Varsity Tank Top, Personalized Spaghetti Strap Cami, Embroidered College Style Shirt","Show your hometown pride or celebrate a favorite destination with this custom city varsity tank top. Personalized with your chosen city name and optional established year, this embroidered spaghetti strap cami creates a sporty collegiate look for vacations, everyday outfits, group trips, and meaningful gifts. 🏙️✨
About Our  Tank top
Each Tank top is made to order and personalized with care. Please check the sizing chart and color options before placing your order.
Product Details
- Premium soft micro rib fabric
- Personalized embroidery or print option
- Not Vinyl
- Flattering fitted crop style
- Soft cotton/ Polyester Blend
- Pre- Shrunk Fabric
- Tear- away label
- Lightweight semi-sheer feel
- Perfect for layering or bridal Styling
 How to personalize
Please enter the following information in the personalization box
1. Font Selection number
2. Exact words to be embroidered
3. Thread color
4. Optional symbol request, if applicable
Please double- check all spelling, punctuation, names, and dates before submitting your order. We will embroider the text exactly as provided

Perfect gift for 
- Bride- to- be
- Future Mrs
- Bridal shower Gifts
- Engagement Gifts
- Bachelorette Party outfit
- Honeymoon Outfit
- Wedding morning outfit
- Bridal Getting- ready Photos
 
Processing time
 Our standard processing time is 3-5 days
Processing time begins after we receive all personalization details. Orders with missing information may be delayed until the required details are provided
During busy wedding season or holidays, processing times may vary slightly, but we always do our best to complete and ship orders as quickly as possible

Shipping times
Standard shipping usually takes approximately 5-9 business days after the order has been processed and shipped.
Please note that shipping times are estimated  and may vary depending on the carrier, destination, weather, holidays, or other delays outside of our control
Once your order has been shipped , tracking information will be provided when available

Rush Shipping Option
Need your order sooner? 
We offer a Rush shipping option, which usually arrives in approximately 3-5 business days after processing.
Please select the rush option shipping  at checkout or message us before ordering if you have a specific deadline
Rush Shipping Speeds up the delivery method, but please remember that each handkerchief is still custom embroidered and requires production time

Important Notes
- Colors may appear slightly different depending on your screen or monitor settings
- Placement and sizing of embroidery may vary slightly depending on the wording and font selected
- Personalized item are handmade, so slight variations may occur.

Return & Exchange Policy
Because this is personalized custom item, we do not accept  returns, exchanges or cancellation once production has started 
However customer satisfaction is very important to us. If there is an issue with your order, please contact us as soon as possible so we can help
We are not responsible for errors submitted in the personalization box, including spelling mistakes, incorrect dates, missing words, or wrong names. 
Please review your personalization carefully before placing order 
If we make an error on your order, please message us with photos of the item and packaging, and we will be happy to assist.

Lost, Delayed Or Return Packages
Once an order has been shipped, delivery is handled by the shipping carrier
We are not responsible for carrier delays, lost packages, incorrect address, or packages marked as delivered by the carrier
Please make sure your shipping address is correct before placing your order
If a package is returned to us due to an incorrect or incomplete address, the buyer is  responsible for any addition shipping cost to resend the item

Care Instructions
Machine Wash gently with cold water
Lay flat or tumbler dry low
Iron if needed
Do not bleach

Thank you so much for supporting our handmade shop. We are honored to create a meaningful keepsake for your special day.",26.64,USD,99,"custom_city_tank,varsity_tank_top,personalized_cami,spaghetti_strap_top,embroidered_city,college_style_top,new_york_tank_top,los_angeles_cami,custom_text_shirt,custom_city_shirt,urban_fashion_top,gift_for_traveler,matching_city_tops","Cotton,Polyester",https://i.etsystatic.com/66439541/r/il/c16223/8251129933/il_fullxfull.8251129933_r4uu.jpg,https://i.etsystatic.com/66439541/r/il/a4df9a/8251129875/il_fullxfull.8251129875_nwfg.jpg,https://i.etsystatic.com/66439541/r/il/3c17e6/8198189973/il_fullxfull.8198189973_5fup.jpg,https://i.etsystatic.com/66439541/r/il/3fbefa/8130478566/il_fullxfull.8130478566_amwj.jpg,https://i.etsystatic.com/66439541/r/il/28abb2/8198189967/il_fullxfull.8198189967_rn9e.jpg,https://i.etsystatic.com/66439541/r/il/2aa2a3/8150339970/il_fullxfull.8150339970_7bcg.jpg,https://i.etsystatic.com/66439541/r/il/398d71/8150339866/il_fullxfull.8150339866_fj16.jpg,https://i.etsystatic.com/66439541/r/il/45b881/8198254531/il_fullxfull.8198254531_1qw9.jpg,https://i.etsystatic.com/66439541/r/il/acd6fe/8150274582/il_fullxfull.8150274582_ld3y.jpg,https://i.etsystatic.com/66439541/r/il/03134d/8130478676/il_fullxfull.8130478676_lee2.jpg,"Custom Property",Size,"XS,S,M,L,XL","Custom Property","YOUR CHOICE","SPAGHETTI STRAP TANK,RIB- RACER TANK,CROPTOP",TUL-010
"Personalized Heart Monogram Handkerchief, Embroidered Dove Lace Keepsake, Wedding Gift","Welcome to my little shop
Make your wedding day even more unforgettable with this Personalized Embroidered Handkerchief- a meaningful custom keepsake gift for the bride, groom, mother of bride, father of bride, dad, mom, grandparents, or anyone special on your big day.
This beautiful embroidered handkerchief is perfect for those emotional "" happy tears"" moments and makes a heartfelt gift that can be treasured for years to come
Each handkerchief is customized with your choice of words, font style, and embroidery thread color, making it truly personal gift for weddings, anniversaries, Valentine's Day, Mother's Day, Father's Day, memorial gifts and other special occasions
You will receive 25% off this purchase. 
- Product details:
This listing is for your Classic White Cotton Handkerchief
Details:
- 100% premium cotton
- White Classic Handkerchief
- Machine Washable
- Measure Approximately 30x30 cm when fully opened
- Crisp, clean, and classy design
- Suitable for both men and women
- Can be used every day or kept as a sentimental keepsake
- Handmade and embroidered with care.
Our Handkerchiefs are great quality and designed to be both practical and meaningful. Whether used on the wedding day or saved as a keepsake, this custom embroidered handkerchief is a thoughtful gift that will always be remembered
 How to personalize
Please enter the following information in the personalization box
1. Font Selection number
2. Exact words to be embroidered
3. Thread color
4. Optional symbol request, if applicable
Please double- check all spelling, punctuation, names, and dates before submitting your order. We will embroider the text exactly as provided

Perfect gift for 
- Bride
-Groom
- Father /Mother of bride
- Father/ Mother of groom
- Dad/ Mom/ Grandparents
- Bridesmaids/ Groomsmen
- Memorial Keepsakes
- Wedding day gifts
 
Processing time
 Our standard processing time is 3-5 days
Processing time begins after we receive all personalization details. Orders with missing information may be delayed until the required details are provided
During busy wedding season or holidays, processing times may vary slightly, but we always do our best to complete and ship orders as quickly as possible

Shipping times
Standard shipping usually takes approximately 5-9 business days after the order has been processed and shipped.
Please note that shipping times are estimated  and may vary depending on the carrier, destination, weather, holidays, or other delays outside of our control
Once your order has been shipped , tracking information will be provided when available

Rush Shipping Option
Need your order sooner? 
We offer a Rush shipping option, which usually arrives in approximately 3-5 business days after processing.
Please select the rush option shipping  at checkout or message us before ordering if you have a specific deadline
Rush Shipping Speeds up the delivery method, but please remember that each handkerchief is still custom embroidered and requires production time

Important Notes
- Colors may appear slightly different depending on your screen or monitor settings
- Placement and sizing of embroidery may vary slightly depending on the wording and font selected
- Personalized item are handmade, so slight variations may occur.

Return & Exchange Policy
Because this is personalized custom item, we do not accept  returns, exchanges or cancellation once production has started 
However customer satisfaction is very important to us. If there is an issue with your order, please contact us as soon as possible so we can help
We are not responsible for errors submitted in the personalization box, including spelling mistakes, incorrect dates, missing words, or wrong names. 
Please review your personalization carefully before placing order 
If we make an error on your order, please message us with photos of the item and packaging, and we will be happy to assist.

Lost, Delayed Or Return Packages
Once an order has been shipped, delivery is handled by the shipping carrier
We are not responsible for carrier delays, lost packages, incorrect address, or packages marked as delivered by the carrier
Please make sure your shipping address is correct before placing your order
If a package is returned to us due to an incorrect or incomplete address, the buyer is  responsible for any addition shipping cost to resend the item

Care Instructions
Machine Wash gently with cold water
Lay flat or tumbler dry low
Iron if needed
Do not bleach

Thank you so much for supporting our handmade shop. We are honored to create a meaningful keepsake for your special day.",26.64,USD,100,"personalized_hanky,couple_initials_gift,wedding_date_hanky,floral_monogram,lace_handkerchief,bride_groom_gift,custom_wedding_gift,embroidered_hanky,initial_keepsakes,bridal_shower_gift,wedding_morning_gift,custom_date_gift","Cotton,Lace",https://i.etsystatic.com/66439541/r/il/44233a/8243376769/il_fullxfull.8243376769_rcr5.jpg,https://i.etsystatic.com/66439541/r/il/20d8e5/8243374575/il_fullxfull.8243374575_ihaq.jpg,https://i.etsystatic.com/66439541/r/il/053783/8195455884/il_fullxfull.8195455884_33hi.jpg,https://i.etsystatic.com/66439541/r/il/5ebffa/8243374579/il_fullxfull.8243374579_7ww5.jpg,https://i.etsystatic.com/66439541/r/il/77e7de/8195444754/il_fullxfull.8195444754_jyk5.jpg,https://i.etsystatic.com/66439541/r/il/6a2d2a/8130477892/il_fullxfull.8130477892_e76p.jpg,https://i.etsystatic.com/66439541/r/il/3fbefa/8130478566/il_fullxfull.8130478566_amwj.jpg,https://i.etsystatic.com/66439541/r/il/ea6154/8130478020/il_fullxfull.8130478020_3xx8.jpg,https://i.etsystatic.com/66439541/r/il/198dc2/8130478642/il_fullxfull.8130478642_rgvk.jpg,https://i.etsystatic.com/66439541/r/il/03134d/8130478676/il_fullxfull.8130478676_lee2.jpg,"Custom Property",Embroidery,"Yes,No,Rush Option",,,,TUL-008
"Custom Monogram Lace Handkerchief, Embroidered Bridal Keepsake, Personalized Wedding Gift","Welcome to my little shop
Make your wedding day even more unforgettable with this Personalized Embroidered Handkerchief- a meaningful custom keepsake gift for the bride, groom, mother of bride, father of bride, dad, mom, grandparents, or anyone special on your big day.
This beautiful embroidered handkerchief is perfect for those emotional "" happy tears"" moments and makes a heartfelt gift that can be treasured for years to come
Each handkerchief is customized with your choice of words, font style, and embroidery thread color, making it truly personal gift for weddings, anniversaries, Valentine's Day, Mother's Day, Father's Day, memorial gifts and other special occasions
You will receive 25% off this purchase. 
- Product details:
This listing is for your Classic White Cotton Handkerchief
Details:
- 100% premium cotton
- White Classic Handkerchief
- Machine Washable
- Measure Approximately 30x30 cm when fully opened
- Crisp, clean, and classy design
- Suitable for both men and women
- Can be used every day or kept as a sentimental keepsake
- Handmade and embroidered with care.
Our Handkerchiefs are great quality and designed to be both practical and meaningful. Whether used on the wedding day or saved as a keepsake, this custom embroidered handkerchief is a thoughtful gift that will always be remembered
 How to personalize
Please enter the following information in the personalization box
1. Font Selection number
2. Exact words to be embroidered
3. Thread color
4. Optional symbol request, if applicable
Please double- check all spelling, punctuation, names, and dates before submitting your order. We will embroider the text exactly as provided

Perfect gift for 
- Bride
-Groom
- Father /Mother of bride
- Father/ Mother of groom
- Dad/ Mom/ Grandparents
- Bridesmaids/ Groomsmen
- Memorial Keepsakes
- Wedding day gifts
 
Processing time
 Our standard processing time is 3-5 days
Processing time begins after we receive all personalization details. Orders with missing information may be delayed until the required details are provided
During busy wedding season or holidays, processing times may vary slightly, but we always do our best to complete and ship orders as quickly as possible

Shipping times
Standard shipping usually takes approximately 5-9 business days after the order has been processed and shipped.
Please note that shipping times are estimated  and may vary depending on the carrier, destination, weather, holidays, or other delays outside of our control
Once your order has been shipped , tracking information will be provided when available

Rush Shipping Option
Need your order sooner? 
We offer a Rush shipping option, which usually arrives in approximately 3-5 business days after processing.
Please select the rush option shipping  at checkout or message us before ordering if you have a specific deadline
Rush Shipping Speeds up the delivery method, but please remember that each handkerchief is still custom embroidered and requires production time

Important Notes
- Colors may appear slightly different depending on your screen or monitor settings
- Placement and sizing of embroidery may vary slightly depending on the wording and font selected
- Personalized item are handmade, so slight variations may occur.

Return & Exchange Policy
Because this is personalized custom item, we do not accept  returns, exchanges or cancellation once production has started 
However customer satisfaction is very important to us. If there is an issue with your order, please contact us as soon as possible so we can help
We are not responsible for errors submitted in the personalization box, including spelling mistakes, incorrect dates, missing words, or wrong names. 
Please review your personalization carefully before placing order 
If we make an error on your order, please message us with photos of the item and packaging, and we will be happy to assist.

Lost, Delayed Or Return Packages
Once an order has been shipped, delivery is handled by the shipping carrier
We are not responsible for carrier delays, lost packages, incorrect address, or packages marked as delivered by the carrier
Please make sure your shipping address is correct before placing your order
If a package is returned to us due to an incorrect or incomplete address, the buyer is  responsible for any addition shipping cost to resend the item

Care Instructions
Machine Wash gently with cold water
Lay flat or tumbler dry low
Iron if needed
Do not bleach

Thank you so much for supporting our handmade shop. We are honored to create a meaningful keepsake for your special day.",26.64,USD,100,"personalized_hanky,couple_initials_gift,wedding_date_hanky,floral_monogram,lace_handkerchief,bride_groom_gift,custom_wedding_gift,embroidered_hanky,initial_keepsakes,bridal_shower_gift,wedding_morning_gift,custom_date_gift","Cotton,Lace",https://i.etsystatic.com/66439541/r/il/335e80/8195449090/il_fullxfull.8195449090_7fz8.jpg,https://i.etsystatic.com/66439541/r/il/8265ba/8195444736/il_fullxfull.8195444736_mifu.jpg,https://i.etsystatic.com/66439541/r/il/70cc14/8195444770/il_fullxfull.8195444770_b8sg.jpg,https://i.etsystatic.com/66439541/r/il/8f610a/8243363269/il_fullxfull.8243363269_33ae.jpg,https://i.etsystatic.com/66439541/r/il/77e7de/8195444754/il_fullxfull.8195444754_jyk5.jpg,https://i.etsystatic.com/66439541/r/il/6a2d2a/8130477892/il_fullxfull.8130477892_e76p.jpg,https://i.etsystatic.com/66439541/r/il/3fbefa/8130478566/il_fullxfull.8130478566_amwj.jpg,https://i.etsystatic.com/66439541/r/il/ea6154/8130478020/il_fullxfull.8130478020_3xx8.jpg,https://i.etsystatic.com/66439541/r/il/198dc2/8130478642/il_fullxfull.8130478642_rgvk.jpg,https://i.etsystatic.com/66439541/r/il/03134d/8130478676/il_fullxfull.8130478676_lee2.jpg,"Custom Property",Embroidery,"Yes,No,Rush Option",,,,TUL-008
"Personalized Embroidered Cotton Handkerchief, Custom Wedding Date Keepsake, Floral Lace Trim","Welcome to my little shop
Make your wedding day even more unforgettable with this Personalized Embroidered Handkerchief- a meaningful custom keepsake gift for the bride, groom, mother of bride, father of bride, dad, mom, grandparents, or anyone special on your big day.
This beautiful embroidered handkerchief is perfect for those emotional "" happy tears"" moments and makes a heartfelt gift that can be treasured for years to come
Each handkerchief is customized with your choice of words, font style, and embroidery thread color, making it truly personal gift for weddings, anniversaries, Valentine's Day, Mother's Day, Father's Day, memorial gifts and other special occasions
You will receive 25% off this purchase. 
- Product details:
This listing is for your Classic White Cotton Handkerchief
Details:
- 100% premium cotton
- White Classic Handkerchief
- Machine Washable
- Measure Approximately 30x30 cm when fully opened
- Crisp, clean, and classy design
- Suitable for both men and women
- Can be used every day or kept as a sentimental keepsake
- Handmade and embroidered with care.
Our Handkerchiefs are great quality and designed to be both practical and meaningful. Whether used on the wedding day or saved as a keepsake, this custom embroidered handkerchief is a thoughtful gift that will always be remembered
 How to personalize
Please enter the following information in the personalization box
1. Font Selection number
2. Exact words to be embroidered
3. Thread color
4. Optional symbol request, if applicable
Please double- check all spelling, punctuation, names, and dates before submitting your order. We will embroider the text exactly as provided

Perfect gift for 
- Bride
-Groom
- Father /Mother of bride
- Father/ Mother of groom
- Dad/ Mom/ Grandparents
- Bridesmaids/ Groomsmen
- Memorial Keepsakes
- Wedding day gifts
 
Processing time
 Our standard processing time is 3-5 days
Processing time begins after we receive all personalization details. Orders with missing information may be delayed until the required details are provided
During busy wedding season or holidays, processing times may vary slightly, but we always do our best to complete and ship orders as quickly as possible

Shipping times
Standard shipping usually takes approximately 5-9 business days after the order has been processed and shipped.
Please note that shipping times are estimated  and may vary depending on the carrier, destination, weather, holidays, or other delays outside of our control
Once your order has been shipped , tracking information will be provided when available

Rush Shipping Option
Need your order sooner? 
We offer a Rush shipping option, which usually arrives in approximately 3-5 business days after processing.
Please select the rush option shipping  at checkout or message us before ordering if you have a specific deadline
Rush Shipping Speeds up the delivery method, but please remember that each handkerchief is still custom embroidered and requires production time

Important Notes
- Colors may appear slightly different depending on your screen or monitor settings
- Placement and sizing of embroidery may vary slightly depending on the wording and font selected
- Personalized item are handmade, so slight variations may occur.

Return & Exchange Policy
Because this is personalized custom item, we do not accept  returns, exchanges or cancellation once production has started 
However customer satisfaction is very important to us. If there is an issue with your order, please contact us as soon as possible so we can help
We are not responsible for errors submitted in the personalization box, including spelling mistakes, incorrect dates, missing words, or wrong names. 
Please review your personalization carefully before placing order 
If we make an error on your order, please message us with photos of the item and packaging, and we will be happy to assist.

Lost, Delayed Or Return Packages
Once an order has been shipped, delivery is handled by the shipping carrier
We are not responsible for carrier delays, lost packages, incorrect address, or packages marked as delivered by the carrier
Please make sure your shipping address is correct before placing your order
If a package is returned to us due to an incorrect or incomplete address, the buyer is  responsible for any addition shipping cost to resend the item

Care Instructions
Machine Wash gently with cold water
Lay flat or tumbler dry low
Iron if needed
Do not bleach

Thank you so much for supporting our handmade shop. We are honored to create a meaningful keepsake for your special day.",26.64,USD,100,"personalized_hanky,couple_initials_gift,wedding_date_hanky,floral_monogram,lace_handkerchief,bride_groom_gift,custom_wedding_gift,embroidered_hanky,initial_keepsakes,bridal_shower_gift,wedding_morning_gift,custom_date_gift","Cotton,Lace",https://i.etsystatic.com/66439541/r/il/d1a377/8195427534/il_fullxfull.8195427534_14m6.jpg,https://i.etsystatic.com/66439541/r/il/691575/8243346093/il_fullxfull.8243346093_53sh.jpg,https://i.etsystatic.com/66439541/r/il/1175cf/8243346087/il_fullxfull.8243346087_dvjn.jpg,https://i.etsystatic.com/66439541/r/il/6a2d2a/8130477892/il_fullxfull.8130477892_e76p.jpg,https://i.etsystatic.com/66439541/r/il/3fbefa/8130478566/il_fullxfull.8130478566_amwj.jpg,https://i.etsystatic.com/66439541/r/il/ea6154/8130478020/il_fullxfull.8130478020_3xx8.jpg,https://i.etsystatic.com/66439541/r/il/198dc2/8130478642/il_fullxfull.8130478642_rgvk.jpg,https://i.etsystatic.com/66439541/r/il/03134d/8130478676/il_fullxfull.8130478676_lee2.jpg,,,"Custom Property",Embroidery,"Yes,No,Rush Option",,,,TUL-008
"Personalized Lily of the Valley Handkerchief, Embroidered Lace Keepsake, Something Blue Bride Gift","Welcome to my little shop
Make your wedding day even more unforgettable with this Personalized Embroidered Handkerchief- a meaningful custom keepsake gift for the bride, groom, mother of bride, father of bride, dad, mom, grandparents, or anyone special on your big day.
This beautiful embroidered handkerchief is perfect for those emotional "" happy tears"" moments and makes a heartfelt gift that can be treasured for years to come
Each handkerchief is customized with your choice of words, font style, and embroidery thread color, making it truly personal gift for weddings, anniversaries, Valentine's Day, Mother's Day, Father's Day, memorial gifts and other special occasions
You will receive 25% off this purchase. 
- Product details:
This listing is for your Classic White Cotton Handkerchief
Details:
- 100% premium cotton
- White Classic Handkerchief
- Machine Washable
- Measure Approximately 30x30 cm when fully opened
- Crisp, clean, and classy design
- Suitable for both men and women
- Can be used every day or kept as a sentimental keepsake
- Handmade and embroidered with care.
Our Handkerchiefs are great quality and designed to be both practical and meaningful. Whether used on the wedding day or saved as a keepsake, this custom embroidered handkerchief is a thoughtful gift that will always be remembered
 How to personalize
Please enter the following information in the personalization box
1. Font Selection number
2. Exact words to be embroidered
3. Thread color
4. Optional symbol request, if applicable
Please double- check all spelling, punctuation, names, and dates before submitting your order. We will embroider the text exactly as provided

Perfect gift for 
- Bride
-Groom
- Father /Mother of bride
- Father/ Mother of groom
- Dad/ Mom/ Grandparents
- Bridesmaids/ Groomsmen
- Memorial Keepsakes
- Wedding day gifts
 
Processing time
 Our standard processing time is 3-5 days
Processing time begins after we receive all personalization details. Orders with missing information may be delayed until the required details are provided
During busy wedding season or holidays, processing times may vary slightly, but we always do our best to complete and ship orders as quickly as possible

Shipping times
Standard shipping usually takes approximately 5-9 business days after the order has been processed and shipped.
Please note that shipping times are estimated  and may vary depending on the carrier, destination, weather, holidays, or other delays outside of our control
Once your order has been shipped , tracking information will be provided when available

Rush Shipping Option
Need your order sooner? 
We offer a Rush shipping option, which usually arrives in approximately 3-5 business days after processing.
Please select the rush option shipping  at checkout or message us before ordering if you have a specific deadline
Rush Shipping Speeds up the delivery method, but please remember that each handkerchief is still custom embroidered and requires production time

Important Notes
- Colors may appear slightly different depending on your screen or monitor settings
- Placement and sizing of embroidery may vary slightly depending on the wording and font selected
- Personalized item are handmade, so slight variations may occur.

Return & Exchange Policy
Because this is personalized custom item, we do not accept  returns, exchanges or cancellation once production has started 
However customer satisfaction is very important to us. If there is an issue with your order, please contact us as soon as possible so we can help
We are not responsible for errors submitted in the personalization box, including spelling mistakes, incorrect dates, missing words, or wrong names. 
Please review your personalization carefully before placing order 
If we make an error on your order, please message us with photos of the item and packaging, and we will be happy to assist.

Lost, Delayed Or Return Packages
Once an order has been shipped, delivery is handled by the shipping carrier
We are not responsible for carrier delays, lost packages, incorrect address, or packages marked as delivered by the carrier
Please make sure your shipping address is correct before placing your order
If a package is returned to us due to an incorrect or incomplete address, the buyer is  responsible for any addition shipping cost to resend the item

Care Instructions
Machine Wash gently with cold water
Lay flat or tumbler dry low
Iron if needed
Do not bleach

Thank you so much for supporting our handmade shop. We are honored to create a meaningful keepsake for your special day.",26.64,USD,100,"personalized_hanky,lily_valley_hanky,monogram_wedding,custom_initial_hanky,something__blue_gift,embroidered_hanky,lace_wedding_hanky,bride_keepsake_gift,mother_of_bride_gift,wedding_morning_gift,custom_monogram_gift,floral_wedding_gift,dove_wedding","Cotton,Lace",https://i.etsystatic.com/66439541/r/il/d09992/8195418304/il_fullxfull.8195418304_ipd1.jpg,https://i.etsystatic.com/66439541/r/il/7878d7/8195412862/il_fullxfull.8195412862_c7ul.jpg,https://i.etsystatic.com/66439541/r/il/46a85a/8195412886/il_fullxfull.8195412886_kc87.jpg,https://i.etsystatic.com/66439541/r/il/6a2d2a/8130477892/il_fullxfull.8130477892_e76p.jpg,https://i.etsystatic.com/66439541/r/il/3fbefa/8130478566/il_fullxfull.8130478566_amwj.jpg,https://i.etsystatic.com/66439541/r/il/ea6154/8130478020/il_fullxfull.8130478020_3xx8.jpg,https://i.etsystatic.com/66439541/r/il/198dc2/8130478642/il_fullxfull.8130478642_rgvk.jpg,https://i.etsystatic.com/66439541/r/il/03134d/8130478676/il_fullxfull.8130478676_lee2.jpg,,,"Custom Property",Embroidery,"Yes,No,Rush Option",,,,TUL-008
"Embroidered Ladybug Spaghetti Strap Tank Top, White Ribbed Crop Cami, Nature Lover Gift","Add a playful nature-inspired detail to your wardrobe with this custom ladybug spaghetti strap tank top. Featuring a bright red and black embroidered insect on a white ribbed cami, this cute summer crop top makes a charming gift for ladybug fans, gardeners, and nature lovers. 🐞🌿
About Our  Tank top
Each Tank top is made to order and personalized with care. Please check the sizing chart and color options before placing your order.
Product Details
- Premium soft micro rib fabric
- Personalized embroidery or print option
- Not Vinyl
- Flattering fitted crop style
- Soft cotton/ Polyester Blend
- Pre- Shrunk Fabric
- Tear- away label
- Lightweight semi-sheer feel
- Perfect for layering or bridal Styling
 How to personalize
Please enter the following information in the personalization box
1. Font Selection number
2. Exact words to be embroidered
3. Thread color
4. Optional symbol request, if applicable
Please double- check all spelling, punctuation, names, and dates before submitting your order. We will embroider the text exactly as provided

Perfect gift for 
- Bride- to- be
- Future Mrs
- Bridal shower Gifts
- Engagement Gifts
- Bachelorette Party outfit
- Honeymoon Outfit
- Wedding morning outfit
- Bridal Getting- ready Photos
 
Processing time
 Our standard processing time is 3-5 days
Processing time begins after we receive all personalization details. Orders with missing information may be delayed until the required details are provided
During busy wedding season or holidays, processing times may vary slightly, but we always do our best to complete and ship orders as quickly as possible

Shipping times
Standard shipping usually takes approximately 5-9 business days after the order has been processed and shipped.
Please note that shipping times are estimated  and may vary depending on the carrier, destination, weather, holidays, or other delays outside of our control
Once your order has been shipped , tracking information will be provided when available

Rush Shipping Option
Need your order sooner? 
We offer a Rush shipping option, which usually arrives in approximately 3-5 business days after processing.
Please select the rush option shipping  at checkout or message us before ordering if you have a specific deadline
Rush Shipping Speeds up the delivery method, but please remember that each handkerchief is still custom embroidered and requires production time

Important Notes
- Colors may appear slightly different depending on your screen or monitor settings
- Placement and sizing of embroidery may vary slightly depending on the wording and font selected
- Personalized item are handmade, so slight variations may occur.

Return & Exchange Policy
Because this is personalized custom item, we do not accept  returns, exchanges or cancellation once production has started 
However customer satisfaction is very important to us. If there is an issue with your order, please contact us as soon as possible so we can help
We are not responsible for errors submitted in the personalization box, including spelling mistakes, incorrect dates, missing words, or wrong names. 
Please review your personalization carefully before placing order 
If we make an error on your order, please message us with photos of the item and packaging, and we will be happy to assist.

Lost, Delayed Or Return Packages
Once an order has been shipped, delivery is handled by the shipping carrier
We are not responsible for carrier delays, lost packages, incorrect address, or packages marked as delivered by the carrier
Please make sure your shipping address is correct before placing your order
If a package is returned to us due to an incorrect or incomplete address, the buyer is  responsible for any addition shipping cost to resend the item

Care Instructions
Machine Wash gently with cold water
Lay flat or tumbler dry low
Iron if needed
Do not bleach

Thank you so much for supporting our handmade shop. We are honored to create a meaningful keepsake for your special day.",26.64,USD,99,"custom_ladybug_top,spaghetti_strap_cami,embroidered_insect,ladybug_croptop,cute_summer_tank,garden_lover,bug_lover_clothing,summer_bug,lady_bug_embroidery,summer_outfit_top,insect_gift_for_her","Cotton,Polyester",https://i.etsystatic.com/66439541/r/il/77d268/8194107574/il_fullxfull.8194107574_8272.jpg,https://i.etsystatic.com/66439541/r/il/d66e5d/8194107478/il_fullxfull.8194107478_rgv8.jpg,https://i.etsystatic.com/66439541/r/il/470761/8242028979/il_fullxfull.8242028979_6a2a.jpg,https://i.etsystatic.com/66439541/r/il/3c17e6/8198189973/il_fullxfull.8198189973_5fup.jpg,https://i.etsystatic.com/66439541/r/il/3fbefa/8130478566/il_fullxfull.8130478566_amwj.jpg,https://i.etsystatic.com/66439541/r/il/28abb2/8198189967/il_fullxfull.8198189967_rn9e.jpg,https://i.etsystatic.com/66439541/r/il/2aa2a3/8150339970/il_fullxfull.8150339970_7bcg.jpg,https://i.etsystatic.com/66439541/r/il/398d71/8150339866/il_fullxfull.8150339866_fj16.jpg,https://i.etsystatic.com/66439541/r/il/45b881/8198254531/il_fullxfull.8198254531_1qw9.jpg,https://i.etsystatic.com/66439541/r/il/acd6fe/8150274582/il_fullxfull.8150274582_ld3y.jpg,"Custom Property",Size,"XS,S,M,L,XL","Custom Property","YOUR CHOICE","SPAGHETTI STRAP TANK,RIB- RACER TANK,CROPTOP",TUL-010
"Embroidered Octopus Cocktail Cami, Coastal Summer Tank Top, Beach Lover Gift","Bring playful seaside style to your wardrobe with a custom seafood tank top featuring colorful octopus, shrimp cocktail, or coastal-inspired embroidery. This spaghetti strap cami is a fun choice for beach vacations, cocktail parties, summer outings, and gifts for seafood lovers. 🐙🍤🍸
About Our  Tank top
Each Tank top is made to order and personalized with care. Please check the sizing chart and color options before placing your order.
Product Details
- Premium soft micro rib fabric
- Personalized embroidery or print option
- Not Vinyl
- Flattering fitted crop style
- Soft cotton/ Polyester Blend
- Pre- Shrunk Fabric
- Tear- away label
- Lightweight semi-sheer feel
- Perfect for layering or bridal Styling
 How to personalize
Please enter the following information in the personalization box
1. Font Selection number
2. Exact words to be embroidered
3. Thread color
4. Optional symbol request, if applicable
Please double- check all spelling, punctuation, names, and dates before submitting your order. We will embroider the text exactly as provided

Perfect gift for 
- Bride- to- be
- Future Mrs
- Bridal shower Gifts
- Engagement Gifts
- Bachelorette Party outfit
- Honeymoon Outfit
- Wedding morning outfit
- Bridal Getting- ready Photos
 
Processing time
 Our standard processing time is 3-5 days
Processing time begins after we receive all personalization details. Orders with missing information may be delayed until the required details are provided
During busy wedding season or holidays, processing times may vary slightly, but we always do our best to complete and ship orders as quickly as possible

Shipping times
Standard shipping usually takes approximately 5-9 business days after the order has been processed and shipped.
Please note that shipping times are estimated  and may vary depending on the carrier, destination, weather, holidays, or other delays outside of our control
Once your order has been shipped , tracking information will be provided when available

Rush Shipping Option
Need your order sooner? 
We offer a Rush shipping option, which usually arrives in approximately 3-5 business days after processing.
Please select the rush option shipping  at checkout or message us before ordering if you have a specific deadline
Rush Shipping Speeds up the delivery method, but please remember that each handkerchief is still custom embroidered and requires production time

Important Notes
- Colors may appear slightly different depending on your screen or monitor settings
- Placement and sizing of embroidery may vary slightly depending on the wording and font selected
- Personalized item are handmade, so slight variations may occur.

Return & Exchange Policy
Because this is personalized custom item, we do not accept  returns, exchanges or cancellation once production has started 
However customer satisfaction is very important to us. If there is an issue with your order, please contact us as soon as possible so we can help
We are not responsible for errors submitted in the personalization box, including spelling mistakes, incorrect dates, missing words, or wrong names. 
Please review your personalization carefully before placing order 
If we make an error on your order, please message us with photos of the item and packaging, and we will be happy to assist.

Lost, Delayed Or Return Packages
Once an order has been shipped, delivery is handled by the shipping carrier
We are not responsible for carrier delays, lost packages, incorrect address, or packages marked as delivered by the carrier
Please make sure your shipping address is correct before placing your order
If a package is returned to us due to an incorrect or incomplete address, the buyer is  responsible for any addition shipping cost to resend the item

Care Instructions
Machine Wash gently with cold water
Lay flat or tumbler dry low
Iron if needed
Do not bleach

Thank you so much for supporting our handmade shop. We are honored to create a meaningful keepsake for your special day.",26.64,USD,99,"custom_seafood_top,octopus_tank_top,shrimp_cocktail__top,lobster_tank_top,cute_beach_outfit,bachelorette_outfit,gift_bulk_idea,marine_life_cami,nautical_tank_top,ocean_theme_shirt,coastal_summer,trendy_beach_shirt,bridesmaid_gift_bulk","Cotton,Polyester",https://i.etsystatic.com/66439541/r/il/717df5/8194095074/il_fullxfull.8194095074_qwkd.jpg,https://i.etsystatic.com/66439541/r/il/42f88f/8242016393/il_fullxfull.8242016393_sbxn.jpg,https://i.etsystatic.com/66439541/r/il/b3a2ae/8194095150/il_fullxfull.8194095150_4qax.jpg,https://i.etsystatic.com/66439541/r/il/3c17e6/8198189973/il_fullxfull.8198189973_5fup.jpg,https://i.etsystatic.com/66439541/r/il/3fbefa/8130478566/il_fullxfull.8130478566_amwj.jpg,https://i.etsystatic.com/66439541/r/il/28abb2/8198189967/il_fullxfull.8198189967_rn9e.jpg,https://i.etsystatic.com/66439541/r/il/2aa2a3/8150339970/il_fullxfull.8150339970_7bcg.jpg,https://i.etsystatic.com/66439541/r/il/398d71/8150339866/il_fullxfull.8150339866_fj16.jpg,https://i.etsystatic.com/66439541/r/il/45b881/8198254531/il_fullxfull.8198254531_1qw9.jpg,https://i.etsystatic.com/66439541/r/il/acd6fe/8150274582/il_fullxfull.8150274582_ld3y.jpg,"Custom Property",Size,"XS,S,M,L,XL","Custom Property","YOUR CHOICE","SPAGHETTI STRAP TANK,RIB- RACER TANK,CROPTOP",TUL-010
"Embroidered Black Cat Pumpkin Cami, Spooky Season Croptop, Autumn Cat Lover Outfit","Add a playful spooky touch to your wardrobe with this black cat pumpkin tank top. Featuring adorable embroidered Halloween artwork, this cute fall cami is perfect for spooky season outfits, cat lover gifts, pumpkin patch days, and cozy autumn styling. 🐈‍⬛🎃
About Our  Tank top
Each Tank top is made to order and personalized with care. Please check the sizing chart and color options before placing your order.
Product Details
- Premium soft micro rib fabric
- Personalized embroidery or print option
- Not Vinyl
- Flattering fitted crop style
- Soft cotton/ Polyester Blend
- Pre- Shrunk Fabric
- Tear- away label
- Lightweight semi-sheer feel
- Perfect for layering or bridal Styling
 How to personalize
Please enter the following information in the personalization box
1. Font Selection number
2. Exact words to be embroidered
3. Thread color
4. Optional symbol request, if applicable
Please double- check all spelling, punctuation, names, and dates before submitting your order. We will embroider the text exactly as provided

Perfect gift for 
- Bride- to- be
- Future Mrs
- Bridal shower Gifts
- Engagement Gifts
- Bachelorette Party outfit
- Honeymoon Outfit
- Wedding morning outfit
- Bridal Getting- ready Photos
 
Processing time
 Our standard processing time is 3-5 days
Processing time begins after we receive all personalization details. Orders with missing information may be delayed until the required details are provided
During busy wedding season or holidays, processing times may vary slightly, but we always do our best to complete and ship orders as quickly as possible

Shipping times
Standard shipping usually takes approximately 5-9 business days after the order has been processed and shipped.
Please note that shipping times are estimated  and may vary depending on the carrier, destination, weather, holidays, or other delays outside of our control
Once your order has been shipped , tracking information will be provided when available

Rush Shipping Option
Need your order sooner? 
We offer a Rush shipping option, which usually arrives in approximately 3-5 business days after processing.
Please select the rush option shipping  at checkout or message us before ordering if you have a specific deadline
Rush Shipping Speeds up the delivery method, but please remember that each handkerchief is still custom embroidered and requires production time

Important Notes
- Colors may appear slightly different depending on your screen or monitor settings
- Placement and sizing of embroidery may vary slightly depending on the wording and font selected
- Personalized item are handmade, so slight variations may occur.

Return & Exchange Policy
Because this is personalized custom item, we do not accept  returns, exchanges or cancellation once production has started 
However customer satisfaction is very important to us. If there is an issue with your order, please contact us as soon as possible so we can help
We are not responsible for errors submitted in the personalization box, including spelling mistakes, incorrect dates, missing words, or wrong names. 
Please review your personalization carefully before placing order 
If we make an error on your order, please message us with photos of the item and packaging, and we will be happy to assist.

Lost, Delayed Or Return Packages
Once an order has been shipped, delivery is handled by the shipping carrier
We are not responsible for carrier delays, lost packages, incorrect address, or packages marked as delivered by the carrier
Please make sure your shipping address is correct before placing your order
If a package is returned to us due to an incorrect or incomplete address, the buyer is  responsible for any addition shipping cost to resend the item

Care Instructions
Machine Wash gently with cold water
Lay flat or tumbler dry low
Iron if needed
Do not bleach

Thank you so much for supporting our handmade shop. We are honored to create a meaningful keepsake for your special day.",26.64,USD,99,"black_cat_tank_top,pumpkin_cami_top,halloween_tank,spooky_cat_shirt,fall_cat_lover,cute_crop_tank,autumn_outfit__top,pumpkin_cat_top,cat_mom_halloween,spooky_season_top,halloween_top,gift_for_cat_mom","Cotton,Polyester",https://i.etsystatic.com/66439541/r/il/eec839/8242014149/il_fullxfull.8242014149_fb7s.jpg,https://i.etsystatic.com/66439541/r/il/5676f0/8242003903/il_fullxfull.8242003903_2mg0.jpg,https://i.etsystatic.com/66439541/r/il/31e399/8194082920/il_fullxfull.8194082920_f7v2.jpg,https://i.etsystatic.com/66439541/r/il/40d84d/8194082910/il_fullxfull.8194082910_3l34.jpg,https://i.etsystatic.com/66439541/r/il/d59166/8194082824/il_fullxfull.8194082824_59dt.jpg,https://i.etsystatic.com/66439541/r/il/3c17e6/8198189973/il_fullxfull.8198189973_5fup.jpg,https://i.etsystatic.com/66439541/r/il/3fbefa/8130478566/il_fullxfull.8130478566_amwj.jpg,https://i.etsystatic.com/66439541/r/il/28abb2/8198189967/il_fullxfull.8198189967_rn9e.jpg,https://i.etsystatic.com/66439541/r/il/2aa2a3/8150339970/il_fullxfull.8150339970_7bcg.jpg,https://i.etsystatic.com/66439541/r/il/398d71/8150339866/il_fullxfull.8150339866_fj16.jpg,"Custom Property",Size,"XS,S,M,L,XL","Custom Property","YOUR CHOICE","SPAGHETTI STRAP TANK,RIB- RACER TANK,CROPTOP",TUL-010
"Maestra Embroidered Tank Top, Spanish Teacher Shirt, Floral Educator Cami, Colorful Teacher appreciation Gift","Celebrate an inspiring Spanish teacher with this colorful Maestra embroidered tank top. Featuring bold lettering surrounded by cheerful wildflowers, this floral educator cami makes a thoughtful teacher appreciation gift, back-to-school outfit, or everyday classroom top. 🌸🍎
About Our  Tank top
Each Tank top is made to order and personalized with care. Please check the sizing chart and color options before placing your order.
Product Details
- Premium soft micro rib fabric
- Personalized embroidery or print option
- Not Vinyl
- Flattering fitted crop style
- Soft cotton/ Polyester Blend
- Pre- Shrunk Fabric
- Tear- away label
- Lightweight semi-sheer feel
- Perfect for layering or bridal Styling
 How to personalize
Please enter the following information in the personalization box
1. Font Selection number
2. Exact words to be embroidered
3. Thread color
4. Optional symbol request, if applicable
Please double- check all spelling, punctuation, names, and dates before submitting your order. We will embroider the text exactly as provided

Perfect gift for 
- Bride- to- be
- Future Mrs
- Bridal shower Gifts
- Engagement Gifts
- Bachelorette Party outfit
- Honeymoon Outfit
- Wedding morning outfit
- Bridal Getting- ready Photos
 
Processing time
 Our standard processing time is 3-5 days
Processing time begins after we receive all personalization details. Orders with missing information may be delayed until the required details are provided
During busy wedding season or holidays, processing times may vary slightly, but we always do our best to complete and ship orders as quickly as possible

Shipping times
Standard shipping usually takes approximately 5-9 business days after the order has been processed and shipped.
Please note that shipping times are estimated  and may vary depending on the carrier, destination, weather, holidays, or other delays outside of our control
Once your order has been shipped , tracking information will be provided when available

Rush Shipping Option
Need your order sooner? 
We offer a Rush shipping option, which usually arrives in approximately 3-5 business days after processing.
Please select the rush option shipping  at checkout or message us before ordering if you have a specific deadline
Rush Shipping Speeds up the delivery method, but please remember that each handkerchief is still custom embroidered and requires production time

Important Notes
- Colors may appear slightly different depending on your screen or monitor settings
- Placement and sizing of embroidery may vary slightly depending on the wording and font selected
- Personalized item are handmade, so slight variations may occur.

Return & Exchange Policy
Because this is personalized custom item, we do not accept  returns, exchanges or cancellation once production has started 
However customer satisfaction is very important to us. If there is an issue with your order, please contact us as soon as possible so we can help
We are not responsible for errors submitted in the personalization box, including spelling mistakes, incorrect dates, missing words, or wrong names. 
Please review your personalization carefully before placing order 
If we make an error on your order, please message us with photos of the item and packaging, and we will be happy to assist.

Lost, Delayed Or Return Packages
Once an order has been shipped, delivery is handled by the shipping carrier
We are not responsible for carrier delays, lost packages, incorrect address, or packages marked as delivered by the carrier
Please make sure your shipping address is correct before placing your order
If a package is returned to us due to an incorrect or incomplete address, the buyer is  responsible for any addition shipping cost to resend the item

Care Instructions
Machine Wash gently with cold water
Lay flat or tumbler dry low
Iron if needed
Do not bleach

Thank you so much for supporting our handmade shop. We are honored to create a meaningful keepsake for your special day.",26.64,USD,99,"maestra_tank_top,spanish_teacher,teacher_gift_for_her,embroidered_teacher,floral_teacher_top,teacher_appreciation,classroom_outfit,educator_tank_top,maestra_gift_idea,spanish_educator,back_to_school_top,teacher_birthday","Cotton,Polyester",https://i.etsystatic.com/66439541/r/il/268614/8194070236/il_fullxfull.8194070236_6jim.jpg,https://i.etsystatic.com/66439541/r/il/a0f2fb/8241976919/il_fullxfull.8241976919_iy0w.jpg,https://i.etsystatic.com/66439541/r/il/47af6e/8194056172/il_fullxfull.8194056172_kuh7.jpg,https://i.etsystatic.com/66439541/r/il/3c17e6/8198189973/il_fullxfull.8198189973_5fup.jpg,https://i.etsystatic.com/66439541/r/il/3fbefa/8130478566/il_fullxfull.8130478566_amwj.jpg,https://i.etsystatic.com/66439541/r/il/28abb2/8198189967/il_fullxfull.8198189967_rn9e.jpg,https://i.etsystatic.com/66439541/r/il/2aa2a3/8150339970/il_fullxfull.8150339970_7bcg.jpg,https://i.etsystatic.com/66439541/r/il/398d71/8150339866/il_fullxfull.8150339866_fj16.jpg,https://i.etsystatic.com/66439541/r/il/45b881/8198254531/il_fullxfull.8198254531_1qw9.jpg,https://i.etsystatic.com/66439541/r/il/acd6fe/8150274582/il_fullxfull.8150274582_ld3y.jpg,"Custom Property",Size,"XS,S,M,L,XL","Custom Property","YOUR CHOICE","SPAGHETTI STRAP TANK,RIB- RACER TANK,CROPTOP",TUL-010
"Personalized Mrs. Tank Top, Embroidered Bride Cami, Bachelorette Party Shirt","Celebrate the bride’s new chapter with a personalized Mrs tank top embroidered with her future surname and elegant clinking champagne glasses. This custom bridal cami is perfect for bachelorette parties, bridal showers, wedding-morning photos, honeymoon outfits, and engagement celebrations. 🥂💍
About Our  Tank top
Each Tank top is made to order and personalized with care. Please check the sizing chart and color options before placing your order.
Product Details
- Premium soft micro rib fabric
- Personalized embroidery or print option
- Not Vinyl
- Flattering fitted crop style
- Soft cotton/ Polyester Blend
- Pre- Shrunk Fabric
- Tear- away label
- Lightweight semi-sheer feel
- Perfect for layering or bridal Styling
 How to personalize
Please enter the following information in the personalization box
1. Font Selection number
2. Exact words to be embroidered
3. Thread color
4. Optional symbol request, if applicable
Please double- check all spelling, punctuation, names, and dates before submitting your order. We will embroider the text exactly as provided

Perfect gift for 
- Bride- to- be
- Future Mrs
- Bridal shower Gifts
- Engagement Gifts
- Bachelorette Party outfit
- Honeymoon Outfit
- Wedding morning outfit
- Bridal Getting- ready Photos
 
Processing time
 Our standard processing time is 3-5 days
Processing time begins after we receive all personalization details. Orders with missing information may be delayed until the required details are provided
During busy wedding season or holidays, processing times may vary slightly, but we always do our best to complete and ship orders as quickly as possible

Shipping times
Standard shipping usually takes approximately 5-9 business days after the order has been processed and shipped.
Please note that shipping times are estimated  and may vary depending on the carrier, destination, weather, holidays, or other delays outside of our control
Once your order has been shipped , tracking information will be provided when available

Rush Shipping Option
Need your order sooner? 
We offer a Rush shipping option, which usually arrives in approximately 3-5 business days after processing.
Please select the rush option shipping  at checkout or message us before ordering if you have a specific deadline
Rush Shipping Speeds up the delivery method, but please remember that each handkerchief is still custom embroidered and requires production time

Important Notes
- Colors may appear slightly different depending on your screen or monitor settings
- Placement and sizing of embroidery may vary slightly depending on the wording and font selected
- Personalized item are handmade, so slight variations may occur.

Return & Exchange Policy
Because this is personalized custom item, we do not accept  returns, exchanges or cancellation once production has started 
However customer satisfaction is very important to us. If there is an issue with your order, please contact us as soon as possible so we can help
We are not responsible for errors submitted in the personalization box, including spelling mistakes, incorrect dates, missing words, or wrong names. 
Please review your personalization carefully before placing order 
If we make an error on your order, please message us with photos of the item and packaging, and we will be happy to assist.

Lost, Delayed Or Return Packages
Once an order has been shipped, delivery is handled by the shipping carrier
We are not responsible for carrier delays, lost packages, incorrect address, or packages marked as delivered by the carrier
Please make sure your shipping address is correct before placing your order
If a package is returned to us due to an incorrect or incomplete address, the buyer is  responsible for any addition shipping cost to resend the item

Care Instructions
Machine Wash gently with cold water
Lay flat or tumbler dry low
Iron if needed
Do not bleach

Thank you so much for supporting our handmade shop. We are honored to create a meaningful keepsake for your special day.",26.64,USD,99,"personalize_bride,custom_mrs_tank_top,champagne_bride,bachelorette_cami,embroidered_tank,future_mrs_gift,bridal_shower_top,wedding_morning_top,custom_name_top,bride_to_be_shirt,champagne_glass_top,bridesmaids_bulk,trendy_bride","Cotton,Polyester",https://i.etsystatic.com/66439541/r/il/d81534/8241966467/il_fullxfull.8241966467_paq6.jpg,https://i.etsystatic.com/66439541/r/il/e0e782/8241965057/il_fullxfull.8241965057_jpzm.jpg,https://i.etsystatic.com/66439541/r/il/be61b2/8241965069/il_fullxfull.8241965069_iz0f.jpg,https://i.etsystatic.com/66439541/r/il/3c17e6/8198189973/il_fullxfull.8198189973_5fup.jpg,https://i.etsystatic.com/66439541/r/il/3fbefa/8130478566/il_fullxfull.8130478566_amwj.jpg,https://i.etsystatic.com/66439541/r/il/28abb2/8198189967/il_fullxfull.8198189967_rn9e.jpg,https://i.etsystatic.com/66439541/r/il/2aa2a3/8150339970/il_fullxfull.8150339970_7bcg.jpg,https://i.etsystatic.com/66439541/r/il/398d71/8150339866/il_fullxfull.8150339866_fj16.jpg,https://i.etsystatic.com/66439541/r/il/45b881/8198254531/il_fullxfull.8198254531_1qw9.jpg,https://i.etsystatic.com/66439541/r/il/acd6fe/8150274582/il_fullxfull.8150274582_ld3y.jpg,"Custom Property",Size,"XS,S,M,L,XL","Custom Property","YOUR CHOICE","SPAGHETTI STRAP TANK,RIB- RACER TANK,CROPTOP",TUL-010
"Lemon Spaghetti Strap Tank top Embroidered","Add a fresh citrus touch to your warm-weather wardrobe with this lemon spaghetti strap tank top. Featuring cheerful embroidered lemon details, this cute summer cami is perfect for Mediterranean-inspired outfits, vacations, garden parties, and sunny everyday adventures. 🍋☀️
About Our  Tank top
Each Tank top is made to order and personalized with care. Please check the sizing chart and color options before placing your order.
Product Details
- Premium soft micro rib fabric
- Personalized embroidery or print option
- Not Vinyl
- Flattering fitted crop style
- Soft cotton/ Polyester Blend
- Pre- Shrunk Fabric
- Tear- away label
- Lightweight semi-sheer feel
- Perfect for layering or bridal Styling
 How to personalize
Please enter the following information in the personalization box
1. Font Selection number
2. Exact words to be embroidered
3. Thread color
4. Optional symbol request, if applicable
Please double- check all spelling, punctuation, names, and dates before submitting your order. We will embroider the text exactly as provided

Perfect gift for 
- Bride- to- be
- Future Mrs
- Bridal shower Gifts
- Engagement Gifts
- Bachelorette Party outfit
- Honeymoon Outfit
- Wedding morning outfit
- Bridal Getting- ready Photos
 
Processing time
 Our standard processing time is 3-5 days
Processing time begins after we receive all personalization details. Orders with missing information may be delayed until the required details are provided
During busy wedding season or holidays, processing times may vary slightly, but we always do our best to complete and ship orders as quickly as possible

Shipping times
Standard shipping usually takes approximately 5-9 business days after the order has been processed and shipped.
Please note that shipping times are estimated  and may vary depending on the carrier, destination, weather, holidays, or other delays outside of our control
Once your order has been shipped , tracking information will be provided when available

Rush Shipping Option
Need your order sooner? 
We offer a Rush shipping option, which usually arrives in approximately 3-5 business days after processing.
Please select the rush option shipping  at checkout or message us before ordering if you have a specific deadline
Rush Shipping Speeds up the delivery method, but please remember that each handkerchief is still custom embroidered and requires production time

Important Notes
- Colors may appear slightly different depending on your screen or monitor settings
- Placement and sizing of embroidery may vary slightly depending on the wording and font selected
- Personalized item are handmade, so slight variations may occur.

Return & Exchange Policy
Because this is personalized custom item, we do not accept  returns, exchanges or cancellation once production has started 
However customer satisfaction is very important to us. If there is an issue with your order, please contact us as soon as possible so we can help
We are not responsible for errors submitted in the personalization box, including spelling mistakes, incorrect dates, missing words, or wrong names. 
Please review your personalization carefully before placing order 
If we make an error on your order, please message us with photos of the item and packaging, and we will be happy to assist.

Lost, Delayed Or Return Packages
Once an order has been shipped, delivery is handled by the shipping carrier
We are not responsible for carrier delays, lost packages, incorrect address, or packages marked as delivered by the carrier
Please make sure your shipping address is correct before placing your order
If a package is returned to us due to an incorrect or incomplete address, the buyer is  responsible for any addition shipping cost to resend the item

Care Instructions
Machine Wash gently with cold water
Lay flat or tumbler dry low
Iron if needed
Do not bleach

Thank you so much for supporting our handmade shop. We are honored to create a meaningful keepsake for your special day.",26.64,USD,99,"lemon_tank_top,spaghetti_strap_top,embroidered_lemon,citrus_summer_cami,fruit_lover_gift,mediterranean_top,lemon_lover_shirt,summer_vacation_top,cute_fruit_clothing,garden_party_cami,embroidered_cami,summer_outfit_women,citrus_gift_for_her","Cotton,Polyester",https://i.etsystatic.com/66439541/r/il/7071bc/8239385217/il_fullxfull.8239385217_pkbp.jpg,https://i.etsystatic.com/66439541/r/il/8ddf14/8191459912/il_fullxfull.8191459912_sjun.jpg,https://i.etsystatic.com/66439541/r/il/d1d30a/8239385075/il_fullxfull.8239385075_imaw.jpg,https://i.etsystatic.com/66439541/r/il/3c17e6/8198189973/il_fullxfull.8198189973_5fup.jpg,https://i.etsystatic.com/66439541/r/il/3fbefa/8130478566/il_fullxfull.8130478566_amwj.jpg,https://i.etsystatic.com/66439541/r/il/28abb2/8198189967/il_fullxfull.8198189967_rn9e.jpg,https://i.etsystatic.com/66439541/r/il/2aa2a3/8150339970/il_fullxfull.8150339970_7bcg.jpg,https://i.etsystatic.com/66439541/r/il/398d71/8150339866/il_fullxfull.8150339866_fj16.jpg,https://i.etsystatic.com/66439541/r/il/45b881/8198254531/il_fullxfull.8198254531_1qw9.jpg,https://i.etsystatic.com/66439541/r/il/acd6fe/8150274582/il_fullxfull.8150274582_ld3y.jpg,"Custom Property",Size,"XS,S,M,L,XL","Custom Property","YOUR CHOICE","SPAGHETTI STRAP TANK,RIB- RACER TANK,CROPTOP",TUL-010
"Embroidered Sea Turtle Cami, Coastal Summer Tank Top, Nautical Beach Shirt","Bring Ocean inspired Charm to your summer wardrobe with a custom embroidered sea animal tank top
Choose a sea turtle, seashell , starfish, or seahorse design on a classic ribbed cami for beach vacations, coastal outfits and thoughtful gifts for ocean lovers
About Our  Tank top
Each Tank top is made to order and personalized with care. Please check the sizing chart and color options before placing your order.
Product Details
- Premium soft micro rib fabric
- Personalized embroidery or print option
- Not Vinyl
- Flattering fitted crop style
- Soft cotton/ Polyester Blend
- Pre- Shrunk Fabric
- Tear- away label
- Lightweight semi-sheer feel
- Perfect for layering or bridal Styling
 How to personalize
Please enter the following information in the personalization box
1. Font Selection number
2. Exact words to be embroidered
3. Thread color
4. Optional symbol request, if applicable
Please double- check all spelling, punctuation, names, and dates before submitting your order. We will embroider the text exactly as provided

Perfect gift for 
- Bride- to- be
- Future Mrs
- Bridal shower Gifts
- Engagement Gifts
- Bachelorette Party outfit
- Honeymoon Outfit
- Wedding morning outfit
- Bridal Getting- ready Photos
 
Processing time
 Our standard processing time is 3-5 days
Processing time begins after we receive all personalization details. Orders with missing information may be delayed until the required details are provided
During busy wedding season or holidays, processing times may vary slightly, but we always do our best to complete and ship orders as quickly as possible

Shipping times
Standard shipping usually takes approximately 5-9 business days after the order has been processed and shipped.
Please note that shipping times are estimated  and may vary depending on the carrier, destination, weather, holidays, or other delays outside of our control
Once your order has been shipped , tracking information will be provided when available

Rush Shipping Option
Need your order sooner? 
We offer a Rush shipping option, which usually arrives in approximately 3-5 business days after processing.
Please select the rush option shipping  at checkout or message us before ordering if you have a specific deadline
Rush Shipping Speeds up the delivery method, but please remember that each handkerchief is still custom embroidered and requires production time

Important Notes
- Colors may appear slightly different depending on your screen or monitor settings
- Placement and sizing of embroidery may vary slightly depending on the wording and font selected
- Personalized item are handmade, so slight variations may occur.

Return & Exchange Policy
Because this is personalized custom item, we do not accept  returns, exchanges or cancellation once production has started 
However customer satisfaction is very important to us. If there is an issue with your order, please contact us as soon as possible so we can help
We are not responsible for errors submitted in the personalization box, including spelling mistakes, incorrect dates, missing words, or wrong names. 
Please review your personalization carefully before placing order 
If we make an error on your order, please message us with photos of the item and packaging, and we will be happy to assist.

Lost, Delayed Or Return Packages
Once an order has been shipped, delivery is handled by the shipping carrier
We are not responsible for carrier delays, lost packages, incorrect address, or packages marked as delivered by the carrier
Please make sure your shipping address is correct before placing your order
If a package is returned to us due to an incorrect or incomplete address, the buyer is  responsible for any addition shipping cost to resend the item

Care Instructions
Machine Wash gently with cold water
Lay flat or tumbler dry low
Iron if needed
Do not bleach

Thank you so much for supporting our handmade shop. We are honored to create a meaningful keepsake for your special day.",26.64,USD,99,"custom_sea_animal,embroidered_cami,seashell_top,sea_turtle_shirt,seahorse_tank,starfish_top,coastal_summer,beach_lover_gift,marine_life_cami,bridal_party_shirt,bulk_order,custom_bride_shirt,nautical_tank_top","Cotton,Polyester",https://i.etsystatic.com/66439541/r/il/21e9a3/8239371473/il_fullxfull.8239371473_175v.jpg,https://i.etsystatic.com/66439541/r/il/8ccdcd/8191446356/il_fullxfull.8191446356_bbqt.jpg,https://i.etsystatic.com/66439541/r/il/ccc654/8191446462/il_fullxfull.8191446462_qbiu.jpg,https://i.etsystatic.com/66439541/r/il/dc6664/8191446900/il_fullxfull.8191446900_e4vb.jpg,https://i.etsystatic.com/66439541/r/il/cf65ec/8239372379/il_fullxfull.8239372379_cnth.jpg,https://i.etsystatic.com/66439541/r/il/d28a6c/8191446966/il_fullxfull.8191446966_qr3n.jpg,https://i.etsystatic.com/66439541/r/il/3c17e6/8198189973/il_fullxfull.8198189973_5fup.jpg,https://i.etsystatic.com/66439541/r/il/3fbefa/8130478566/il_fullxfull.8130478566_amwj.jpg,https://i.etsystatic.com/66439541/r/il/28abb2/8198189967/il_fullxfull.8198189967_rn9e.jpg,https://i.etsystatic.com/66439541/r/il/2aa2a3/8150339970/il_fullxfull.8150339970_7bcg.jpg,"Custom Property",Size,"XS,S,M,L,XL","Custom Property","YOUR CHOICE","SPAGHETTI STRAP TANK,RIB- RACER TANK,CROPTOP",TUL-010
"Embroidered Beach Bride Tank Top, Coastal Bachelorette Cami, Honeymoon Bridal Gift","Welcome to my little shop
Celebrate the season of “I do” with this embroidered The Summer I Turned Married tank top. Featuring soft blue coastal details and a playful bridal phrase, this beach bride cami is perfect for bachelorette trips, destination weddings, honeymoon adventures, and summer bridal celebrations. 🌊💍
About Our  Tank top
Each Tank top is made to order and personalized with care. Please check the sizing chart and color options before placing your order.
Product Details
- Premium soft micro rib fabric
- Personalized embroidery or print option
- Not Vinyl
- Flattering fitted crop style
- Soft cotton/ Polyester Blend
- Pre- Shrunk Fabric
- Tear- away label
- Lightweight semi-sheer feel
- Perfect for layering or bridal Styling
 How to personalize
Please enter the following information in the personalization box
1. Font Selection number
2. Exact words to be embroidered
3. Thread color
4. Optional symbol request, if applicable
Please double- check all spelling, punctuation, names, and dates before submitting your order. We will embroider the text exactly as provided

Perfect gift for 
- Bride- to- be
- Future Mrs
- Bridal shower Gifts
- Engagement Gifts
- Bachelorette Party outfit
- Honeymoon Outfit
- Wedding morning outfit
- Bridal Getting- ready Photos
 
Processing time
 Our standard processing time is 3-5 days
Processing time begins after we receive all personalization details. Orders with missing information may be delayed until the required details are provided
During busy wedding season or holidays, processing times may vary slightly, but we always do our best to complete and ship orders as quickly as possible

Shipping times
Standard shipping usually takes approximately 5-9 business days after the order has been processed and shipped.
Please note that shipping times are estimated  and may vary depending on the carrier, destination, weather, holidays, or other delays outside of our control
Once your order has been shipped , tracking information will be provided when available

Rush Shipping Option
Need your order sooner? 
We offer a Rush shipping option, which usually arrives in approximately 3-5 business days after processing.
Please select the rush option shipping  at checkout or message us before ordering if you have a specific deadline
Rush Shipping Speeds up the delivery method, but please remember that each handkerchief is still custom embroidered and requires production time

Important Notes
- Colors may appear slightly different depending on your screen or monitor settings
- Placement and sizing of embroidery may vary slightly depending on the wording and font selected
- Personalized item are handmade, so slight variations may occur.

Return & Exchange Policy
Because this is personalized custom item, we do not accept  returns, exchanges or cancellation once production has started 
However customer satisfaction is very important to us. If there is an issue with your order, please contact us as soon as possible so we can help
We are not responsible for errors submitted in the personalization box, including spelling mistakes, incorrect dates, missing words, or wrong names. 
Please review your personalization carefully before placing order 
If we make an error on your order, please message us with photos of the item and packaging, and we will be happy to assist.

Lost, Delayed Or Return Packages
Once an order has been shipped, delivery is handled by the shipping carrier
We are not responsible for carrier delays, lost packages, incorrect address, or packages marked as delivered by the carrier
Please make sure your shipping address is correct before placing your order
If a package is returned to us due to an incorrect or incomplete address, the buyer is  responsible for any addition shipping cost to resend the item

Care Instructions
Machine Wash gently with cold water
Lay flat or tumbler dry low
Iron if needed
Do not bleach

Thank you so much for supporting our handmade shop. We are honored to create a meaningful keepsake for your special day.",26.64,USD,99,"summer_bride_top,turned_married,beach_bride_top,embroidered_cami,coastal_bride_gift,bachelorette_top,honeymoon_outfit,bridal_shower_top,summer_wedding_top,nautical_bride_top,bride_to_be_gift,seashell_tank_top,trendy_tank_top","Cotton,Polyester",https://i.etsystatic.com/66439541/r/il/1da2ff/8239360141/il_fullxfull.8239360141_h3ws.jpg,https://i.etsystatic.com/66439541/r/il/10f62a/8191430628/il_fullxfull.8191430628_myeg.jpg,https://i.etsystatic.com/66439541/r/il/3c17e6/8198189973/il_fullxfull.8198189973_5fup.jpg,https://i.etsystatic.com/66439541/r/il/3fbefa/8130478566/il_fullxfull.8130478566_amwj.jpg,https://i.etsystatic.com/66439541/r/il/28abb2/8198189967/il_fullxfull.8198189967_rn9e.jpg,https://i.etsystatic.com/66439541/r/il/2aa2a3/8150339970/il_fullxfull.8150339970_7bcg.jpg,https://i.etsystatic.com/66439541/r/il/398d71/8150339866/il_fullxfull.8150339866_fj16.jpg,https://i.etsystatic.com/66439541/r/il/45b881/8198254531/il_fullxfull.8198254531_1qw9.jpg,https://i.etsystatic.com/66439541/r/il/acd6fe/8150274582/il_fullxfull.8150274582_ld3y.jpg,https://i.etsystatic.com/66439541/r/il/03134d/8130478676/il_fullxfull.8130478676_lee2.jpg,"Custom Property",Size,"XS,S,M,L,XL","Custom Property","YOUR CHOICE","SPAGHETTI STRAP TANK,RIB- RACER TANK,CROPTOP",TUL-010
"Matcha Girly Embroidered Spaghetti Strap Tank Top, Green Tea Cami, Summer Cafe Outfit","Welcome to my little shop
Show off your love for green tea with this Matcha Girly spaghetti strap tank top. Featuring charming matcha-inspired embroidery on a feminine cami silhouette, this cute summer top is perfect for café dates, casual outings, vacations, and playful foodie outfits. 🍵💚
About Our  Tank top
Each Tank top is made to order and personalized with care. Please check the sizing chart and color options before placing your order.
Product Details
- Premium soft micro rib fabric
- Personalized embroidery or print option
- Not Vinyl
- Flattering fitted crop style
- Soft cotton/ Polyester Blend
- Pre- Shrunk Fabric
- Tear- away label
- Lightweight semi-sheer feel
- Perfect for layering or bridal Styling
 How to personalize
Please enter the following information in the personalization box
1. Font Selection number
2. Exact words to be embroidered
3. Thread color
4. Optional symbol request, if applicable
Please double- check all spelling, punctuation, names, and dates before submitting your order. We will embroider the text exactly as provided

Perfect gift for 
- Bride- to- be
- Future Mrs
- Bridal shower Gifts
- Engagement Gifts
- Bachelorette Party outfit
- Honeymoon Outfit
- Wedding morning outfit
- Bridal Getting- ready Photos
 
Processing time
 Our standard processing time is 3-5 days
Processing time begins after we receive all personalization details. Orders with missing information may be delayed until the required details are provided
During busy wedding season or holidays, processing times may vary slightly, but we always do our best to complete and ship orders as quickly as possible

Shipping times
Standard shipping usually takes approximately 5-9 business days after the order has been processed and shipped.
Please note that shipping times are estimated  and may vary depending on the carrier, destination, weather, holidays, or other delays outside of our control
Once your order has been shipped , tracking information will be provided when available

Rush Shipping Option
Need your order sooner? 
We offer a Rush shipping option, which usually arrives in approximately 3-5 business days after processing.
Please select the rush option shipping  at checkout or message us before ordering if you have a specific deadline
Rush Shipping Speeds up the delivery method, but please remember that each handkerchief is still custom embroidered and requires production time

Important Notes
- Colors may appear slightly different depending on your screen or monitor settings
- Placement and sizing of embroidery may vary slightly depending on the wording and font selected
- Personalized item are handmade, so slight variations may occur.

Return & Exchange Policy
Because this is personalized custom item, we do not accept  returns, exchanges or cancellation once production has started 
However customer satisfaction is very important to us. If there is an issue with your order, please contact us as soon as possible so we can help
We are not responsible for errors submitted in the personalization box, including spelling mistakes, incorrect dates, missing words, or wrong names. 
Please review your personalization carefully before placing order 
If we make an error on your order, please message us with photos of the item and packaging, and we will be happy to assist.

Lost, Delayed Or Return Packages
Once an order has been shipped, delivery is handled by the shipping carrier
We are not responsible for carrier delays, lost packages, incorrect address, or packages marked as delivered by the carrier
Please make sure your shipping address is correct before placing your order
If a package is returned to us due to an incorrect or incomplete address, the buyer is  responsible for any addition shipping cost to resend the item

Care Instructions
Machine Wash gently with cold water
Lay flat or tumbler dry low
Iron if needed
Do not bleach

Thank you so much for supporting our handmade shop. We are honored to create a meaningful keepsake for your special day.",26.64,USD,99,"matcha_girly_top,matcha_tank_top,spaghetti_stap_top,embroidered_cami,green_tea_shirt,cute_summer_cami,japanese_cafe_top,y2k_aesthetic_top,kawaii_matcha_shirt,tea_lover_gift,matcha_lover,casual_summer_top,matcha","Cotton,Polyester",https://i.etsystatic.com/66439541/r/il/5bfc63/8239344757/il_fullxfull.8239344757_lg0y.jpg,https://i.etsystatic.com/66439541/r/il/fc3986/8191419400/il_fullxfull.8191419400_khg1.jpg,https://i.etsystatic.com/66439541/r/il/3c17e6/8198189973/il_fullxfull.8198189973_5fup.jpg,https://i.etsystatic.com/66439541/r/il/3fbefa/8130478566/il_fullxfull.8130478566_amwj.jpg,https://i.etsystatic.com/66439541/r/il/28abb2/8198189967/il_fullxfull.8198189967_rn9e.jpg,https://i.etsystatic.com/66439541/r/il/2aa2a3/8150339970/il_fullxfull.8150339970_7bcg.jpg,https://i.etsystatic.com/66439541/r/il/398d71/8150339866/il_fullxfull.8150339866_fj16.jpg,https://i.etsystatic.com/66439541/r/il/45b881/8198254531/il_fullxfull.8198254531_1qw9.jpg,https://i.etsystatic.com/66439541/r/il/acd6fe/8150274582/il_fullxfull.8150274582_ld3y.jpg,https://i.etsystatic.com/66439541/r/il/03134d/8130478676/il_fullxfull.8130478676_lee2.jpg,"Custom Property",Size,"XS,S,M,L,XL","Custom Property","YOUR CHOICE","SPAGHETTI STRAP TANK,RIB- RACER TANK,CROPTOP",TUL-010
"Custom Embroidered Ladybug Bride Tank Top, Personalized Bachelorette Party Shirt","Welcome to my little shop
Celebrate the future Mrs. with a custom embroidered bride tank top personalized with her new last name and wedding year. This elegant bridal cami is a memorable choice for bachelorette parties, bridal showers, engagement celebrations, wedding mornings, and honeymoon outfits. 💍💚
About Our  Tank top
Each Tank top is made to order and personalized with care. Please check the sizing chart and color options before placing your order.
Product Details
- Premium soft micro rib fabric
- Personalized embroidery or print option
- Not Vinyl
- Flattering fitted crop style
- Soft cotton/ Polyester Blend
- Pre- Shrunk Fabric
- Tear- away label
- Lightweight semi-sheer feel
- Perfect for layering or bridal Styling
 How to personalize
Please enter the following information in the personalization box
1. Font Selection number
2. Exact words to be embroidered
3. Thread color
4. Optional symbol request, if applicable
Please double- check all spelling, punctuation, names, and dates before submitting your order. We will embroider the text exactly as provided

Perfect gift for 
- Bride- to- be
- Future Mrs
- Bridal shower Gifts
- Engagement Gifts
- Bachelorette Party outfit
- Honeymoon Outfit
- Wedding morning outfit
- Bridal Getting- ready Photos
 
Processing time
 Our standard processing time is 3-5 days
Processing time begins after we receive all personalization details. Orders with missing information may be delayed until the required details are provided
During busy wedding season or holidays, processing times may vary slightly, but we always do our best to complete and ship orders as quickly as possible

Shipping times
Standard shipping usually takes approximately 5-9 business days after the order has been processed and shipped.
Please note that shipping times are estimated  and may vary depending on the carrier, destination, weather, holidays, or other delays outside of our control
Once your order has been shipped , tracking information will be provided when available

Rush Shipping Option
Need your order sooner? 
We offer a Rush shipping option, which usually arrives in approximately 3-5 business days after processing.
Please select the rush option shipping  at checkout or message us before ordering if you have a specific deadline
Rush Shipping Speeds up the delivery method, but please remember that each handkerchief is still custom embroidered and requires production time

Important Notes
- Colors may appear slightly different depending on your screen or monitor settings
- Placement and sizing of embroidery may vary slightly depending on the wording and font selected
- Personalized item are handmade, so slight variations may occur.

Return & Exchange Policy
Because this is personalized custom item, we do not accept  returns, exchanges or cancellation once production has started 
However customer satisfaction is very important to us. If there is an issue with your order, please contact us as soon as possible so we can help
We are not responsible for errors submitted in the personalization box, including spelling mistakes, incorrect dates, missing words, or wrong names. 
Please review your personalization carefully before placing order 
If we make an error on your order, please message us with photos of the item and packaging, and we will be happy to assist.

Lost, Delayed Or Return Packages
Once an order has been shipped, delivery is handled by the shipping carrier
We are not responsible for carrier delays, lost packages, incorrect address, or packages marked as delivered by the carrier
Please make sure your shipping address is correct before placing your order
If a package is returned to us due to an incorrect or incomplete address, the buyer is  responsible for any addition shipping cost to resend the item

Care Instructions
Machine Wash gently with cold water
Lay flat or tumbler dry low
Iron if needed
Do not bleach

Thank you so much for supporting our handmade shop. We are honored to create a meaningful keepsake for your special day.",26.64,USD,99,"Custom_ladybug_top,bug_summer,mrs_bride_tank_top,ladybug_bride_top,bachelorette__top,bridal_party_tops,bridesmaid_top,embroidered_cami,lady_bug_sad,wedding_party_gift,bridal_shower_gift,bulk_gift,trendy_gift_bride","Cotton,Polyester",https://i.etsystatic.com/66439541/r/il/fdc45d/8239314459/il_fullxfull.8239314459_cocp.jpg,https://i.etsystatic.com/66439541/r/il/855bc1/8191388848/il_fullxfull.8191388848_peta.jpg,https://i.etsystatic.com/66439541/r/il/3c17e6/8198189973/il_fullxfull.8198189973_5fup.jpg,https://i.etsystatic.com/66439541/r/il/3fbefa/8130478566/il_fullxfull.8130478566_amwj.jpg,https://i.etsystatic.com/66439541/r/il/28abb2/8198189967/il_fullxfull.8198189967_rn9e.jpg,https://i.etsystatic.com/66439541/r/il/2aa2a3/8150339970/il_fullxfull.8150339970_7bcg.jpg,https://i.etsystatic.com/66439541/r/il/398d71/8150339866/il_fullxfull.8150339866_fj16.jpg,https://i.etsystatic.com/66439541/r/il/45b881/8198254531/il_fullxfull.8198254531_1qw9.jpg,https://i.etsystatic.com/66439541/r/il/acd6fe/8150274582/il_fullxfull.8150274582_ld3y.jpg,https://i.etsystatic.com/66439541/r/il/03134d/8130478676/il_fullxfull.8130478676_lee2.jpg,"Custom Property",Size,"XS,S,M,L,XL","Custom Property","YOUR CHOICE","SPAGHETTI STRAP TANK,RIB- RACER TANK,CROPTOP",TUL-010
"Custom Embroidered Mrs. Bride Tank Top, Personalized Bachelorette Cami, Bridal Shower Outfit","Welcome to my little shop
Celebrate the future Mrs. with a custom embroidered bride tank top personalized with her new last name and wedding year. This elegant bridal cami is a memorable choice for bachelorette parties, bridal showers, engagement celebrations, wedding mornings, and honeymoon outfits. 💍💚
About Our  Tank top
Each Tank top is made to order and personalized with care. Please check the sizing chart and color options before placing your order.
Product Details
- Premium soft micro rib fabric
- Personalized embroidery or print option
- Not Vinyl
- Flattering fitted crop style
- Soft cotton/ Polyester Blend
- Pre- Shrunk Fabric
- Tear- away label
- Lightweight semi-sheer feel
- Perfect for layering or bridal Styling
 How to personalize
Please enter the following information in the personalization box
1. Font Selection number
2. Exact words to be embroidered
3. Thread color
4. Optional symbol request, if applicable
Please double- check all spelling, punctuation, names, and dates before submitting your order. We will embroider the text exactly as provided

Perfect gift for 
- Bride- to- be
- Future Mrs
- Bridal shower Gifts
- Engagement Gifts
- Bachelorette Party outfit
- Honeymoon Outfit
- Wedding morning outfit
- Bridal Getting- ready Photos
 
Processing time
 Our standard processing time is 3-5 days
Processing time begins after we receive all personalization details. Orders with missing information may be delayed until the required details are provided
During busy wedding season or holidays, processing times may vary slightly, but we always do our best to complete and ship orders as quickly as possible

Shipping times
Standard shipping usually takes approximately 5-9 business days after the order has been processed and shipped.
Please note that shipping times are estimated  and may vary depending on the carrier, destination, weather, holidays, or other delays outside of our control
Once your order has been shipped , tracking information will be provided when available

Rush Shipping Option
Need your order sooner? 
We offer a Rush shipping option, which usually arrives in approximately 3-5 business days after processing.
Please select the rush option shipping  at checkout or message us before ordering if you have a specific deadline
Rush Shipping Speeds up the delivery method, but please remember that each handkerchief is still custom embroidered and requires production time

Important Notes
- Colors may appear slightly different depending on your screen or monitor settings
- Placement and sizing of embroidery may vary slightly depending on the wording and font selected
- Personalized item are handmade, so slight variations may occur.

Return & Exchange Policy
Because this is personalized custom item, we do not accept  returns, exchanges or cancellation once production has started 
However customer satisfaction is very important to us. If there is an issue with your order, please contact us as soon as possible so we can help
We are not responsible for errors submitted in the personalization box, including spelling mistakes, incorrect dates, missing words, or wrong names. 
Please review your personalization carefully before placing order 
If we make an error on your order, please message us with photos of the item and packaging, and we will be happy to assist.

Lost, Delayed Or Return Packages
Once an order has been shipped, delivery is handled by the shipping carrier
We are not responsible for carrier delays, lost packages, incorrect address, or packages marked as delivered by the carrier
Please make sure your shipping address is correct before placing your order
If a package is returned to us due to an incorrect or incomplete address, the buyer is  responsible for any addition shipping cost to resend the item

Care Instructions
Machine Wash gently with cold water
Lay flat or tumbler dry low
Iron if needed
Do not bleach

Thank you so much for supporting our handmade shop. We are honored to create a meaningful keepsake for your special day.",26.64,USD,99,"custom_bride_tank,personalized_cami,future_bride_top,mrs_bride_shirt,bachelorette_top,embroidered_tank,bridal_shower_gift,wedding_party_top,custom_mrs_shirt,engagement_gift,bride_weekend_top,bride_to_be_outfits,trendy_tank","Cotton,Polyester",https://i.etsystatic.com/66439541/r/il/f270fb/8239311241/il_fullxfull.8239311241_6ts7.jpg,https://i.etsystatic.com/66439541/r/il/f96423/8191358826/il_fullxfull.8191358826_tkdv.jpg,https://i.etsystatic.com/66439541/r/il/b7ef72/8239284713/il_fullxfull.8239284713_powx.jpg,https://i.etsystatic.com/66439541/r/il/3fbefa/8130478566/il_fullxfull.8130478566_amwj.jpg,https://i.etsystatic.com/66439541/r/il/28abb2/8198189967/il_fullxfull.8198189967_rn9e.jpg,https://i.etsystatic.com/66439541/r/il/2aa2a3/8150339970/il_fullxfull.8150339970_7bcg.jpg,https://i.etsystatic.com/66439541/r/il/398d71/8150339866/il_fullxfull.8150339866_fj16.jpg,https://i.etsystatic.com/66439541/r/il/45b881/8198254531/il_fullxfull.8198254531_1qw9.jpg,https://i.etsystatic.com/66439541/r/il/3c17e6/8198189973/il_fullxfull.8198189973_5fup.jpg,https://i.etsystatic.com/66439541/r/il/acd6fe/8150274582/il_fullxfull.8150274582_ld3y.jpg,"Custom Property",Size,"XS,S,M,L,XL","Custom Property","YOUR CHOICE","SPAGHETTI STRAP TANK,RIB- RACER TANK,CROPTOP",TUL-005
"Custom Cabin Crew Embroidered Tank Top, Bachelorette Lake Weekend Bridal Party Shirt","Welcome to my little shop
Celebrate an unforgettable bachelorette getaway with this custom Cabin Crew tank top. Featuring an embroidered woodland cabin, pine trees, hearts, stars, event year, and personalized wording, this bridal cami is perfect for a cozy mountain weekend, lake house celebration, or camping-themed bride trip. 
Celebrate the bride-to-be with this Sea Salt Bride embroidered tank top, featuring delicate blue nautical details on a classic white cami. Perfect for a coastal bachelorette weekend, beach wedding festivities, honeymoon adventures, or a thoughtful bridal gift, this seaside-inspired top brings an effortless ocean feel to every celebration.
About Our  Tank top
Each Tank top is made to order and personalized with care. Please check the sizing chart and color options before placing your order.
Product Details
- Premium soft micro rib fabric
- Personalized embroidery or print option
- Not Vinyl
- Flattering fitted crop style
- Soft cotton/ Polyester Blend
- Pre- Shrunk Fabric
- Tear- away label
- Lightweight semi-sheer feel
- Perfect for layering or bridal Styling
 How to personalize
Please enter the following information in the personalization box
1. Font Selection number
2. Exact words to be embroidered
3. Thread color
4. Optional symbol request, if applicable
Please double- check all spelling, punctuation, names, and dates before submitting your order. We will embroider the text exactly as provided

Perfect gift for 
- Bride- to- be
- Future Mrs
- Bridal shower Gifts
- Engagement Gifts
- Bachelorette Party outfit
- Honeymoon Outfit
- Wedding morning outfit
- Bridal Getting- ready Photos
 
Processing time
 Our standard processing time is 3-5 days
Processing time begins after we receive all personalization details. Orders with missing information may be delayed until the required details are provided
During busy wedding season or holidays, processing times may vary slightly, but we always do our best to complete and ship orders as quickly as possible

Shipping times
Standard shipping usually takes approximately 5-9 business days after the order has been processed and shipped.
Please note that shipping times are estimated  and may vary depending on the carrier, destination, weather, holidays, or other delays outside of our control
Once your order has been shipped , tracking information will be provided when available

Rush Shipping Option
Need your order sooner? 
We offer a Rush shipping option, which usually arrives in approximately 3-5 business days after processing.
Please select the rush option shipping  at checkout or message us before ordering if you have a specific deadline
Rush Shipping Speeds up the delivery method, but please remember that each handkerchief is still custom embroidered and requires production time

Important Notes
- Colors may appear slightly different depending on your screen or monitor settings
- Placement and sizing of embroidery may vary slightly depending on the wording and font selected
- Personalized item are handmade, so slight variations may occur.

Return & Exchange Policy
Because this is personalized custom item, we do not accept  returns, exchanges or cancellation once production has started 
However customer satisfaction is very important to us. If there is an issue with your order, please contact us as soon as possible so we can help
We are not responsible for errors submitted in the personalization box, including spelling mistakes, incorrect dates, missing words, or wrong names. 
Please review your personalization carefully before placing order 
If we make an error on your order, please message us with photos of the item and packaging, and we will be happy to assist.

Lost, Delayed Or Return Packages
Once an order has been shipped, delivery is handled by the shipping carrier
We are not responsible for carrier delays, lost packages, incorrect address, or packages marked as delivered by the carrier
Please make sure your shipping address is correct before placing your order
If a package is returned to us due to an incorrect or incomplete address, the buyer is  responsible for any addition shipping cost to resend the item

Care Instructions
Machine Wash gently with cold water
Lay flat or tumbler dry low
Iron if needed
Do not bleach

Thank you so much for supporting our handmade shop. We are honored to create a meaningful keepsake for your special day.",26.64,USD,99,"custom_camp_bach,cabin_crew_tank,camping_bride_top,bachelorette_cami,embroidered_tank,lake_weekend_shirt,personalized_bride,bridal_party,cabin_bach_outfil,mountain_bride,custom_bach_shirt,camping_wedding_top,bride_trip_outfit","Cotton,Polyester",https://i.etsystatic.com/66439541/r/il/42604a/8191341754/il_fullxfull.8191341754_h3jh.jpg,https://i.etsystatic.com/66439541/r/il/be959e/8239266827/il_fullxfull.8239266827_ni1h.jpg,https://i.etsystatic.com/66439541/r/il/e0e585/8239267037/il_fullxfull.8239267037_5vs9.jpg,https://i.etsystatic.com/66439541/r/il/3fbefa/8130478566/il_fullxfull.8130478566_amwj.jpg,https://i.etsystatic.com/66439541/r/il/2aa2a3/8150339970/il_fullxfull.8150339970_7bcg.jpg,https://i.etsystatic.com/66439541/r/il/398d71/8150339866/il_fullxfull.8150339866_fj16.jpg,https://i.etsystatic.com/66439541/r/il/45b881/8198254531/il_fullxfull.8198254531_1qw9.jpg,https://i.etsystatic.com/66439541/r/il/28abb2/8198189967/il_fullxfull.8198189967_rn9e.jpg,https://i.etsystatic.com/66439541/r/il/3c17e6/8198189973/il_fullxfull.8198189973_5fup.jpg,https://i.etsystatic.com/66439541/r/il/acd6fe/8150274582/il_fullxfull.8150274582_ld3y.jpg,"Custom Property",Size,"XS,S,M,L,XL","Custom Property","YOUR CHOICE","SPAGHETTI STRAP TANK,RIB- RACER TANK,CROPTOP",TUL-005
"Sea Salt Bride Embroidered Cami, Coastal Bachelorette Beach Wedding Bridal Shirt","Welcome to my little shop
Celebrate the bride-to-be with this Sea Salt Bride embroidered tank top, featuring delicate blue nautical details on a classic white cami. Perfect for a coastal bachelorette weekend, beach wedding festivities, honeymoon adventures, or a thoughtful bridal gift, this seaside-inspired top brings an effortless ocean feel to every celebration.
About Our  Tank top
Each Tank top is made to order and personalized with care. Please check the sizing chart and color options before placing your order.
Product Details
- Premium soft micro rib fabric
- Personalized embroidery or print option
- Not Vinyl
- Flattering fitted crop style
- Soft cotton/ Polyester Blend
- Pre- Shrunk Fabric
- Tear- away label
- Lightweight semi-sheer feel
- Perfect for layering or bridal Styling
 How to personalize
Please enter the following information in the personalization box
1. Font Selection number
2. Exact words to be embroidered
3. Thread color
4. Optional symbol request, if applicable
Please double- check all spelling, punctuation, names, and dates before submitting your order. We will embroider the text exactly as provided

Perfect gift for 
- Bride- to- be
- Future Mrs
- Bridal shower Gifts
- Engagement Gifts
- Bachelorette Party outfit
- Honeymoon Outfit
- Wedding morning outfit
- Bridal Getting- ready Photos
 
Processing time
 Our standard processing time is 3-5 days
Processing time begins after we receive all personalization details. Orders with missing information may be delayed until the required details are provided
During busy wedding season or holidays, processing times may vary slightly, but we always do our best to complete and ship orders as quickly as possible

Shipping times
Standard shipping usually takes approximately 5-9 business days after the order has been processed and shipped.
Please note that shipping times are estimated  and may vary depending on the carrier, destination, weather, holidays, or other delays outside of our control
Once your order has been shipped , tracking information will be provided when available

Rush Shipping Option
Need your order sooner? 
We offer a Rush shipping option, which usually arrives in approximately 3-5 business days after processing.
Please select the rush option shipping  at checkout or message us before ordering if you have a specific deadline
Rush Shipping Speeds up the delivery method, but please remember that each handkerchief is still custom embroidered and requires production time

Important Notes
- Colors may appear slightly different depending on your screen or monitor settings
- Placement and sizing of embroidery may vary slightly depending on the wording and font selected
- Personalized item are handmade, so slight variations may occur.

Return & Exchange Policy
Because this is personalized custom item, we do not accept  returns, exchanges or cancellation once production has started 
However customer satisfaction is very important to us. If there is an issue with your order, please contact us as soon as possible so we can help
We are not responsible for errors submitted in the personalization box, including spelling mistakes, incorrect dates, missing words, or wrong names. 
Please review your personalization carefully before placing order 
If we make an error on your order, please message us with photos of the item and packaging, and we will be happy to assist.

Lost, Delayed Or Return Packages
Once an order has been shipped, delivery is handled by the shipping carrier
We are not responsible for carrier delays, lost packages, incorrect address, or packages marked as delivered by the carrier
Please make sure your shipping address is correct before placing your order
If a package is returned to us due to an incorrect or incomplete address, the buyer is  responsible for any addition shipping cost to resend the item

Care Instructions
Machine Wash gently with cold water
Lay flat or tumbler dry low
Iron if needed
Do not bleach

Thank you so much for supporting our handmade shop. We are honored to create a meaningful keepsake for your special day.",26.64,USD,99,"sea_salt_bride_top,embroidered_cami,coastal_bride,nautical_bride_top,summer_bridal_top,bride_beach_outfit,bridal_party_cami,ocean_wedding_gift,embroidered_bride,bridal_shower_gift,wedding_gift,bulk_gift,bridesmaid_gift","Cotton,Polyester",https://i.etsystatic.com/66439541/r/il/764b94/8191323822/il_fullxfull.8191323822_d9uu.jpg,https://i.etsystatic.com/66439541/r/il/9cee64/8239249369/il_fullxfull.8239249369_sowi.jpg,https://i.etsystatic.com/66439541/r/il/b458bb/8239249447/il_fullxfull.8239249447_i3jg.jpg,https://i.etsystatic.com/66439541/r/il/3fbefa/8130478566/il_fullxfull.8130478566_amwj.jpg,https://i.etsystatic.com/66439541/r/il/2aa2a3/8150339970/il_fullxfull.8150339970_7bcg.jpg,https://i.etsystatic.com/66439541/r/il/398d71/8150339866/il_fullxfull.8150339866_fj16.jpg,https://i.etsystatic.com/66439541/r/il/45b881/8198254531/il_fullxfull.8198254531_1qw9.jpg,https://i.etsystatic.com/66439541/r/il/28abb2/8198189967/il_fullxfull.8198189967_rn9e.jpg,https://i.etsystatic.com/66439541/r/il/3c17e6/8198189973/il_fullxfull.8198189973_5fup.jpg,https://i.etsystatic.com/66439541/r/il/acd6fe/8150274582/il_fullxfull.8150274582_ld3y.jpg,"Custom Property",Size,"XS,S,M,L,XL","Custom Property","YOUR CHOICE","SPAGHETTI STRAP TANK,RIB- RACER TANK,CROPTOP",TUL-005
"Embroidered Ladybug Daisy Spaghetti Strap Tank Top, Floral Cami Summer Shirt","Welcome to my little shop
Bring cheerful garden style to your wardrobe with this embroidered lady bug and daisy spaghetti strap tank top. Featuring a charming ladybug surrounded by delicate flowers and greenery, this floral cami is perfect for cottagecore outfits, summer adventures and nature- loving fashion
About Our  Tank top
Each Tank top is made to order and personalized with care. Please check the sizing chart and color options before placing your order.
Product Details
- Premium soft micro rib fabric
- Personalized embroidery or print option
- Not Vinyl
- Flattering fitted crop style
- Soft cotton/ Polyester Blend
- Pre- Shrunk Fabric
- Tear- away label
- Lightweight semi-sheer feel
- Perfect for layering or bridal Styling
 How to personalize
Please enter the following information in the personalization box
1. Font Selection number
2. Exact words to be embroidered
3. Thread color
4. Optional symbol request, if applicable
Please double- check all spelling, punctuation, names, and dates before submitting your order. We will embroider the text exactly as provided

Perfect gift for 
- Bride- to- be
- Future Mrs
- Bridal shower Gifts
- Engagement Gifts
- Bachelorette Party outfit
- Honeymoon Outfit
- Wedding morning outfit
- Bridal Getting- ready Photos
 
Processing time
 Our standard processing time is 3-5 days
Processing time begins after we receive all personalization details. Orders with missing information may be delayed until the required details are provided
During busy wedding season or holidays, processing times may vary slightly, but we always do our best to complete and ship orders as quickly as possible

Shipping times
Standard shipping usually takes approximately 5-9 business days after the order has been processed and shipped.
Please note that shipping times are estimated  and may vary depending on the carrier, destination, weather, holidays, or other delays outside of our control
Once your order has been shipped , tracking information will be provided when available

Rush Shipping Option
Need your order sooner? 
We offer a Rush shipping option, which usually arrives in approximately 3-5 business days after processing.
Please select the rush option shipping  at checkout or message us before ordering if you have a specific deadline
Rush Shipping Speeds up the delivery method, but please remember that each handkerchief is still custom embroidered and requires production time

Important Notes
- Colors may appear slightly different depending on your screen or monitor settings
- Placement and sizing of embroidery may vary slightly depending on the wording and font selected
- Personalized item are handmade, so slight variations may occur.

Return & Exchange Policy
Because this is personalized custom item, we do not accept  returns, exchanges or cancellation once production has started 
However customer satisfaction is very important to us. If there is an issue with your order, please contact us as soon as possible so we can help
We are not responsible for errors submitted in the personalization box, including spelling mistakes, incorrect dates, missing words, or wrong names. 
Please review your personalization carefully before placing order 
If we make an error on your order, please message us with photos of the item and packaging, and we will be happy to assist.

Lost, Delayed Or Return Packages
Once an order has been shipped, delivery is handled by the shipping carrier
We are not responsible for carrier delays, lost packages, incorrect address, or packages marked as delivered by the carrier
Please make sure your shipping address is correct before placing your order
If a package is returned to us due to an incorrect or incomplete address, the buyer is  responsible for any addition shipping cost to resend the item

Care Instructions
Machine Wash gently with cold water
Lay flat or tumbler dry low
Iron if needed
Do not bleach

Thank you so much for supporting our handmade shop. We are honored to create a meaningful keepsake for your special day.",26.64,USD,99,"ladybug_tank_top,daisy_tank_top,spaghetti_strap_top,embroidered_lady_bug,floral_summer,garden_lover_gift,lady_bug_daisy_top,women_floral_cami,sad_bug,summer_tank_top,botanical_tank_top,cute_insect,trendy_top","Cotton,Polyester",https://i.etsystatic.com/66439541/r/il/cfe462/8229076287/il_fullxfull.8229076287_8nyt.jpg,https://i.etsystatic.com/66439541/r/il/45a005/8229076283/il_fullxfull.8229076283_5qvr.jpg,https://i.etsystatic.com/66439541/r/il/7c673c/8181145074/il_fullxfull.8181145074_d50i.jpg,https://i.etsystatic.com/66439541/r/il/da5ee7/8229076325/il_fullxfull.8229076325_djim.jpg,https://i.etsystatic.com/66439541/r/il/3e6c04/8181145054/il_fullxfull.8181145054_dstj.jpg,https://i.etsystatic.com/66439541/r/il/55d5be/8229076303/il_fullxfull.8229076303_5lhw.jpg,https://i.etsystatic.com/66439541/r/il/3fbefa/8130478566/il_fullxfull.8130478566_amwj.jpg,https://i.etsystatic.com/66439541/r/il/2aa2a3/8150339970/il_fullxfull.8150339970_7bcg.jpg,https://i.etsystatic.com/66439541/r/il/398d71/8150339866/il_fullxfull.8150339866_fj16.jpg,https://i.etsystatic.com/66439541/r/il/45b881/8198254531/il_fullxfull.8198254531_1qw9.jpg,"Custom Property",Size,"XS,S,M,L,XL","Custom Property","YOUR CHOICE","SPAGHETTI STRAP TANK,RIB- RACER TANK,CROPTOP",TUL-005
"Bride Tank Top, Coastal Cowgirl Bachelorette Shirt, Embroidered Rodeo Cami","Welcome to my little shop
Celebrate the bride's final ride before "" I do"" with this My Last Rodeo bride tank top. 
Featuring embroidered cowboy boots, a feminine bow, and western- inspired lettering, this cowgirl bridal shirt is perfect for bachelorette weekends, rodeo- themed parties, and coordinated group gifts
About Our  Tank top
Each Tank top is made to order and personalized with care. Please check the sizing chart and color options before placing your order.
Product Details
- Premium soft micro rib fabric
- Personalized embroidery or print option
- Not Vinyl
- Flattering fitted crop style
- Soft cotton/ Polyester Blend
- Pre- Shrunk Fabric
- Tear- away label
- Lightweight semi-sheer feel
- Perfect for layering or bridal Styling
 How to personalize
Please enter the following information in the personalization box
1. Font Selection number
2. Exact words to be embroidered
3. Thread color
4. Optional symbol request, if applicable
Please double- check all spelling, punctuation, names, and dates before submitting your order. We will embroider the text exactly as provided

Perfect gift for 
- Bride- to- be
- Future Mrs
- Bridal shower Gifts
- Engagement Gifts
- Bachelorette Party outfit
- Honeymoon Outfit
- Wedding morning outfit
- Bridal Getting- ready Photos
 
Processing time
 Our standard processing time is 3-5 days
Processing time begins after we receive all personalization details. Orders with missing information may be delayed until the required details are provided
During busy wedding season or holidays, processing times may vary slightly, but we always do our best to complete and ship orders as quickly as possible

Shipping times
Standard shipping usually takes approximately 5-9 business days after the order has been processed and shipped.
Please note that shipping times are estimated  and may vary depending on the carrier, destination, weather, holidays, or other delays outside of our control
Once your order has been shipped , tracking information will be provided when available

Rush Shipping Option
Need your order sooner? 
We offer a Rush shipping option, which usually arrives in approximately 3-5 business days after processing.
Please select the rush option shipping  at checkout or message us before ordering if you have a specific deadline
Rush Shipping Speeds up the delivery method, but please remember that each handkerchief is still custom embroidered and requires production time

Important Notes
- Colors may appear slightly different depending on your screen or monitor settings
- Placement and sizing of embroidery may vary slightly depending on the wording and font selected
- Personalized item are handmade, so slight variations may occur.

Return & Exchange Policy
Because this is personalized custom item, we do not accept  returns, exchanges or cancellation once production has started 
However customer satisfaction is very important to us. If there is an issue with your order, please contact us as soon as possible so we can help
We are not responsible for errors submitted in the personalization box, including spelling mistakes, incorrect dates, missing words, or wrong names. 
Please review your personalization carefully before placing order 
If we make an error on your order, please message us with photos of the item and packaging, and we will be happy to assist.

Lost, Delayed Or Return Packages
Once an order has been shipped, delivery is handled by the shipping carrier
We are not responsible for carrier delays, lost packages, incorrect address, or packages marked as delivered by the carrier
Please make sure your shipping address is correct before placing your order
If a package is returned to us due to an incorrect or incomplete address, the buyer is  responsible for any addition shipping cost to resend the item

Care Instructions
Machine Wash gently with cold water
Lay flat or tumbler dry low
Iron if needed
Do not bleach

Thank you so much for supporting our handmade shop. We are honored to create a meaningful keepsake for your special day.",26.64,USD,100,"my_last_rodeo_top,rodeo_bride_shirt,western_bride_top,bachelorette_tank,cowgirl_bride_gift,bridal_party_tops,bulk_bridesmaid_gift,embroidered_tank_top,country_wedding_top,bride_cowgirl_shirt,western_bridal_gift,rodeo_party_shirt,trendy_bride_gift","Cotton,Polyester",https://i.etsystatic.com/66439541/r/il/cb5164/8181176840/il_fullxfull.8181176840_owl8.jpg,https://i.etsystatic.com/66439541/r/il/3fbefa/8130478566/il_fullxfull.8130478566_amwj.jpg,https://i.etsystatic.com/66439541/r/il/28abb2/8198189967/il_fullxfull.8198189967_rn9e.jpg,https://i.etsystatic.com/66439541/r/il/2aa2a3/8150339970/il_fullxfull.8150339970_7bcg.jpg,https://i.etsystatic.com/66439541/r/il/398d71/8150339866/il_fullxfull.8150339866_fj16.jpg,https://i.etsystatic.com/66439541/r/il/45b881/8198254531/il_fullxfull.8198254531_1qw9.jpg,https://i.etsystatic.com/66439541/r/il/3c17e6/8198189973/il_fullxfull.8198189973_5fup.jpg,https://i.etsystatic.com/66439541/r/il/acd6fe/8150274582/il_fullxfull.8150274582_ld3y.jpg,https://i.etsystatic.com/66439541/r/il/03134d/8130478676/il_fullxfull.8130478676_lee2.jpg,https://i.etsystatic.com/66439541/r/il/d39fc1/8181176836/il_fullxfull.8181176836_bwq1.jpg,"Custom Property",Size,"XS,S,M,L,XL","Custom Property","YOUR CHOICE","SPAGHETTI STRAP TANK,RIB- RACER TANK,CROPTOP",TUL-005
"Embroidered My Last Rodeo Bride Tank Top, Western Bachelorette Cowgirl Shirt","Welcome to my little shop
Celebrate the bride's final ride before "" I do"" with this My Last Rodeo bride tank top. 
Featuring embroidered cowboy boots, a feminine bow, and western- inspired lettering, this cowgirl bridal shirt is perfect for bachelorette weekends, rodeo- themed parties, and coordinated group gifts
About Our  Tank top
Each Tank top is made to order and personalized with care. Please check the sizing chart and color options before placing your order.
Product Details
- Premium soft micro rib fabric
- Personalized embroidery or print option
- Not Vinyl
- Flattering fitted crop style
- Soft cotton/ Polyester Blend
- Pre- Shrunk Fabric
- Tear- away label
- Lightweight semi-sheer feel
- Perfect for layering or bridal Styling
 How to personalize
Please enter the following information in the personalization box
1. Font Selection number
2. Exact words to be embroidered
3. Thread color
4. Optional symbol request, if applicable
Please double- check all spelling, punctuation, names, and dates before submitting your order. We will embroider the text exactly as provided

Perfect gift for 
- Bride- to- be
- Future Mrs
- Bridal shower Gifts
- Engagement Gifts
- Bachelorette Party outfit
- Honeymoon Outfit
- Wedding morning outfit
- Bridal Getting- ready Photos
 
Processing time
 Our standard processing time is 3-5 days
Processing time begins after we receive all personalization details. Orders with missing information may be delayed until the required details are provided
During busy wedding season or holidays, processing times may vary slightly, but we always do our best to complete and ship orders as quickly as possible

Shipping times
Standard shipping usually takes approximately 5-9 business days after the order has been processed and shipped.
Please note that shipping times are estimated  and may vary depending on the carrier, destination, weather, holidays, or other delays outside of our control
Once your order has been shipped , tracking information will be provided when available

Rush Shipping Option
Need your order sooner? 
We offer a Rush shipping option, which usually arrives in approximately 3-5 business days after processing.
Please select the rush option shipping  at checkout or message us before ordering if you have a specific deadline
Rush Shipping Speeds up the delivery method, but please remember that each handkerchief is still custom embroidered and requires production time

Important Notes
- Colors may appear slightly different depending on your screen or monitor settings
- Placement and sizing of embroidery may vary slightly depending on the wording and font selected
- Personalized item are handmade, so slight variations may occur.

Return & Exchange Policy
Because this is personalized custom item, we do not accept  returns, exchanges or cancellation once production has started 
However customer satisfaction is very important to us. If there is an issue with your order, please contact us as soon as possible so we can help
We are not responsible for errors submitted in the personalization box, including spelling mistakes, incorrect dates, missing words, or wrong names. 
Please review your personalization carefully before placing order 
If we make an error on your order, please message us with photos of the item and packaging, and we will be happy to assist.

Lost, Delayed Or Return Packages
Once an order has been shipped, delivery is handled by the shipping carrier
We are not responsible for carrier delays, lost packages, incorrect address, or packages marked as delivered by the carrier
Please make sure your shipping address is correct before placing your order
If a package is returned to us due to an incorrect or incomplete address, the buyer is  responsible for any addition shipping cost to resend the item

Care Instructions
Machine Wash gently with cold water
Lay flat or tumbler dry low
Iron if needed
Do not bleach

Thank you so much for supporting our handmade shop. We are honored to create a meaningful keepsake for your special day.",26.64,USD,100,"my_last_rodeo_top,rodeo_bride_shirt,western_bride_top,bachelorette_tank,cowgirl_bride_gift,bridal_party_tops,bulk_bridesmaid_gift,embroidered_tank_top,country_wedding_top,bride_cowgirl_shirt,western_bridal_gift,rodeo_party_shirt,trendy_bride_gift","Cotton,Polyester",https://i.etsystatic.com/66439541/r/il/cd5e7f/8176988258/il_fullxfull.8176988258_4i15.jpg,https://i.etsystatic.com/66439541/r/il/864287/8176988104/il_fullxfull.8176988104_qwx3.jpg,https://i.etsystatic.com/66439541/r/il/44a6df/8224921905/il_fullxfull.8224921905_c8sl.jpg,https://i.etsystatic.com/66439541/r/il/73fcf8/8176988082/il_fullxfull.8176988082_iccj.jpg,https://i.etsystatic.com/66439541/r/il/6932d3/8224921909/il_fullxfull.8224921909_514o.jpg,https://i.etsystatic.com/66439541/r/il/3fbefa/8130478566/il_fullxfull.8130478566_amwj.jpg,https://i.etsystatic.com/66439541/r/il/28abb2/8198189967/il_fullxfull.8198189967_rn9e.jpg,https://i.etsystatic.com/66439541/r/il/2aa2a3/8150339970/il_fullxfull.8150339970_7bcg.jpg,https://i.etsystatic.com/66439541/r/il/398d71/8150339866/il_fullxfull.8150339866_fj16.jpg,https://i.etsystatic.com/66439541/r/il/45b881/8198254531/il_fullxfull.8198254531_1qw9.jpg,"Custom Property",Size,"XS,S,M,L,XL","Custom Property","YOUR CHOICE","SPAGHETTI STRAP TANK,RIB- RACER TANK,CROPTOP",TUL-005
"Personalized Ladybug Handkerchief, Custom Initials Lace Wedding Keepsake, Embroidered Gift","Welcome to my little shop
Make your wedding day even more unforgettable with this Personalized Embroidered Handkerchief- a meaningful custom keepsake gift for the bride, groom, mother of bride, father of bride, dad, mom, grandparents, or anyone special on your big day.
This beautiful embroidered handkerchief is perfect for those emotional "" happy tears"" moments and makes a heartfelt gift that can be treasured for years to come
Each handkerchief is customized with your choice of words, font style, and embroidery thread color, making it truly personal gift for weddings, anniversaries, Valentine's Day, Mother's Day, Father's Day, memorial gifts and other special occasions
You will receive 25% off this purchase. 
- Product details:
This listing is for your Classic White Cotton Handkerchief
Details:
- 100% premium cotton
- White Classic Handkerchief
- Machine Washable
- Measure Approximately 30x30 cm when fully opened
- Crisp, clean, and classy design
- Suitable for both men and women
- Can be used every day or kept as a sentimental keepsake
- Handmade and embroidered with care.
Our Handkerchiefs are great quality and designed to be both practical and meaningful. Whether used on the wedding day or saved as a keepsake, this custom embroidered handkerchief is a thoughtful gift that will always be remembered
 How to personalize
Please enter the following information in the personalization box
1. Font Selection number
2. Exact words to be embroidered
3. Thread color
4. Optional symbol request, if applicable
Please double- check all spelling, punctuation, names, and dates before submitting your order. We will embroider the text exactly as provided

Perfect gift for 
- Bride
-Groom
- Father /Mother of bride
- Father/ Mother of groom
- Dad/ Mom/ Grandparents
- Bridesmaids/ Groomsmen
- Memorial Keepsakes
- Wedding day gifts
 
Processing time
 Our standard processing time is 3-5 days
Processing time begins after we receive all personalization details. Orders with missing information may be delayed until the required details are provided
During busy wedding season or holidays, processing times may vary slightly, but we always do our best to complete and ship orders as quickly as possible

Shipping times
Standard shipping usually takes approximately 5-9 business days after the order has been processed and shipped.
Please note that shipping times are estimated  and may vary depending on the carrier, destination, weather, holidays, or other delays outside of our control
Once your order has been shipped , tracking information will be provided when available

Rush Shipping Option
Need your order sooner? 
We offer a Rush shipping option, which usually arrives in approximately 3-5 business days after processing.
Please select the rush option shipping  at checkout or message us before ordering if you have a specific deadline
Rush Shipping Speeds up the delivery method, but please remember that each handkerchief is still custom embroidered and requires production time

Important Notes
- Colors may appear slightly different depending on your screen or monitor settings
- Placement and sizing of embroidery may vary slightly depending on the wording and font selected
- Personalized item are handmade, so slight variations may occur.

Return & Exchange Policy
Because this is personalized custom item, we do not accept  returns, exchanges or cancellation once production has started 
However customer satisfaction is very important to us. If there is an issue with your order, please contact us as soon as possible so we can help
We are not responsible for errors submitted in the personalization box, including spelling mistakes, incorrect dates, missing words, or wrong names. 
Please review your personalization carefully before placing order 
If we make an error on your order, please message us with photos of the item and packaging, and we will be happy to assist.

Lost, Delayed Or Return Packages
Once an order has been shipped, delivery is handled by the shipping carrier
We are not responsible for carrier delays, lost packages, incorrect address, or packages marked as delivered by the carrier
Please make sure your shipping address is correct before placing your order
If a package is returned to us due to an incorrect or incomplete address, the buyer is  responsible for any addition shipping cost to resend the item

Care Instructions
Machine Wash gently with cold water
Lay flat or tumbler dry low
Iron if needed
Do not bleach

Thank you so much for supporting our handmade shop. We are honored to create a meaningful keepsake for your special day.",26.64,USD,100,"lady_bug_hanky,father_of_bride,mother_of_bride_gift,bridesmaids_gift,mother_of_groom_gift,for_happy_tears,lace_hanky,lace_wedding,bridal_shower_gift,wedding_morning_gift,custom_name_keepsake,something_blue,bulk_gift_wedding","Cotton,Lace",https://i.etsystatic.com/66439541/r/il/a0db01/8176940306/il_fullxfull.8176940306_3h9n.jpg,https://i.etsystatic.com/66439541/r/il/fe79bd/8176940310/il_fullxfull.8176940310_mhbv.jpg,https://i.etsystatic.com/66439541/r/il/976344/8224874111/il_fullxfull.8224874111_m2nh.jpg,https://i.etsystatic.com/66439541/r/il/6a2d2a/8130477892/il_fullxfull.8130477892_e76p.jpg,https://i.etsystatic.com/66439541/r/il/3fbefa/8130478566/il_fullxfull.8130478566_amwj.jpg,https://i.etsystatic.com/66439541/r/il/ea6154/8130478020/il_fullxfull.8130478020_3xx8.jpg,https://i.etsystatic.com/66439541/r/il/198dc2/8130478642/il_fullxfull.8130478642_rgvk.jpg,https://i.etsystatic.com/66439541/r/il/03134d/8130478676/il_fullxfull.8130478676_lee2.jpg,,,"Custom Property",Embroidery,"Yes,No,Rush Option",,,,TUL-008
"Personalized Embroidered Wedding Handkerchief, Floral Lace Keepsake, Custom Name Date","Welcome to my little shop
Make your wedding day even more unforgettable with this Personalized Embroidered Handkerchief- a meaningful custom keepsake gift for the bride, groom, mother of bride, father of bride, dad, mom, grandparents, or anyone special on your big day.
This beautiful embroidered handkerchief is perfect for those emotional "" happy tears"" moments and makes a heartfelt gift that can be treasured for years to come
Each handkerchief is customized with your choice of words, font style, and embroidery thread color, making it truly personal gift for weddings, anniversaries, Valentine's Day, Mother's Day, Father's Day, memorial gifts and other special occasions
You will receive 25% off this purchase. 
- Product details:
This listing is for your Classic White Cotton Handkerchief
Details:
- 100% premium cotton
- White Classic Handkerchief
- Machine Washable
- Measure Approximately 30x30 cm when fully opened
- Crisp, clean, and classy design
- Suitable for both men and women
- Can be used every day or kept as a sentimental keepsake
- Handmade and embroidered with care.
Our Handkerchiefs are great quality and designed to be both practical and meaningful. Whether used on the wedding day or saved as a keepsake, this custom embroidered handkerchief is a thoughtful gift that will always be remembered
 How to personalize
Please enter the following information in the personalization box
1. Font Selection number
2. Exact words to be embroidered
3. Thread color
4. Optional symbol request, if applicable
Please double- check all spelling, punctuation, names, and dates before submitting your order. We will embroider the text exactly as provided

Perfect gift for 
- Bride
-Groom
- Father /Mother of bride
- Father/ Mother of groom
- Dad/ Mom/ Grandparents
- Bridesmaids/ Groomsmen
- Memorial Keepsakes
- Wedding day gifts
 
Processing time
 Our standard processing time is 3-5 days
Processing time begins after we receive all personalization details. Orders with missing information may be delayed until the required details are provided
During busy wedding season or holidays, processing times may vary slightly, but we always do our best to complete and ship orders as quickly as possible

Shipping times
Standard shipping usually takes approximately 5-9 business days after the order has been processed and shipped.
Please note that shipping times are estimated  and may vary depending on the carrier, destination, weather, holidays, or other delays outside of our control
Once your order has been shipped , tracking information will be provided when available

Rush Shipping Option
Need your order sooner? 
We offer a Rush shipping option, which usually arrives in approximately 3-5 business days after processing.
Please select the rush option shipping  at checkout or message us before ordering if you have a specific deadline
Rush Shipping Speeds up the delivery method, but please remember that each handkerchief is still custom embroidered and requires production time

Important Notes
- Colors may appear slightly different depending on your screen or monitor settings
- Placement and sizing of embroidery may vary slightly depending on the wording and font selected
- Personalized item are handmade, so slight variations may occur.

Return & Exchange Policy
Because this is personalized custom item, we do not accept  returns, exchanges or cancellation once production has started 
However customer satisfaction is very important to us. If there is an issue with your order, please contact us as soon as possible so we can help
We are not responsible for errors submitted in the personalization box, including spelling mistakes, incorrect dates, missing words, or wrong names. 
Please review your personalization carefully before placing order 
If we make an error on your order, please message us with photos of the item and packaging, and we will be happy to assist.

Lost, Delayed Or Return Packages
Once an order has been shipped, delivery is handled by the shipping carrier
We are not responsible for carrier delays, lost packages, incorrect address, or packages marked as delivered by the carrier
Please make sure your shipping address is correct before placing your order
If a package is returned to us due to an incorrect or incomplete address, the buyer is  responsible for any addition shipping cost to resend the item

Care Instructions
Machine Wash gently with cold water
Lay flat or tumbler dry low
Iron if needed
Do not bleach

Thank you so much for supporting our handmade shop. We are honored to create a meaningful keepsake for your special day.",26.64,USD,100,"lady_bug_hanky,father_of_bride,mother_of_bride_gift,bridesmaids_gift,mother_of_groom_gift,for_happy_tears,lace_hanky,lace_wedding,bridal_shower_gift,wedding_morning_gift,custom_name_keepsake,something_blue,bulk_gift_wedding","Cotton,Lace",https://i.etsystatic.com/66439541/r/il/0bc356/8176878076/il_fullxfull.8176878076_1ys8.jpg,https://i.etsystatic.com/66439541/r/il/6e7a15/8224810991/il_fullxfull.8224810991_jtd5.jpg,https://i.etsystatic.com/66439541/r/il/7be32e/8224813379/il_fullxfull.8224813379_dhin.jpg,https://i.etsystatic.com/66439541/r/il/6a2d2a/8130477892/il_fullxfull.8130477892_e76p.jpg,https://i.etsystatic.com/66439541/r/il/3fbefa/8130478566/il_fullxfull.8130478566_amwj.jpg,https://i.etsystatic.com/66439541/r/il/ea6154/8130478020/il_fullxfull.8130478020_3xx8.jpg,https://i.etsystatic.com/66439541/r/il/198dc2/8130478642/il_fullxfull.8130478642_rgvk.jpg,https://i.etsystatic.com/66439541/r/il/03134d/8130478676/il_fullxfull.8130478676_lee2.jpg,,,"Custom Property",Embroidery,"Yes,No,Rush Option",,,,TUL-008
"Personalized Embroidered Handkerchief, Monogram Lace Bridal Keepsake, Cotton Wedding Gift","Welcome to my little shop
Make your wedding day even more unforgettable with this Personalized Embroidered Handkerchief- a meaningful custom keepsake gift for the bride, groom, mother of bride, father of bride, dad, mom, grandparents, or anyone special on your big day.
This beautiful embroidered handkerchief is perfect for those emotional "" happy tears"" moments and makes a heartfelt gift that can be treasured for years to come
Each handkerchief is customized with your choice of words, font style, and embroidery thread color, making it truly personal gift for weddings, anniversaries, Valentine's Day, Mother's Day, Father's Day, memorial gifts and other special occasions
You will receive 25% off this purchase. 
- Product details:
This listing is for your Classic White Cotton Handkerchief
Details:
- 100% premium cotton
- White Classic Handkerchief
- Machine Washable
- Measure Approximately 30x30 cm when fully opened
- Crisp, clean, and classy design
- Suitable for both men and women
- Can be used every day or kept as a sentimental keepsake
- Handmade and embroidered with care.
Our Handkerchiefs are great quality and designed to be both practical and meaningful. Whether used on the wedding day or saved as a keepsake, this custom embroidered handkerchief is a thoughtful gift that will always be remembered
 How to personalize
Please enter the following information in the personalization box
1. Font Selection number
2. Exact words to be embroidered
3. Thread color
4. Optional symbol request, if applicable
Please double- check all spelling, punctuation, names, and dates before submitting your order. We will embroider the text exactly as provided

Perfect gift for 
- Bride
-Groom
- Father /Mother of bride
- Father/ Mother of groom
- Dad/ Mom/ Grandparents
- Bridesmaids/ Groomsmen
- Memorial Keepsakes
- Wedding day gifts
 
Processing time
 Our standard processing time is 3-5 days
Processing time begins after we receive all personalization details. Orders with missing information may be delayed until the required details are provided
During busy wedding season or holidays, processing times may vary slightly, but we always do our best to complete and ship orders as quickly as possible

Shipping times
Standard shipping usually takes approximately 5-9 business days after the order has been processed and shipped.
Please note that shipping times are estimated  and may vary depending on the carrier, destination, weather, holidays, or other delays outside of our control
Once your order has been shipped , tracking information will be provided when available

Rush Shipping Option
Need your order sooner? 
We offer a Rush shipping option, which usually arrives in approximately 3-5 business days after processing.
Please select the rush option shipping  at checkout or message us before ordering if you have a specific deadline
Rush Shipping Speeds up the delivery method, but please remember that each handkerchief is still custom embroidered and requires production time

Important Notes
- Colors may appear slightly different depending on your screen or monitor settings
- Placement and sizing of embroidery may vary slightly depending on the wording and font selected
- Personalized item are handmade, so slight variations may occur.

Return & Exchange Policy
Because this is personalized custom item, we do not accept  returns, exchanges or cancellation once production has started 
However customer satisfaction is very important to us. If there is an issue with your order, please contact us as soon as possible so we can help
We are not responsible for errors submitted in the personalization box, including spelling mistakes, incorrect dates, missing words, or wrong names. 
Please review your personalization carefully before placing order 
If we make an error on your order, please message us with photos of the item and packaging, and we will be happy to assist.

Lost, Delayed Or Return Packages
Once an order has been shipped, delivery is handled by the shipping carrier
We are not responsible for carrier delays, lost packages, incorrect address, or packages marked as delivered by the carrier
Please make sure your shipping address is correct before placing your order
If a package is returned to us due to an incorrect or incomplete address, the buyer is  responsible for any addition shipping cost to resend the item

Care Instructions
Machine Wash gently with cold water
Lay flat or tumbler dry low
Iron if needed
Do not bleach

Thank you so much for supporting our handmade shop. We are honored to create a meaningful keepsake for your special day.",26.64,USD,100,"lady_bug_hanky,father_of_bride,mother_of_bride_gift,bridesmaids_gift,mother_of_groom_gift,for_happy_tears,lace_hanky,lace_wedding,bridal_shower_gift,wedding_morning_gift,custom_name_keepsake,something_blue,bulk_gift_wedding","Cotton,Lace",https://i.etsystatic.com/66439541/r/il/b29c07/8176887062/il_fullxfull.8176887062_rmqt.jpg,https://i.etsystatic.com/66439541/r/il/8420f6/8224819969/il_fullxfull.8224819969_532b.jpg,https://i.etsystatic.com/66439541/r/il/b06da9/8176887056/il_fullxfull.8176887056_8sh3.jpg,https://i.etsystatic.com/66439541/r/il/6a2d2a/8130477892/il_fullxfull.8130477892_e76p.jpg,https://i.etsystatic.com/66439541/r/il/3fbefa/8130478566/il_fullxfull.8130478566_amwj.jpg,https://i.etsystatic.com/66439541/r/il/ea6154/8130478020/il_fullxfull.8130478020_3xx8.jpg,https://i.etsystatic.com/66439541/r/il/198dc2/8130478642/il_fullxfull.8130478642_rgvk.jpg,https://i.etsystatic.com/66439541/r/il/03134d/8130478676/il_fullxfull.8130478676_lee2.jpg,,,"Custom Property",Embroidery,"Yes,No,Rush Option",,,,TUL-008
"Personalized Embroidered Cotton Handkerchief, Wedding Keepsake, Custom Initials Lace Hanky","Welcome to my little shop
Make your wedding day even more unforgettable with this Personalized Embroidered Handkerchief- a meaningful custom keepsake gift for the bride, groom, mother of bride, father of bride, dad, mom, grandparents, or anyone special on your big day.
This beautiful embroidered handkerchief is perfect for those emotional "" happy tears"" moments and makes a heartfelt gift that can be treasured for years to come
Each handkerchief is customized with your choice of words, font style, and embroidery thread color, making it truly personal gift for weddings, anniversaries, Valentine's Day, Mother's Day, Father's Day, memorial gifts and other special occasions
You will receive 25% off this purchase. 
- Product details:
This listing is for your Classic White Cotton Handkerchief
Details:
- 100% premium cotton
- White Classic Handkerchief
- Machine Washable
- Measure Approximately 30x30 cm when fully opened
- Crisp, clean, and classy design
- Suitable for both men and women
- Can be used every day or kept as a sentimental keepsake
- Handmade and embroidered with care.
Our Handkerchiefs are great quality and designed to be both practical and meaningful. Whether used on the wedding day or saved as a keepsake, this custom embroidered handkerchief is a thoughtful gift that will always be remembered
 How to personalize
Please enter the following information in the personalization box
1. Font Selection number
2. Exact words to be embroidered
3. Thread color
4. Optional symbol request, if applicable
Please double- check all spelling, punctuation, names, and dates before submitting your order. We will embroider the text exactly as provided

Perfect gift for 
- Bride
-Groom
- Father /Mother of bride
- Father/ Mother of groom
- Dad/ Mom/ Grandparents
- Bridesmaids/ Groomsmen
- Memorial Keepsakes
- Wedding day gifts
 
Processing time
 Our standard processing time is 3-5 days
Processing time begins after we receive all personalization details. Orders with missing information may be delayed until the required details are provided
During busy wedding season or holidays, processing times may vary slightly, but we always do our best to complete and ship orders as quickly as possible

Shipping times
Standard shipping usually takes approximately 5-9 business days after the order has been processed and shipped.
Please note that shipping times are estimated  and may vary depending on the carrier, destination, weather, holidays, or other delays outside of our control
Once your order has been shipped , tracking information will be provided when available

Rush Shipping Option
Need your order sooner? 
We offer a Rush shipping option, which usually arrives in approximately 3-5 business days after processing.
Please select the rush option shipping  at checkout or message us before ordering if you have a specific deadline
Rush Shipping Speeds up the delivery method, but please remember that each handkerchief is still custom embroidered and requires production time

Important Notes
- Colors may appear slightly different depending on your screen or monitor settings
- Placement and sizing of embroidery may vary slightly depending on the wording and font selected
- Personalized item are handmade, so slight variations may occur.

Return & Exchange Policy
Because this is personalized custom item, we do not accept  returns, exchanges or cancellation once production has started 
However customer satisfaction is very important to us. If there is an issue with your order, please contact us as soon as possible so we can help
We are not responsible for errors submitted in the personalization box, including spelling mistakes, incorrect dates, missing words, or wrong names. 
Please review your personalization carefully before placing order 
If we make an error on your order, please message us with photos of the item and packaging, and we will be happy to assist.

Lost, Delayed Or Return Packages
Once an order has been shipped, delivery is handled by the shipping carrier
We are not responsible for carrier delays, lost packages, incorrect address, or packages marked as delivered by the carrier
Please make sure your shipping address is correct before placing your order
If a package is returned to us due to an incorrect or incomplete address, the buyer is  responsible for any addition shipping cost to resend the item

Care Instructions
Machine Wash gently with cold water
Lay flat or tumbler dry low
Iron if needed
Do not bleach

Thank you so much for supporting our handmade shop. We are honored to create a meaningful keepsake for your special day.",26.64,USD,100,"lady_bug_hanky,father_of_bride,mother_of_bride_gift,bridesmaids_gift,mother_of_groom_gift,for_happy_tears,lace_hanky,lace_wedding,bridal_shower_gift,wedding_morning_gift,custom_name_keepsake,something_blue,bulk_gift_wedding","Cotton,Lace",https://i.etsystatic.com/66439541/r/il/c7c8c8/8224798919/il_fullxfull.8224798919_7d8q.jpg,https://i.etsystatic.com/66439541/r/il/f87ff0/8176863336/il_fullxfull.8176863336_jgep.jpg,https://i.etsystatic.com/66439541/r/il/623467/8176863338/il_fullxfull.8176863338_g2oq.jpg,https://i.etsystatic.com/66439541/r/il/6a2d2a/8130477892/il_fullxfull.8130477892_e76p.jpg,https://i.etsystatic.com/66439541/r/il/3fbefa/8130478566/il_fullxfull.8130478566_amwj.jpg,https://i.etsystatic.com/66439541/r/il/ea6154/8130478020/il_fullxfull.8130478020_3xx8.jpg,https://i.etsystatic.com/66439541/r/il/198dc2/8130478642/il_fullxfull.8130478642_rgvk.jpg,https://i.etsystatic.com/66439541/r/il/03134d/8130478676/il_fullxfull.8130478676_lee2.jpg,,,"Custom Property",Embroidery,"Yes,No,Rush Option",,,,TUL-008
"Personalized Ladybug Wedding Handkerchief, Embroidered Lace Bridal Keepsake Gift","Welcome to my little shop
Celebrate an unforgettable moment with lady bug hanky 
Each handkerchief is customized with your choice of words, font style, and embroidery thread color, making it truly personal gift for weddings, anniversaries, Valentine's Day, Mother's Day, Father's Day, memorial gifts and other special occasions
You will receive 25% off this purchase. 
- Product details:
This listing is for your Classic White Cotton Handkerchief
Details:
- 100% premium cotton
- White Classic Handkerchief
- Machine Washable
- Measure Approximately 30x30 cm when fully opened
- Crisp, clean, and classy design
- Suitable for both men and women
- Can be used every day or kept as a sentimental keepsake
- Handmade and embroidered with care.
Our Handkerchiefs are great quality and designed to be both practical and meaningful. Whether used on the wedding day or saved as a keepsake, this custom embroidered handkerchief is a thoughtful gift that will always be remembered
 How to personalize
Please enter the following information in the personalization box
1. Font Selection number
2. Exact words to be embroidered
3. Thread color
4. Optional symbol request, if applicable
Please double- check all spelling, punctuation, names, and dates before submitting your order. We will embroider the text exactly as provided

Perfect gift for 
- Bride
-Groom
- Father /Mother of bride
- Father/ Mother of groom
- Dad/ Mom/ Grandparents
- Bridesmaids/ Groomsmen
- Memorial Keepsakes
- Wedding day gifts
 
Processing time
 Our standard processing time is 3-5 days
Processing time begins after we receive all personalization details. Orders with missing information may be delayed until the required details are provided
During busy wedding season or holidays, processing times may vary slightly, but we always do our best to complete and ship orders as quickly as possible

Shipping times
Standard shipping usually takes approximately 5-9 business days after the order has been processed and shipped.
Please note that shipping times are estimated  and may vary depending on the carrier, destination, weather, holidays, or other delays outside of our control
Once your order has been shipped , tracking information will be provided when available

Rush Shipping Option
Need your order sooner? 
We offer a Rush shipping option, which usually arrives in approximately 3-5 business days after processing.
Please select the rush option shipping  at checkout or message us before ordering if you have a specific deadline
Rush Shipping Speeds up the delivery method, but please remember that each handkerchief is still custom embroidered and requires production time

Important Notes
- Colors may appear slightly different depending on your screen or monitor settings
- Placement and sizing of embroidery may vary slightly depending on the wording and font selected
- Personalized item are handmade, so slight variations may occur.

Return & Exchange Policy
Because this is personalized custom item, we do not accept  returns, exchanges or cancellation once production has started 
However customer satisfaction is very important to us. If there is an issue with your order, please contact us as soon as possible so we can help
We are not responsible for errors submitted in the personalization box, including spelling mistakes, incorrect dates, missing words, or wrong names. 
Please review your personalization carefully before placing order 
If we make an error on your order, please message us with photos of the item and packaging, and we will be happy to assist.

Lost, Delayed Or Return Packages
Once an order has been shipped, delivery is handled by the shipping carrier
We are not responsible for carrier delays, lost packages, incorrect address, or packages marked as delivered by the carrier
Please make sure your shipping address is correct before placing your order
If a package is returned to us due to an incorrect or incomplete address, the buyer is  responsible for any addition shipping cost to resend the item

Care Instructions
Machine Wash gently with cold water
Lay flat or tumbler dry low
Iron if needed
Do not bleach

Thank you so much for supporting our handmade shop. We are honored to create a meaningful keepsake for your special day.",21.3,USD,100,"lady_bug,lady_bug_wedding,bride_mom_keepsake,happy_tears_gift,daughter_to_mother,personalize_hanky,bridal_shower_gift,bridesmaid_gift_bulk,lace_bridal,wedding_moring_gift,wedding_keepsake,father_of_bride_gift,mother_of_groom_gift","Cotton,Linen,Lace",https://i.etsystatic.com/66439541/r/il/2c0cf9/8157803070/il_fullxfull.8157803070_mefn.jpg,https://i.etsystatic.com/66439541/r/il/498f18/8157803162/il_fullxfull.8157803162_qrch.jpg,https://i.etsystatic.com/66439541/r/il/bc09e4/8157802974/il_fullxfull.8157802974_1de1.jpg,https://i.etsystatic.com/66439541/r/il/e0b782/8157802814/il_fullxfull.8157802814_ixkg.jpg,https://i.etsystatic.com/66439541/r/il/47b25a/8205728489/il_fullxfull.8205728489_rcwv.jpg,https://i.etsystatic.com/66439541/r/il/8586a1/8205728497/il_fullxfull.8205728497_pycm.jpg,https://i.etsystatic.com/66439541/r/il/1e9577/8157803014/il_fullxfull.8157803014_85gf.jpg,https://i.etsystatic.com/66439541/r/il/e6fdef/8157803006/il_fullxfull.8157803006_hgrb.jpg,https://i.etsystatic.com/66439541/r/il/6a2d2a/8130477892/il_fullxfull.8130477892_e76p.jpg,https://i.etsystatic.com/66439541/r/il/3fbefa/8130478566/il_fullxfull.8130478566_amwj.jpg,"Custom Property","Your choice","Set 1,Set 2,Set 3,Set 5,Set 7,Set 9,Set 11",,,,TUL-007
"Personalized Wedding Handkerchief, Embroidered Dove Lace Keepsake, Custom Bride Groom Name Date","Welcome to my little shop
Celebrate a beautiful wedding day with a personalized wedding handkerchief embroidered with romantic doves, a heart, the couple's names, and their special date. This elegant lace happy tears hanky makes a meaningful keepsake for the bride, groom, parents, grandparents, or wedding party
This beautiful embroidered handkerchief is perfect for those emotional "" happy tears"" moments and makes a heartfelt gift that can be treasured for years to come
Each handkerchief is customized with your choice of words, font style, and embroidery thread color, making it truly personal gift for weddings, anniversaries, Valentine's Day, Mother's Day, Father's Day, memorial gifts and other special occasions
You will receive 25% off this purchase. 
Please note that while the product is handmade, some photos have been edited to improved lighting and background 
- Product details:
This listing is for your Classic White Cotton Handkerchief
Details:
- 100% premium cotton
- White Classic Handkerchief
- Machine Washable
- Measure Approximately 30x30 cm when fully opened
- Crisp, clean, and classy design
- Suitable for both men and women
- Can be used every day or kept as a sentimental keepsake
- Handmade and embroidered with care.
Our Handkerchiefs are great quality and designed to be both practical and meaningful. Whether used on the wedding day or saved as a keepsake, this custom embroidered handkerchief is a thoughtful gift that will always be remembered
 How to personalize
Please enter the following information in the personalization box
1. Font Selection number
2. Exact words to be embroidered
3. Thread color
4. Optional symbol request, if applicable
Please double- check all spelling, punctuation, names, and dates before submitting your order. We will embroider the text exactly as provided

Perfect gift for 
- Bride
-Groom
- Father /Mother of bride
- Father/ Mother of groom
- Dad/ Mom/ Grandparents
- Bridesmaids/ Groomsmen
- Memorial Keepsakes
- Wedding day gifts
 
Processing time
 Our standard processing time is 3-5 days
Processing time begins after we receive all personalization details. Orders with missing information may be delayed until the required details are provided
During busy wedding season or holidays, processing times may vary slightly, but we always do our best to complete and ship orders as quickly as possible

Shipping times
Standard shipping usually takes approximately 5-9 business days after the order has been processed and shipped.
Please note that shipping times are estimated  and may vary depending on the carrier, destination, weather, holidays, or other delays outside of our control
Once your order has been shipped , tracking information will be provided when available

Rush Shipping Option
Need your order sooner? 
We offer a Rush shipping option, which usually arrives in approximately 3-5 business days after processing.
Please select the rush option shipping  at checkout or message us before ordering if you have a specific deadline
Rush Shipping Speeds up the delivery method, but please remember that each handkerchief is still custom embroidered and requires production time

Important Notes
- Colors may appear slightly different depending on your screen or monitor settings
- Placement and sizing of embroidery may vary slightly depending on the wording and font selected
- Personalized item are handmade, so slight variations may occur.

Return & Exchange Policy
Because this is personalized custom item, we do not accept  returns, exchanges or cancellation once production has started 
However customer satisfaction is very important to us. If there is an issue with your order, please contact us as soon as possible so we can help
We are not responsible for errors submitted in the personalization box, including spelling mistakes, incorrect dates, missing words, or wrong names. 
Please review your personalization carefully before placing order 
If we make an error on your order, please message us with photos of the item and packaging, and we will be happy to assist.

Lost, Delayed Or Return Packages
Once an order has been shipped, delivery is handled by the shipping carrier
We are not responsible for carrier delays, lost packages, incorrect address, or packages marked as delivered by the carrier
Please make sure your shipping address is correct before placing your order
If a package is returned to us due to an incorrect or incomplete address, the buyer is  responsible for any addition shipping cost to resend the item

Care Instructions
Machine Wash gently with cold water
Lay flat or tumbler dry low
Iron if needed
Do not bleach

Thank you so much for supporting our handmade shop. We are honored to create a meaningful keepsake for your special day.",17.64,USD,10,"personalized_hanky,wedding_handkerchief,happy_tears_hanky,embroidered_dove,lace_wedding_hanky,mother_of_bride_gift,father_of_bride_gift,bridesmaid_gift,bridal_shower_gift,wedding_morning_gift,dove_wedding_gift,bride_groom_gift,embroidered_hanky","Cotton,Lace",https://i.etsystatic.com/66439541/r/il/7ef1fd/8202225391/il_fullxfull.8202225391_hjxt.jpg,https://i.etsystatic.com/66439541/r/il/6fb529/8202208253/il_fullxfull.8202208253_npp1.jpg,https://i.etsystatic.com/66439541/r/il/424c2a/8154286464/il_fullxfull.8154286464_a84o.jpg,https://i.etsystatic.com/66439541/r/il/87918e/8202208241/il_fullxfull.8202208241_cyfb.jpg,https://i.etsystatic.com/66439541/r/il/9ed508/8202207961/il_fullxfull.8202207961_mxm0.jpg,https://i.etsystatic.com/66439541/r/il/6a2d2a/8130477892/il_fullxfull.8130477892_e76p.jpg,https://i.etsystatic.com/66439541/r/il/3fbefa/8130478566/il_fullxfull.8130478566_amwj.jpg,https://i.etsystatic.com/66439541/r/il/ea6154/8130478020/il_fullxfull.8130478020_3xx8.jpg,https://i.etsystatic.com/66439541/r/il/198dc2/8130478642/il_fullxfull.8130478642_rgvk.jpg,https://i.etsystatic.com/66439541/r/il/03134d/8130478676/il_fullxfull.8130478676_lee2.jpg,"Custom Property",Embroidery,"Yes,No,Rush Option",,,,TUL-006
"Embroidered Seashell Tank Top, Beach Bride Bachelorette Party Outfit","Welcome to my little shop
Celebrate your bridal era with  this cute seashell bride tank top, featuring the playful "" a bride in a tiny bit""
 design with a coastal cocktail and shell detail. Perfect for beach brides, bachelorette weekends, bridal showers, honeymoon outfits, and destination wedding photos
About Our  Tank top
Each Tank top is made to order and personalized with care. Please check the sizing chart and color options before placing your order.
Product Details
- Premium soft micro rib fabric
- Personalized embroidery or print option
- Not Vinyl
- Flattering fitted crop style
- Soft cotton/ Polyester Blend
- Pre- Shrunk Fabric
- Tear- away label
- Lightweight semi-sheer feel
- Perfect for layering or bridal Styling
 How to personalize
Please enter the following information in the personalization box
1. Font Selection number
2. Exact words to be embroidered
3. Thread color
4. Optional symbol request, if applicable
Please double- check all spelling, punctuation, names, and dates before submitting your order. We will embroider the text exactly as provided

Perfect gift for 
- Bride- to- be
- Future Mrs
- Bridal shower Gifts
- Engagement Gifts
- Bachelorette Party outfit
- Honeymoon Outfit
- Wedding morning outfit
- Bridal Getting- ready Photos
 
Processing time
 Our standard processing time is 3-5 days
Processing time begins after we receive all personalization details. Orders with missing information may be delayed until the required details are provided
During busy wedding season or holidays, processing times may vary slightly, but we always do our best to complete and ship orders as quickly as possible

Shipping times
Standard shipping usually takes approximately 5-9 business days after the order has been processed and shipped.
Please note that shipping times are estimated  and may vary depending on the carrier, destination, weather, holidays, or other delays outside of our control
Once your order has been shipped , tracking information will be provided when available

Rush Shipping Option
Need your order sooner? 
We offer a Rush shipping option, which usually arrives in approximately 3-5 business days after processing.
Please select the rush option shipping  at checkout or message us before ordering if you have a specific deadline
Rush Shipping Speeds up the delivery method, but please remember that each handkerchief is still custom embroidered and requires production time

Important Notes
- Colors may appear slightly different depending on your screen or monitor settings
- Placement and sizing of embroidery may vary slightly depending on the wording and font selected
- Personalized item are handmade, so slight variations may occur.

Return & Exchange Policy
Because this is personalized custom item, we do not accept  returns, exchanges or cancellation once production has started 
However customer satisfaction is very important to us. If there is an issue with your order, please contact us as soon as possible so we can help
We are not responsible for errors submitted in the personalization box, including spelling mistakes, incorrect dates, missing words, or wrong names. 
Please review your personalization carefully before placing order 
If we make an error on your order, please message us with photos of the item and packaging, and we will be happy to assist.

Lost, Delayed Or Return Packages
Once an order has been shipped, delivery is handled by the shipping carrier
We are not responsible for carrier delays, lost packages, incorrect address, or packages marked as delivered by the carrier
Please make sure your shipping address is correct before placing your order
If a package is returned to us due to an incorrect or incomplete address, the buyer is  responsible for any addition shipping cost to resend the item

Care Instructions
Machine Wash gently with cold water
Lay flat or tumbler dry low
Iron if needed
Do not bleach

Thank you so much for supporting our handmade shop. We are honored to create a meaningful keepsake for your special day.",26.64,USD,100,"bride_tank_top,shell_tank_top,beach_bride_top,bridal_tank_top,bachelorette_top,honeymoon_outgift,bridal_shower_top,summer_bride_top,gift_for_bridemaids,tiny_bit_bride,beach_wedding_top,cotton_tank_top,embroidered_tank","Cotton,Polyester",https://i.etsystatic.com/66439541/r/il/f05fbe/8150694664/il_fullxfull.8150694664_eqrn.jpg,https://i.etsystatic.com/66439541/r/il/0e69d2/8198609397/il_fullxfull.8198609397_blf3.jpg,https://i.etsystatic.com/66439541/r/il/34c07b/8198609455/il_fullxfull.8198609455_lsf6.jpg,https://i.etsystatic.com/66439541/r/il/04e529/8198609573/il_fullxfull.8198609573_7ogi.jpg,https://i.etsystatic.com/66439541/r/il/3fbefa/8130478566/il_fullxfull.8130478566_amwj.jpg,https://i.etsystatic.com/66439541/r/il/28abb2/8198189967/il_fullxfull.8198189967_rn9e.jpg,https://i.etsystatic.com/66439541/r/il/2aa2a3/8150339970/il_fullxfull.8150339970_7bcg.jpg,https://i.etsystatic.com/66439541/r/il/398d71/8150339866/il_fullxfull.8150339866_fj16.jpg,https://i.etsystatic.com/66439541/r/il/45b881/8198254531/il_fullxfull.8198254531_1qw9.jpg,https://i.etsystatic.com/66439541/r/il/3c17e6/8198189973/il_fullxfull.8198189973_5fup.jpg,"Custom Property",Size,"XS,S,M,L,XL","Custom Property","YOUR CHOICE","SPAGHETTI STRAP TANK,RIB- RACER TANK,CROPTOP",TUL-005
"Personalized Bride Tank Top, Custom Mrs Crop Top, Embroidered Bridal Shower Gift, Bachelorette Outfit","Welcome to my little shop
Celebrate the bride- to- be with a personalized bride tank top made just for her special season
Designed with a minimal, stylish, and luxury bridal look, this fitted bride tank is a beautiful gift for future Mrs. The Soft ribbed fabric and delicate embroidery create a clean, elevated finish that feels perfect for photos, getting- ready moments, and bridal party memories
About Our  Tank top
Each Tank top is made to order and personalized with care. Please check the sizing chart and color options before placing your order.
Product Details
- Premium soft micro rib fabric
- Personalized embroidery or print option
- Not Vinyl
- Flattering fitted crop style
- Soft cotton/ Polyester Blend
- Pre- Shrunk Fabric
- Tear- away label
- Lightweight semi-sheer feel
- Perfect for layering or bridal Styling
 How to personalize
Please enter the following information in the personalization box
1. Font Selection number
2. Exact words to be embroidered
3. Thread color
4. Optional symbol request, if applicable
Please double- check all spelling, punctuation, names, and dates before submitting your order. We will embroider the text exactly as provided

Perfect gift for 
- Bride- to- be
- Future Mrs
- Bridal shower Gifts
- Engagement Gifts
- Bachelorette Party outfit
- Honeymoon Outfit
- Wedding morning outfit
- Bridal Getting- ready Photos
 
Processing time
 Our standard processing time is 3-5 days
Processing time begins after we receive all personalization details. Orders with missing information may be delayed until the required details are provided
During busy wedding season or holidays, processing times may vary slightly, but we always do our best to complete and ship orders as quickly as possible

Shipping times
Standard shipping usually takes approximately 5-9 business days after the order has been processed and shipped.
Please note that shipping times are estimated  and may vary depending on the carrier, destination, weather, holidays, or other delays outside of our control
Once your order has been shipped , tracking information will be provided when available

Rush Shipping Option
Need your order sooner? 
We offer a Rush shipping option, which usually arrives in approximately 3-5 business days after processing.
Please select the rush option shipping  at checkout or message us before ordering if you have a specific deadline
Rush Shipping Speeds up the delivery method, but please remember that each handkerchief is still custom embroidered and requires production time

Important Notes
- Colors may appear slightly different depending on your screen or monitor settings
- Placement and sizing of embroidery may vary slightly depending on the wording and font selected
- Personalized item are handmade, so slight variations may occur.

Return & Exchange Policy
Because this is personalized custom item, we do not accept  returns, exchanges or cancellation once production has started 
However customer satisfaction is very important to us. If there is an issue with your order, please contact us as soon as possible so we can help
We are not responsible for errors submitted in the personalization box, including spelling mistakes, incorrect dates, missing words, or wrong names. 
Please review your personalization carefully before placing order 
If we make an error on your order, please message us with photos of the item and packaging, and we will be happy to assist.

Lost, Delayed Or Return Packages
Once an order has been shipped, delivery is handled by the shipping carrier
We are not responsible for carrier delays, lost packages, incorrect address, or packages marked as delivered by the carrier
Please make sure your shipping address is correct before placing your order
If a package is returned to us due to an incorrect or incomplete address, the buyer is  responsible for any addition shipping cost to resend the item

Care Instructions
Machine Wash gently with cold water
Lay flat or tumbler dry low
Iron if needed
Do not bleach

Thank you so much for supporting our handmade shop. We are honored to create a meaningful keepsake for your special day.",26.64,USD,100,"custom_bride_top,mrs_tank_top,bride_croptop,luxury_wedding_gift,bridal_gift_bulk,honeymoon_gift,future_mrs_tank,matching_tanks,girls_trip_shirt,bach_party_outfit,bridemaids_tank,wedding_moring,newlywed_gift","Cotton,Polyester",https://i.etsystatic.com/66439541/r/il/be3509/8198189589/il_fullxfull.8198189589_397x.jpg,https://i.etsystatic.com/66439541/r/il/039c14/8150300484/il_fullxfull.8150300484_sc37.jpg,https://i.etsystatic.com/66439541/r/il/179e61/8150277318/il_fullxfull.8150277318_8bez.jpg,https://i.etsystatic.com/66439541/r/il/082214/8198189549/il_fullxfull.8198189549_1b8a.jpg,https://i.etsystatic.com/66439541/r/il/10293e/8150274330/il_fullxfull.8150274330_pjyk.jpg,https://i.etsystatic.com/66439541/r/il/e43d24/8198189957/il_fullxfull.8198189957_3ejx.jpg,https://i.etsystatic.com/66439541/r/il/496822/8198189963/il_fullxfull.8198189963_hh9k.jpg,https://i.etsystatic.com/66439541/r/il/26415a/8150274252/il_fullxfull.8150274252_mkjc.jpg,https://i.etsystatic.com/66439541/r/il/027841/8198189845/il_fullxfull.8198189845_puod.jpg,https://i.etsystatic.com/66439541/r/il/3fbefa/8130478566/il_fullxfull.8130478566_amwj.jpg,"Custom Property",Size,"XS,S,M,L,XL","Custom Property","YOUR CHOICE","SPAGHETTI STRAP TANK,RIB- RACER TANK,CROPTOP",TUL-004
"Personalized Lily of Valley Wedding Handkerchief, For Your Happy Tears Mother Of Bride Hankie","Welcome to my little shop
Make your wedding day even more unforgettable with this Personalized Embroidered Handkerchief- a meaningful custom keepsake gift for the bride, groom, mother of bride, father of bride, dad, mom, grandparents, or anyone special on your big day.
This beautiful embroidered handkerchief is perfect for those emotional "" happy tears"" moments and makes a heartfelt gift that can be treasured for years to come
Each handkerchief is customized with your choice of words, font style, and embroidery thread color, making it truly personal gift for weddings, anniversaries, Valentine's Day, Mother's Day, Father's Day, memorial gifts and other special occasions
You will receive 25% off this purchase. 
- Product details:
This listing is for your Classic White Cotton Handkerchief
Details:
- 100% premium cotton
- White Classic Handkerchief
- Machine Washable
- Measure Approximately 30x30 cm when fully opened
- Crisp, clean, and classy design
- Suitable for both men and women
- Can be used every day or kept as a sentimental keepsake
- Handmade and embroidered with care.
Our Handkerchiefs are great quality and designed to be both practical and meaningful. Whether used on the wedding day or saved as a keepsake, this custom embroidered handkerchief is a thoughtful gift that will always be remembered
 How to personalize
Please enter the following information in the personalization box
1. Font Selection number
2. Exact words to be embroidered
3. Thread color
4. Optional symbol request, if applicable
Please double- check all spelling, punctuation, names, and dates before submitting your order. We will embroider the text exactly as provided

Perfect gift for 
- Bride
-Groom
- Father /Mother of bride
- Father/ Mother of groom
- Dad/ Mom/ Grandparents
- Bridesmaids/ Groomsmen
- Memorial Keepsakes
- Wedding day gifts
 
Processing time
 Our standard processing time is 3-5 days
Processing time begins after we receive all personalization details. Orders with missing information may be delayed until the required details are provided
During busy wedding season or holidays, processing times may vary slightly, but we always do our best to complete and ship orders as quickly as possible

Shipping times
Standard shipping usually takes approximately 5-9 business days after the order has been processed and shipped.
Please note that shipping times are estimated  and may vary depending on the carrier, destination, weather, holidays, or other delays outside of our control
Once your order has been shipped , tracking information will be provided when available

Rush Shipping Option
Need your order sooner? 
We offer a Rush shipping option, which usually arrives in approximately 3-5 business days after processing.
Please select the rush option shipping  at checkout or message us before ordering if you have a specific deadline
Rush Shipping Speeds up the delivery method, but please remember that each handkerchief is still custom embroidered and requires production time

Important Notes
- Colors may appear slightly different depending on your screen or monitor settings
- Placement and sizing of embroidery may vary slightly depending on the wording and font selected
- Personalized item are handmade, so slight variations may occur.

Return & Exchange Policy
Because this is personalized custom item, we do not accept  returns, exchanges or cancellation once production has started 
However customer satisfaction is very important to us. If there is an issue with your order, please contact us as soon as possible so we can help
We are not responsible for errors submitted in the personalization box, including spelling mistakes, incorrect dates, missing words, or wrong names. 
Please review your personalization carefully before placing order 
If we make an error on your order, please message us with photos of the item and packaging, and we will be happy to assist.

Lost, Delayed Or Return Packages
Once an order has been shipped, delivery is handled by the shipping carrier
We are not responsible for carrier delays, lost packages, incorrect address, or packages marked as delivered by the carrier
Please make sure your shipping address is correct before placing your order
If a package is returned to us due to an incorrect or incomplete address, the buyer is  responsible for any addition shipping cost to resend the item

Care Instructions
Machine Wash gently with cold water
Lay flat or tumbler dry low
Iron if needed
Do not bleach

Thank you so much for supporting our handmade shop. We are honored to create a meaningful keepsake for your special day.",21.3,USD,100,"wedding_gift,bridal_shower_gift,happy_tears_hankie,tear_handkerchief,wedding_hanky,personalize_hankie,for_your_happy_tears,father_of_bride,mother_of_groom,wedding_keepsake,pocket_hanky,handkerchief_for_dad,linen_gift","Cotton,Linen,Lace",https://i.etsystatic.com/66439541/r/il/d82066/8189237491/il_fullxfull.8189237491_kdw9.jpg,https://i.etsystatic.com/66439541/r/il/1c5a34/8189237481/il_fullxfull.8189237481_oy89.jpg,https://i.etsystatic.com/66439541/r/il/2f8555/8141339496/il_fullxfull.8141339496_75r0.jpg,https://i.etsystatic.com/66439541/r/il/7dde30/8189237485/il_fullxfull.8189237485_kmen.jpg,https://i.etsystatic.com/66439541/r/il/6a2d2a/8130477892/il_fullxfull.8130477892_e76p.jpg,https://i.etsystatic.com/66439541/r/il/3fbefa/8130478566/il_fullxfull.8130478566_amwj.jpg,https://i.etsystatic.com/66439541/r/il/ea6154/8130478020/il_fullxfull.8130478020_3xx8.jpg,https://i.etsystatic.com/66439541/r/il/198dc2/8130478642/il_fullxfull.8130478642_rgvk.jpg,https://i.etsystatic.com/66439541/r/il/03134d/8130478676/il_fullxfull.8130478676_lee2.jpg,,"Custom Property","Your choice","Set 1,Set 2,Set 3,Set 5,Set 7,Set 9,Set 11",,,,TUL-002
"Personalized Lily of Valley Wedding Handkerchief – Monogram, Date, Happy Tears Keepsake","Welcome to my little shop
Make your wedding day even more unforgettable with this Personalized Embroidered Handkerchief- a meaningful custom keepsake gift for the bride, groom, mother of bride, father of bride, dad, mom, grandparents, or anyone special on your big day.
This beautiful embroidered handkerchief is perfect for those emotional "" happy tears"" moments and makes a heartfelt gift that can be treasured for years to come
Each handkerchief is customized with your choice of words, font style, and embroidery thread color, making it truly personal gift for weddings, anniversaries, Valentine's Day, Mother's Day, Father's Day, memorial gifts and other special occasions
You will receive 25% off this purchase. 
- Product details:
This listing is for your Classic White Cotton Handkerchief
Details:
- 100% premium cotton
- White Classic Handkerchief
- Machine Washable
- Measure Approximately 30x30 cm when fully opened
- Crisp, clean, and classy design
- Suitable for both men and women
- Can be used every day or kept as a sentimental keepsake
- Handmade and embroidered with care.
Our Handkerchiefs are great quality and designed to be both practical and meaningful. Whether used on the wedding day or saved as a keepsake, this custom embroidered handkerchief is a thoughtful gift that will always be remembered
 How to personalize
Please enter the following information in the personalization box
1. Font Selection number
2. Exact words to be embroidered
3. Thread color
4. Optional symbol request, if applicable
Please double- check all spelling, punctuation, names, and dates before submitting your order. We will embroider the text exactly as provided

Perfect gift for 
- Bride
-Groom
- Father /Mother of bride
- Father/ Mother of groom
- Dad/ Mom/ Grandparents
- Bridesmaids/ Groomsmen
- Memorial Keepsakes
- Wedding day gifts
 
Processing time
 Our standard processing time is 3-5 days
Processing time begins after we receive all personalization details. Orders with missing information may be delayed until the required details are provided
During busy wedding season or holidays, processing times may vary slightly, but we always do our best to complete and ship orders as quickly as possible

Shipping times
Standard shipping usually takes approximately 5-9 business days after the order has been processed and shipped.
Please note that shipping times are estimated  and may vary depending on the carrier, destination, weather, holidays, or other delays outside of our control
Once your order has been shipped , tracking information will be provided when available

Rush Shipping Option
Need your order sooner? 
We offer a Rush shipping option, which usually arrives in approximately 3-5 business days after processing.
Please select the rush option shipping  at checkout or message us before ordering if you have a specific deadline
Rush Shipping Speeds up the delivery method, but please remember that each handkerchief is still custom embroidered and requires production time

Important Notes
- Colors may appear slightly different depending on your screen or monitor settings
- Placement and sizing of embroidery may vary slightly depending on the wording and font selected
- Personalized item are handmade, so slight variations may occur.

Return & Exchange Policy
Because this is personalized custom item, we do not accept  returns, exchanges or cancellation once production has started 
However customer satisfaction is very important to us. If there is an issue with your order, please contact us as soon as possible so we can help
We are not responsible for errors submitted in the personalization box, including spelling mistakes, incorrect dates, missing words, or wrong names. 
Please review your personalization carefully before placing order 
If we make an error on your order, please message us with photos of the item and packaging, and we will be happy to assist.

Lost, Delayed Or Return Packages
Once an order has been shipped, delivery is handled by the shipping carrier
We are not responsible for carrier delays, lost packages, incorrect address, or packages marked as delivered by the carrier
Please make sure your shipping address is correct before placing your order
If a package is returned to us due to an incorrect or incomplete address, the buyer is  responsible for any addition shipping cost to resend the item

Care Instructions
Machine Wash gently with cold water
Lay flat or tumbler dry low
Iron if needed
Do not bleach

Thank you so much for supporting our handmade shop. We are honored to create a meaningful keepsake for your special day.",17.64,USD,10,"wedding_flower,white_hankie,lily_of_the_valley,lace_wedding,floral_wreath,for_your_happy_tears,tears_of_joy_gift,bridal_hankerchief,mother_of_bride,custom_something_new,something_blue,mother_in_law_gift,mother_of_groom","Cotton,Lace",https://i.etsystatic.com/66439541/r/il/2dfedc/8185435701/il_fullxfull.8185435701_ctvt.jpg,https://i.etsystatic.com/66439541/r/il/47cb8e/8137540394/il_fullxfull.8137540394_nxrd.jpg,https://i.etsystatic.com/66439541/r/il/9031e1/8185424681/il_fullxfull.8185424681_ksmy.jpg,https://i.etsystatic.com/66439541/r/il/7a5830/8185424803/il_fullxfull.8185424803_k0dc.jpg,https://i.etsystatic.com/66439541/r/il/3be9b3/8185424849/il_fullxfull.8185424849_l6qm.jpg,https://i.etsystatic.com/66439541/r/il/6a2d2a/8130477892/il_fullxfull.8130477892_e76p.jpg,https://i.etsystatic.com/66439541/r/il/3fbefa/8130478566/il_fullxfull.8130478566_amwj.jpg,https://i.etsystatic.com/66439541/r/il/ea6154/8130478020/il_fullxfull.8130478020_3xx8.jpg,https://i.etsystatic.com/66439541/r/il/198dc2/8130478642/il_fullxfull.8130478642_rgvk.jpg,https://i.etsystatic.com/66439541/r/il/03134d/8130478676/il_fullxfull.8130478676_lee2.jpg,"Custom Property",Embroidery,"Yes,No,Rush Option",,,,TUL-002
"Custom Embroidered Handkerchief, Wedding Keepsake for Bride, Mother of Bride Groom","Welcome to my little shop
Make your wedding day even more unforgettable with this Personalized Embroidered Handkerchief- a meaningful custom keepsake gift for the bride, groom, mother of bride, father of bride, dad, mom, grandparents, or anyone special on your big day.
This beautiful embroidered handkerchief is perfect for those emotional "" happy tears"" moments and makes a heartfelt gift that can be treasured for years to come
Each handkerchief is customized with your choice of words, font style, and embroidery thread color, making it truly personal gift for weddings, anniversaries, Valentine's Day, Mother's Day, Father's Day, memorial gifts and other special occasions
You will receive 25% off this purchase. 
- Product details:
This listing is for your Classic White Cotton Handkerchief
Details:
- 100% premium cotton
- White Classic Handkerchief
- Machine Washable
- Measure Approximately 30x30 cm when fully opened
- Crisp, clean, and classy design
- Suitable for both men and women
- Can be used every day or kept as a sentimental keepsake
- Handmade and embroidered with care.
Our Handkerchiefs are great quality and designed to be both practical and meaningful. Whether used on the wedding day or saved as a keepsake, this custom embroidered handkerchief is a thoughtful gift that will always be remembered
 How to personalize
Please enter the following information in the personalization box
1. Font Selection number
2. Exact words to be embroidered
3. Thread color
4. Optional symbol request, if applicable
Please double- check all spelling, punctuation, names, and dates before submitting your order. We will embroider the text exactly as provided

Perfect gift for 
- Bride
-Groom
- Father /Mother of bride
- Father/ Mother of groom
- Dad/ Mom/ Grandparents
- Bridesmaids/ Groomsmen
- Memorial Keepsakes
- Wedding day gifts
 
Processing time
 Our standard processing time is 3-5 days
Processing time begins after we receive all personalization details. Orders with missing information may be delayed until the required details are provided
During busy wedding season or holidays, processing times may vary slightly, but we always do our best to complete and ship orders as quickly as possible

Shipping times
Standard shipping usually takes approximately 5-9 business days after the order has been processed and shipped.
Please note that shipping times are estimated  and may vary depending on the carrier, destination, weather, holidays, or other delays outside of our control
Once your order has been shipped , tracking information will be provided when available

Rush Shipping Option
Need your order sooner? 
We offer a Rush shipping option, which usually arrives in approximately 3-5 business days after processing.
Please select the rush option shipping  at checkout or message us before ordering if you have a specific deadline
Rush Shipping Speeds up the delivery method, but please remember that each handkerchief is still custom embroidered and requires production time

Important Notes
- Colors may appear slightly different depending on your screen or monitor settings
- Placement and sizing of embroidery may vary slightly depending on the wording and font selected
- Personalized item are handmade, so slight variations may occur.

Return & Exchange Policy
Because this is personalized custom item, we do not accept  returns, exchanges or cancellation once production has started 
However customer satisfaction is very important to us. If there is an issue with your order, please contact us as soon as possible so we can help
We are not responsible for errors submitted in the personalization box, including spelling mistakes, incorrect dates, missing words, or wrong names. 
Please review your personalization carefully before placing order 
If we make an error on your order, please message us with photos of the item and packaging, and we will be happy to assist.

Lost, Delayed Or Return Packages
Once an order has been shipped, delivery is handled by the shipping carrier
We are not responsible for carrier delays, lost packages, incorrect address, or packages marked as delivered by the carrier
Please make sure your shipping address is correct before placing your order
If a package is returned to us due to an incorrect or incomplete address, the buyer is  responsible for any addition shipping cost to resend the item

Care Instructions
Machine Wash gently with cold water
Lay flat or tumbler dry low
Iron if needed
Do not bleach

Thank you so much for supporting our handmade shop. We are honored to create a meaningful keepsake for your special day.",26.64,USD,10,"happy_tears_hanky,wedding_hanky,dad_handkerchief,mother_of_bride_gift,something_blue_gift,wedding_day_gift,custom_hanky,father_bride_gift,embroidered_hanky,bow_embroidery,personalize_hanky,gift_for_bridesmaids,groomsmen_hanky","Cotton,Lace",https://i.etsystatic.com/66439541/r/il/0185d4/8178376981/il_fullxfull.8178376981_bf3i.jpg,https://i.etsystatic.com/66439541/r/il/f2a08b/8178377145/il_fullxfull.8178377145_tdao.jpg,https://i.etsystatic.com/66439541/r/il/bbb582/8130478208/il_fullxfull.8130478208_kf4s.jpg,https://i.etsystatic.com/66439541/r/il/a89096/8178376213/il_fullxfull.8178376213_6jey.jpg,https://i.etsystatic.com/66439541/r/il/d8b701/8130477920/il_fullxfull.8130477920_ohij.jpg,https://i.etsystatic.com/66439541/r/il/6a2d2a/8130477892/il_fullxfull.8130477892_e76p.jpg,https://i.etsystatic.com/66439541/r/il/3fbefa/8130478566/il_fullxfull.8130478566_amwj.jpg,https://i.etsystatic.com/66439541/r/il/ea6154/8130478020/il_fullxfull.8130478020_3xx8.jpg,https://i.etsystatic.com/66439541/r/il/198dc2/8130478642/il_fullxfull.8130478642_rgvk.jpg,https://i.etsystatic.com/66439541/r/il/03134d/8130478676/il_fullxfull.8130478676_lee2.jpg,"Custom Property",Embroidery,"Yes,No,Rush Option",,,,TUL-001
